transaction_id,amount,transaction_type,channel,time_of_day_hour,account_age_days,daily_transaction_count,failed_login_attempts,distance_from_home_km,is_foreign_transaction,is_fraud
TXN-10000,66.7,Transfer,Mobile_App,11,208,3,0,30.7,0,0
TXN-10001,33.58,Purchase,Mobile_App,11,413,5,0,2.1,0,0
TXN-10002,42.38,Debit,POS_Terminal,8,249,3,0,13.0,0,0
TXN-10003,59.52,Cash_Out,Mobile_App,14,27,1,0,7.2,0,0
TXN-10004,449.33,Payment,POS_Terminal,13,62,2,0,11.8,0,0
TXN-10005,152.06,Payment,Mobile_App,18,75,6,0,9.5,0,0
TXN-10006,133.22,Payment,POS_Terminal,3,90,3,0,0.7,0,0
TXN-10007,46.75,Purchase,POS_Terminal,15,251,4,0,5.7,0,0
TXN-10008,33.24,Cash_Out,Mobile_App,17,211,1,0,2.0,0,0
TXN-10009,44.84,Debit,Mobile_App,17,69,2,2,10.1,0,0
TXN-10010,147.76,Payment,Mobile_App,19,21,3,0,35.7,0,0
TXN-10011,277.56,Purchase,Web_Browser,16,57,2,0,81.2,0,0
TXN-10012,23.26,Debit,Web_Browser,20,1248,5,0,43.3,0,0
TXN-10013,5.49,Payment,Web_Browser,11,190,4,0,63.7,1,0
TXN-10014,42.49,Payment,Mobile_App,13,607,1,0,0.2,0,0
TXN-10015,4677.93,Payment,Mobile_App,1,567,3,0,19.6,0,1
TXN-10016,30.86,Payment,Mobile_App,0,215,3,0,4.8,0,0
TXN-10017,7892.46,Transfer,Mobile_App,9,368,6,0,30.1,0,1
TXN-10018,17.73,Transfer,Web_Browser,7,65,4,0,25.2,0,0
TXN-10019,40.69,Payment,POS_Terminal,10,350,6,0,8.3,0,0
TXN-10020,24.81,Cash_Out,Web_Browser,8,96,4,0,9.6,0,0
TXN-10021,46.86,Payment,Mobile_App,2,536,2,0,4.6,0,0
TXN-10022,66.89,Payment,ATM,19,27,4,0,5.1,0,0
TXN-10023,108.96,Transfer,Web_Browser,0,446,5,0,59.6,0,0
TXN-10024,35.89,Transfer,ATM,16,32,3,0,33.0,0,0
TXN-10025,17.52,Debit,Web_Browser,8,640,3,0,3.2,0,0
TXN-10026,11.93,Payment,Mobile_App,19,109,6,0,4.8,0,0
TXN-10027,161.17,Transfer,Mobile_App,19,319,6,0,1.7,0,0
TXN-10028,24.17,Cash_Out,Web_Browser,15,201,2,0,67.5,0,0
TXN-10029,91.44,Payment,Mobile_App,15,137,3,0,35.7,0,0
TXN-10030,5532.65,Cash_Out,Mobile_App,0,312,4,1,12.0,0,1
TXN-10031,262.42,Payment,Web_Browser,22,885,6,0,939.8,0,0
TXN-10032,883.35,Payment,Web_Browser,19,13,4,0,20.7,0,0
TXN-10033,75.9,Purchase,Web_Browser,19,754,6,0,3.4,0,0
TXN-10034,40.88,Purchase,Mobile_App,15,282,3,0,40.9,0,0
TXN-10035,230.16,Debit,Mobile_App,11,495,3,0,11.2,0,0
TXN-10036,33.25,Payment,Web_Browser,19,146,1,0,1.5,0,0
TXN-10037,57.42,Payment,ATM,10,192,3,0,7.6,0,0
TXN-10038,2985.77,Cash_Out,Web_Browser,14,610,1,0,13.8,1,1
TXN-10039,50.55,Transfer,ATM,7,161,2,0,6.5,0,0
TXN-10040,173.57,Payment,POS_Terminal,20,230,4,0,18.0,0,0
TXN-10041,34.46,Transfer,Web_Browser,7,7,6,0,32.1,0,0
TXN-10042,35.02,Payment,Mobile_App,9,52,3,3,22.2,0,0
TXN-10043,35.29,Purchase,Web_Browser,14,308,1,0,15.4,0,0
TXN-10044,388.7,Payment,Web_Browser,17,379,3,0,10.8,0,0
TXN-10045,68.54,Cash_Out,Web_Browser,15,263,3,2,1439.0,0,0
TXN-10046,56.76,Payment,Mobile_App,9,47,2,0,9.1,0,0
TXN-10047,36.42,Transfer,Web_Browser,0,177,6,0,5.2,0,0
TXN-10048,152.66,Transfer,Mobile_App,17,132,6,0,40.8,0,0
TXN-10049,24.39,Payment,Web_Browser,22,206,1,0,35.7,0,0
TXN-10050,192.05,Purchase,Mobile_App,18,613,2,0,2.5,0,0
TXN-10051,48.56,Debit,POS_Terminal,12,449,3,0,25.9,0,0
TXN-10052,176.16,Purchase,Mobile_App,19,27,2,0,18.2,0,0
TXN-10053,37.75,Purchase,Mobile_App,12,664,6,0,55.5,0,0
TXN-10054,123.75,Cash_Out,Mobile_App,13,192,2,0,9.3,0,0
TXN-10055,93.66,Purchase,Web_Browser,13,409,2,0,19.2,0,0
TXN-10056,51.43,Payment,Mobile_App,12,46,1,0,2442.5,0,0
TXN-10057,214.61,Payment,Mobile_App,17,334,5,0,1.1,0,0
TXN-10058,199.52,Payment,Web_Browser,13,81,2,0,0.7,0,0
TXN-10059,28.65,Payment,Mobile_App,10,174,3,0,2.0,0,0
TXN-10060,6287.99,Transfer,ATM,10,6,3,0,5.3,0,1
TXN-10061,4358.48,Payment,ATM,3,50,5,1,4.5,0,1
TXN-10062,40.54,Debit,Web_Browser,14,29,2,0,19.5,0,0
TXN-10063,154.38,Transfer,Mobile_App,9,83,1,2,18.9,0,0
TXN-10064,78.15,Payment,Web_Browser,8,32,3,0,53.3,0,0
TXN-10065,22.21,Transfer,Mobile_App,15,354,6,0,5.6,0,0
TXN-10066,23.27,Payment,Mobile_App,16,9,6,1,41.8,0,0
TXN-10067,61.11,Debit,Mobile_App,17,289,1,1,14.2,0,0
TXN-10068,129.83,Payment,ATM,13,46,6,0,10.3,0,0
TXN-10069,261.09,Purchase,Mobile_App,19,872,2,0,16.5,0,0
TXN-10070,64.83,Debit,Web_Browser,20,812,4,0,18.2,0,0
TXN-10071,48.22,Payment,Web_Browser,17,77,6,1,2.8,0,0
TXN-10072,43.65,Payment,Mobile_App,15,286,4,0,303.7,0,0
TXN-10073,26.35,Debit,Mobile_App,10,9,5,1,19.4,0,0
TXN-10074,50.51,Debit,ATM,22,806,2,0,90.1,0,0
TXN-10075,33.55,Debit,Web_Browser,10,223,8,0,36.4,0,0
TXN-10076,6296.35,Debit,Web_Browser,9,14,2,0,17.3,0,1
TXN-10077,4943.21,Payment,Mobile_App,12,126,3,1,1415.9,0,1
TXN-10078,5532.32,Transfer,Mobile_App,5,24,6,1,43.8,0,1
TXN-10079,8.03,Payment,Mobile_App,21,150,3,0,51.2,0,0
TXN-10080,21.09,Purchase,Mobile_App,14,333,1,0,26.3,0,0
TXN-10081,120.49,Cash_Out,Mobile_App,14,191,4,0,21.9,0,0
TXN-10082,77.49,Payment,POS_Terminal,15,146,4,0,1.8,0,0
TXN-10083,139.87,Payment,Mobile_App,13,39,7,0,26.6,0,0
TXN-10084,10.48,Payment,Mobile_App,3,85,3,0,4.4,0,0
TXN-10085,91.13,Payment,Web_Browser,15,32,2,1,957.3,0,0
TXN-10086,12.96,Debit,POS_Terminal,16,495,4,0,7.8,0,0
TXN-10087,18.52,Cash_Out,Mobile_App,12,44,4,0,6.4,0,0
TXN-10088,14.92,Purchase,Web_Browser,17,272,4,0,5.6,0,0
TXN-10089,17.65,Transfer,Mobile_App,9,126,4,0,29.0,0,0
TXN-10090,766.72,Payment,Mobile_App,9,77,3,3,22.0,0,1
TXN-10091,92.83,Debit,Mobile_App,8,307,6,1,11.1,0,0
TXN-10092,8.6,Debit,POS_Terminal,11,184,2,0,16.4,0,0
TXN-10093,11.34,Cash_Out,Mobile_App,18,154,4,0,62.5,0,0
TXN-10094,59.19,Debit,Mobile_App,18,270,5,0,7.6,0,0
TXN-10095,64.6,Transfer,Mobile_App,11,203,2,0,12.0,0,0
TXN-10096,28.9,Transfer,POS_Terminal,14,109,5,0,11.4,0,0
TXN-10097,295.62,Transfer,Mobile_App,16,246,1,0,41.2,0,0
TXN-10098,22.42,Payment,Mobile_App,9,333,4,1,6.5,0,0
TXN-10099,138.27,Payment,Mobile_App,8,9,4,0,64.3,0,0
TXN-10100,8062.49,Payment,Mobile_App,21,189,5,3,5.5,0,1
TXN-10101,603.8,Cash_Out,Web_Browser,15,18,5,0,1.7,0,0
TXN-10102,630.16,Payment,Web_Browser,22,62,3,1,3.2,0,0
TXN-10103,6193.37,Transfer,Mobile_App,11,247,4,0,8.3,1,1
TXN-10104,56.61,Purchase,Mobile_App,16,604,2,0,15.7,0,0
TXN-10105,78.05,Payment,Mobile_App,9,644,4,0,10.9,0,0
TXN-10106,100.95,Transfer,Mobile_App,10,22,5,1,7.1,0,0
TXN-10107,8.5,Debit,Mobile_App,13,163,3,0,12.4,0,0
TXN-10108,12.2,Payment,POS_Terminal,10,263,3,0,27.4,0,0
TXN-10109,144.72,Payment,ATM,8,48,4,1,27.4,0,0
TXN-10110,214.13,Payment,ATM,10,436,2,0,442.3,0,0
TXN-10111,241.61,Payment,POS_Terminal,3,410,3,0,45.7,0,1
TXN-10112,44.13,Purchase,Web_Browser,16,701,2,0,1199.7,0,0
TXN-10113,75.75,Debit,Web_Browser,13,3,5,0,0.1,0,0
TXN-10114,34.53,Cash_Out,Mobile_App,6,74,6,0,5.2,0,0
TXN-10115,343.51,Purchase,Web_Browser,8,527,3,0,6.0,0,0
TXN-10116,37.02,Debit,Mobile_App,7,334,5,0,11.9,0,0
TXN-10117,24.98,Payment,Mobile_App,15,675,6,0,35.3,0,0
TXN-10118,46.54,Purchase,POS_Terminal,6,18,6,0,27.3,0,0
TXN-10119,36.92,Transfer,Mobile_App,17,273,1,0,4.0,0,0
TXN-10120,50.81,Debit,Mobile_App,2,253,1,1,11.0,0,0
TXN-10121,134.59,Purchase,ATM,9,11,6,0,16.1,0,0
TXN-10122,62.0,Payment,Mobile_App,19,217,3,3,65.7,1,1
TXN-10123,30.21,Payment,Mobile_App,16,283,1,0,0.5,0,0
TXN-10124,28.4,Payment,ATM,6,64,2,0,9.4,0,0
TXN-10125,31.94,Transfer,Web_Browser,18,96,3,0,1674.7,0,0
TXN-10126,7.81,Debit,Web_Browser,13,307,2,0,56.7,0,0
TXN-10127,134.82,Purchase,Mobile_App,18,190,2,0,6.0,0,0
TXN-10128,101.2,Payment,Mobile_App,14,586,8,0,0.0,0,0
TXN-10129,259.29,Transfer,POS_Terminal,16,126,4,1,13.3,0,0
TXN-10130,79.89,Transfer,Web_Browser,23,94,2,0,30.3,0,0
TXN-10131,12.1,Payment,Web_Browser,9,1258,1,0,5.9,0,0
TXN-10132,63.56,Payment,Mobile_App,15,727,3,1,40.8,0,0
TXN-10133,65.65,Payment,Mobile_App,12,9,3,0,6.1,0,0
TXN-10134,114.64,Purchase,ATM,4,442,2,0,14.1,0,0
TXN-10135,329.6,Payment,Mobile_App,1,36,2,0,19.2,1,0
TXN-10136,15.88,Transfer,Web_Browser,7,9,5,0,6.4,0,0
TXN-10137,96.24,Debit,Mobile_App,15,96,3,0,6.5,0,0
TXN-10138,46.14,Transfer,Web_Browser,14,95,5,0,9.5,1,0
TXN-10139,712.4,Purchase,ATM,14,514,5,0,27.0,0,0
TXN-10140,131.89,Purchase,Web_Browser,3,373,1,0,1.6,1,0
TXN-10141,41.98,Payment,Mobile_App,13,1199,5,0,15.0,0,0
TXN-10142,212.58,Transfer,Web_Browser,20,373,3,0,17.0,1,0
TXN-10143,5142.39,Payment,POS_Terminal,12,163,2,0,1414.8,0,1
TXN-10144,107.8,Payment,Mobile_App,15,361,5,1,41.2,0,0
TXN-10145,37.11,Payment,POS_Terminal,17,1500,2,0,13.8,0,0
TXN-10146,58.83,Cash_Out,Web_Browser,17,372,4,0,15.1,0,0
TXN-10147,195.1,Transfer,POS_Terminal,13,431,3,0,13.7,0,0
TXN-10148,37.83,Payment,Web_Browser,18,836,6,0,19.2,0,0
TXN-10149,5.0,Payment,Mobile_App,12,37,3,0,2.2,0,0
TXN-10150,25.64,Purchase,Mobile_App,19,367,6,0,33.7,0,1
TXN-10151,240.6,Payment,Mobile_App,9,571,3,0,0.7,0,0
TXN-10152,266.45,Payment,ATM,10,927,2,2,15.4,0,1
TXN-10153,26.68,Transfer,POS_Terminal,5,72,2,0,14.3,0,0
TXN-10154,11.09,Purchase,Web_Browser,17,211,3,0,3.5,0,0
TXN-10155,34.21,Payment,Mobile_App,12,343,2,0,0.6,0,0
TXN-10156,4067.24,Cash_Out,Mobile_App,9,86,4,0,2.2,0,1
TXN-10157,43.85,Debit,POS_Terminal,9,276,5,2,4.8,0,0
TXN-10158,7.46,Payment,Mobile_App,19,90,4,0,32.1,0,0
TXN-10159,96.28,Debit,Mobile_App,18,122,2,0,29.0,1,0
TXN-10160,4003.99,Transfer,Web_Browser,14,175,2,0,1.0,1,1
TXN-10161,265.84,Cash_Out,Mobile_App,15,226,1,3,5.1,0,1
TXN-10162,6.95,Cash_Out,Mobile_App,13,180,6,0,33.0,0,0
TXN-10163,171.56,Transfer,Mobile_App,12,204,3,0,267.1,0,1
TXN-10164,4232.29,Payment,Mobile_App,20,107,2,0,1532.0,0,1
TXN-10165,28.21,Debit,ATM,7,52,7,0,4.5,0,0
TXN-10166,10.51,Payment,Mobile_App,12,15,3,0,20.2,0,0
TXN-10167,8.54,Payment,Mobile_App,11,66,4,0,8.1,0,0
TXN-10168,25.33,Payment,Mobile_App,13,262,5,0,733.6,0,0
TXN-10169,6940.58,Cash_Out,POS_Terminal,12,463,3,2,4.4,0,1
TXN-10170,49.09,Cash_Out,Mobile_App,13,56,2,0,16.9,0,0
TXN-10171,240.02,Payment,Web_Browser,7,35,8,0,6.2,0,0
TXN-10172,50.89,Transfer,Mobile_App,13,416,2,0,13.9,0,0
TXN-10173,7961.06,Payment,Mobile_App,9,110,3,2,3.5,0,1
TXN-10174,19.72,Cash_Out,Mobile_App,8,908,5,0,8.9,0,0
TXN-10175,76.33,Payment,POS_Terminal,5,376,2,0,10.8,0,0
TXN-10176,5950.8,Cash_Out,POS_Terminal,17,119,6,2,8.0,0,1
TXN-10177,48.6,Transfer,Mobile_App,12,103,3,1,3.3,0,0
TXN-10178,173.03,Purchase,Web_Browser,15,223,9,0,9.3,1,0
TXN-10179,104.55,Payment,ATM,16,25,5,1,985.4,0,0
TXN-10180,31.54,Payment,Mobile_App,16,38,3,0,50.2,0,0
TXN-10181,20.46,Payment,POS_Terminal,13,59,2,0,23.4,0,0
TXN-10182,391.25,Purchase,Mobile_App,11,448,2,0,2.6,0,0
TXN-10183,27.1,Purchase,ATM,11,217,2,0,4.8,0,0
TXN-10184,596.66,Payment,POS_Terminal,15,4,5,0,1.2,0,0
TXN-10185,275.69,Cash_Out,ATM,13,336,3,0,2.2,0,0
TXN-10186,49.92,Debit,Web_Browser,18,166,3,0,4.3,0,0
TXN-10187,16.12,Cash_Out,Mobile_App,19,215,4,1,3.3,1,0
TXN-10188,56.74,Transfer,ATM,8,73,6,1,3.6,0,0
TXN-10189,203.79,Payment,Mobile_App,7,241,1,0,3.9,0,1
TXN-10190,37.34,Payment,Mobile_App,15,1162,3,1,5.4,0,0
TXN-10191,14.62,Purchase,Web_Browser,10,23,3,0,2.0,0,0
TXN-10192,31.22,Purchase,POS_Terminal,1,101,2,0,4.9,0,0
TXN-10193,80.66,Cash_Out,ATM,19,84,1,0,17.5,0,0
TXN-10194,87.46,Payment,Mobile_App,9,86,3,2,4.0,0,0
TXN-10195,59.23,Payment,POS_Terminal,20,143,3,0,2.8,0,0
TXN-10196,34.26,Debit,Web_Browser,16,512,4,2,1.1,1,0
TXN-10197,48.31,Purchase,Mobile_App,17,733,6,0,10.4,0,0
TXN-10198,34.46,Purchase,Mobile_App,9,68,6,0,27.7,0,0
TXN-10199,62.51,Debit,Mobile_App,9,235,7,0,0.9,0,0
TXN-10200,71.0,Cash_Out,Mobile_App,13,304,4,0,11.7,0,0
TXN-10201,42.79,Payment,ATM,8,222,2,0,15.8,0,0
TXN-10202,23.51,Payment,Web_Browser,10,171,2,0,13.5,0,0
TXN-10203,190.76,Purchase,Web_Browser,10,64,5,0,31.5,1,0
TXN-10204,73.55,Cash_Out,ATM,8,201,3,0,30.2,0,0
TXN-10205,111.78,Payment,Mobile_App,9,154,5,0,0.9,0,0
TXN-10206,26.0,Payment,POS_Terminal,17,477,5,0,6.7,0,0
TXN-10207,49.91,Cash_Out,Mobile_App,8,433,3,1,16.7,0,0
TXN-10208,25.46,Payment,POS_Terminal,2,44,2,0,45.7,0,0
TXN-10209,224.61,Payment,Mobile_App,15,28,7,0,24.5,0,0
TXN-10210,18.49,Transfer,ATM,21,717,2,0,2.9,0,0
TXN-10211,19.92,Cash_Out,Mobile_App,11,231,4,0,4.9,0,0
TXN-10212,58.44,Cash_Out,Mobile_App,7,586,3,0,21.6,0,0
TXN-10213,16.99,Payment,POS_Terminal,14,18,6,0,9.6,0,0
TXN-10214,224.18,Debit,Mobile_App,19,225,4,0,11.9,0,0
TXN-10215,13.33,Payment,Web_Browser,17,233,4,0,14.1,0,0
TXN-10216,43.05,Payment,Mobile_App,15,592,2,0,1.6,0,0
TXN-10217,35.98,Debit,Web_Browser,10,31,2,0,29.1,0,0
TXN-10218,73.75,Cash_Out,Mobile_App,13,83,8,0,29.8,0,0
TXN-10219,24.48,Debit,Mobile_App,6,157,4,0,9.5,0,0
TXN-10220,70.64,Cash_Out,Mobile_App,16,603,4,2,14.8,0,0
TXN-10221,23.08,Cash_Out,Mobile_App,16,839,1,0,16.2,1,0
TXN-10222,19.9,Payment,Mobile_App,21,1477,6,1,3.2,0,0
TXN-10223,2940.67,Transfer,Mobile_App,10,960,4,0,1.8,0,1
TXN-10224,49.18,Payment,Mobile_App,1,2,2,0,0.3,0,1
TXN-10225,41.24,Payment,Mobile_App,14,15,3,0,36.6,1,0
TXN-10226,37.05,Purchase,Web_Browser,16,48,6,3,6.4,0,0
TXN-10227,213.69,Transfer,POS_Terminal,17,129,1,0,1.3,0,0
TXN-10228,73.83,Purchase,Mobile_App,8,532,2,0,9.4,0,0
TXN-10229,8107.06,Cash_Out,Web_Browser,10,670,4,0,1.2,1,1
TXN-10230,159.8,Debit,Web_Browser,13,63,3,0,918.1,0,0
TXN-10231,14.01,Transfer,Mobile_App,11,291,5,0,10.1,1,0
TXN-10232,436.48,Cash_Out,Web_Browser,18,748,5,1,10.7,0,0
TXN-10233,10.18,Transfer,Mobile_App,13,187,4,0,13.0,0,0
TXN-10234,187.06,Payment,Web_Browser,17,33,4,0,16.0,0,0
TXN-10235,10.18,Debit,Mobile_App,14,184,1,0,16.6,0,0
TXN-10236,51.19,Payment,Web_Browser,17,142,7,4,8.5,0,1
TXN-10237,29.42,Payment,Web_Browser,11,259,3,0,15.5,0,0
TXN-10238,251.46,Cash_Out,Mobile_App,18,174,2,1,5.5,0,0
TXN-10239,118.04,Payment,Mobile_App,10,6,5,0,8.7,1,0
TXN-10240,40.97,Purchase,ATM,14,1500,4,0,7.5,0,0
TXN-10241,92.91,Purchase,Mobile_App,9,236,3,0,6.0,0,0
TXN-10242,72.37,Purchase,Web_Browser,13,193,2,1,4.1,0,0
TXN-10243,110.14,Transfer,ATM,10,928,6,0,1.2,0,0
TXN-10244,44.85,Payment,Web_Browser,10,51,2,0,10.6,0,0
TXN-10245,27.27,Purchase,Web_Browser,21,63,5,0,11.6,0,0
TXN-10246,6.23,Transfer,POS_Terminal,8,496,4,0,6.1,0,0
TXN-10247,38.69,Purchase,POS_Terminal,17,91,2,0,55.8,0,0
TXN-10248,62.45,Purchase,Mobile_App,22,482,4,0,12.2,0,0
TXN-10249,20.07,Purchase,Mobile_App,2,96,5,0,33.0,0,0
TXN-10250,50.62,Payment,Mobile_App,16,11,3,0,12.7,0,0
TXN-10251,166.35,Transfer,ATM,9,219,4,0,3.2,0,0
TXN-10252,6884.59,Purchase,Web_Browser,4,66,7,0,55.1,0,1
TXN-10253,26.09,Payment,Mobile_App,12,426,2,0,32.5,0,0
TXN-10254,137.44,Payment,POS_Terminal,20,308,3,0,9.6,0,0
TXN-10255,67.98,Cash_Out,Mobile_App,1,772,6,0,4.2,0,0
TXN-10256,66.05,Purchase,Mobile_App,14,459,4,0,3.8,0,0
TXN-10257,35.56,Cash_Out,Web_Browser,13,60,4,0,24.6,0,0
TXN-10258,15.49,Cash_Out,Mobile_App,19,484,1,0,1.1,0,0
TXN-10259,69.64,Payment,POS_Terminal,6,308,4,1,15.2,0,0
TXN-10260,78.86,Cash_Out,Mobile_App,16,332,2,0,15.3,0,0
TXN-10261,26.66,Purchase,POS_Terminal,16,536,2,0,3.0,0,0
TXN-10262,63.81,Payment,Web_Browser,15,256,2,0,18.3,0,0
TXN-10263,3610.23,Transfer,Mobile_App,20,189,7,2,18.3,0,1
TXN-10264,19.76,Purchase,ATM,18,304,3,0,6.5,0,0
TXN-10265,83.28,Debit,Web_Browser,4,107,6,1,9.9,0,0
TXN-10266,49.4,Cash_Out,Mobile_App,13,61,5,0,26.8,0,0
TXN-10267,142.58,Debit,Mobile_App,12,288,4,0,11.1,0,0
TXN-10268,160.33,Transfer,POS_Terminal,10,80,5,0,14.4,0,0
TXN-10269,58.07,Payment,Mobile_App,12,25,5,0,8.0,0,0
TXN-10270,54.46,Debit,Mobile_App,11,1,3,0,2.4,0,0
TXN-10271,43.65,Debit,Mobile_App,12,282,3,0,93.7,0,0
TXN-10272,18.95,Purchase,Mobile_App,21,135,4,1,11.4,0,0
TXN-10273,80.95,Purchase,POS_Terminal,6,419,2,0,6.2,0,0
TXN-10274,58.04,Transfer,Mobile_App,20,142,6,0,18.8,0,0
TXN-10275,7519.05,Transfer,Mobile_App,13,200,2,0,14.5,0,1
TXN-10276,7.64,Debit,Mobile_App,15,157,2,0,4.0,0,0
TXN-10277,94.69,Cash_Out,Mobile_App,18,316,4,0,31.4,0,0
TXN-10278,38.24,Debit,ATM,11,133,4,0,1.1,0,0
TXN-10279,108.23,Debit,Mobile_App,12,996,4,0,14.0,0,0
TXN-10280,13.96,Purchase,ATM,12,826,1,0,9.7,0,0
TXN-10281,58.66,Payment,Mobile_App,11,566,3,0,5.7,0,0
TXN-10282,52.89,Transfer,Mobile_App,20,759,2,0,26.3,0,0
TXN-10283,44.27,Payment,POS_Terminal,18,179,2,0,16.0,1,0
TXN-10284,265.19,Cash_Out,Mobile_App,7,231,3,0,21.4,0,0
TXN-10285,64.13,Payment,Web_Browser,7,407,5,0,8.0,0,0
TXN-10286,9.67,Transfer,ATM,12,358,5,0,2174.6,0,0
TXN-10287,36.57,Transfer,Mobile_App,7,665,4,0,6.3,0,0
TXN-10288,6201.74,Payment,Mobile_App,15,378,1,0,11.4,0,1
TXN-10289,224.83,Cash_Out,Web_Browser,8,1500,2,0,40.7,0,0
TXN-10290,69.85,Payment,Mobile_App,13,129,3,1,1.3,1,0
TXN-10291,46.53,Payment,Mobile_App,0,537,7,1,1.7,0,0
TXN-10292,13.32,Debit,Mobile_App,10,359,4,1,77.2,0,0
TXN-10293,64.9,Transfer,Mobile_App,16,353,3,0,53.3,0,0
TXN-10294,155.86,Payment,POS_Terminal,13,119,5,0,22.2,0,0
TXN-10295,98.65,Transfer,Mobile_App,21,462,4,0,9.9,0,0
TXN-10296,94.84,Debit,Mobile_App,19,692,3,0,10.6,0,0
TXN-10297,229.11,Payment,Web_Browser,11,74,4,0,4.5,0,0
TXN-10298,251.74,Cash_Out,Mobile_App,4,295,2,0,8.5,0,1
TXN-10299,60.83,Payment,Mobile_App,18,150,2,2,8.5,0,0
TXN-10300,98.35,Payment,POS_Terminal,19,1369,1,0,0.6,0,0
TXN-10301,302.97,Transfer,Mobile_App,18,196,2,0,9.1,0,0
TXN-10302,20.0,Transfer,POS_Terminal,7,78,3,0,9.8,0,0
TXN-10303,88.06,Cash_Out,POS_Terminal,23,145,6,0,309.4,0,0
TXN-10304,19.65,Debit,Mobile_App,10,319,1,0,10.9,0,0
TXN-10305,37.57,Purchase,Web_Browser,16,24,6,0,29.7,0,0
TXN-10306,208.11,Transfer,Mobile_App,19,278,4,2,6.9,0,0
TXN-10307,23.48,Payment,Mobile_App,9,804,2,0,7.9,0,0
TXN-10308,162.46,Debit,POS_Terminal,19,570,4,0,12.7,0,0
TXN-10309,29.75,Payment,POS_Terminal,10,22,3,2,1000.4,0,0
TXN-10310,163.92,Transfer,Mobile_App,21,1500,3,0,7.5,1,0
TXN-10311,235.88,Payment,Web_Browser,10,360,3,0,17.4,0,0
TXN-10312,22.06,Payment,ATM,21,54,1,0,8.0,0,0
TXN-10313,103.33,Purchase,ATM,5,4,2,0,35.6,0,0
TXN-10314,165.59,Debit,Web_Browser,16,57,1,0,14.3,0,0
TXN-10315,35.42,Cash_Out,Mobile_App,13,547,2,0,2.5,1,0
TXN-10316,7251.43,Transfer,Mobile_App,13,7,4,0,10.0,0,1
TXN-10317,16.52,Payment,ATM,9,80,4,0,21.7,0,0
TXN-10318,488.56,Payment,Mobile_App,16,425,4,0,15.5,0,0
TXN-10319,25.92,Payment,Web_Browser,8,265,3,0,32.5,0,0
TXN-10320,40.91,Transfer,Mobile_App,14,458,4,0,20.8,0,0
TXN-10321,47.8,Debit,Mobile_App,9,412,4,0,1.0,0,0
TXN-10322,59.25,Cash_Out,Mobile_App,21,16,2,0,1.8,0,0
TXN-10323,85.45,Payment,ATM,3,670,2,0,15.7,0,0
TXN-10324,84.07,Purchase,Mobile_App,8,78,6,0,4.1,0,0
TXN-10325,17.99,Debit,Web_Browser,9,242,5,0,13.3,0,0
TXN-10326,15.66,Cash_Out,Mobile_App,12,311,5,0,23.6,1,0
TXN-10327,298.37,Cash_Out,Mobile_App,9,56,1,0,12.9,0,0
TXN-10328,173.78,Transfer,Mobile_App,13,1122,1,0,8.1,0,0
TXN-10329,14.84,Payment,Web_Browser,19,201,3,0,1108.1,0,0
TXN-10330,81.13,Transfer,Mobile_App,16,18,3,0,2.3,0,0
TXN-10331,123.05,Debit,Mobile_App,14,831,5,1,19.3,0,0
TXN-10332,429.83,Payment,Mobile_App,6,265,4,0,17.9,0,0
TXN-10333,33.96,Payment,Mobile_App,16,361,4,0,10.8,0,0
TXN-10334,151.65,Payment,ATM,8,224,2,1,1623.3,0,0
TXN-10335,112.92,Payment,ATM,17,541,3,0,2014.6,0,0
TXN-10336,27.43,Purchase,Mobile_App,9,11,2,0,10.7,0,0
TXN-10337,38.69,Debit,Web_Browser,12,94,4,0,0.9,0,0
TXN-10338,25.76,Transfer,ATM,11,191,4,3,37.6,0,0
TXN-10339,78.31,Payment,Mobile_App,18,24,4,1,21.9,0,0
TXN-10340,11.64,Transfer,POS_Terminal,7,368,1,0,13.2,0,1
TXN-10341,43.9,Transfer,ATM,14,151,4,0,8.6,0,0
TXN-10342,38.19,Payment,Mobile_App,7,96,2,0,48.2,0,0
TXN-10343,7.07,Transfer,Mobile_App,16,2,3,0,1873.6,0,0
TXN-10344,74.33,Transfer,ATM,19,382,6,0,11.5,0,0
TXN-10345,107.49,Cash_Out,Web_Browser,12,539,8,0,15.9,0,0
TXN-10346,12.82,Cash_Out,Mobile_App,13,151,4,0,4.9,0,0
TXN-10347,54.74,Payment,Mobile_App,20,250,2,1,3.3,0,0
TXN-10348,6106.66,Transfer,Mobile_App,13,78,2,0,4.8,0,1
TXN-10349,61.69,Cash_Out,Web_Browser,13,293,5,0,5.2,0,0
TXN-10350,175.77,Transfer,Web_Browser,14,4,1,0,20.2,0,0
TXN-10351,32.86,Purchase,ATM,16,202,4,0,2.3,0,0
TXN-10352,5231.54,Cash_Out,Mobile_App,7,311,1,1,1931.0,0,1
TXN-10353,452.01,Payment,Web_Browser,18,752,5,0,11.1,1,0
TXN-10354,25.92,Payment,Web_Browser,12,145,2,0,7.3,0,0
TXN-10355,21.42,Cash_Out,Mobile_App,6,435,2,2,5.4,0,0
TXN-10356,54.31,Payment,Mobile_App,17,274,2,0,10.8,0,0
TXN-10357,611.88,Cash_Out,ATM,11,786,2,0,5.7,0,0
TXN-10358,70.34,Purchase,POS_Terminal,7,153,3,0,8.4,0,0
TXN-10359,28.28,Cash_Out,Mobile_App,15,116,3,0,20.1,1,0
TXN-10360,99.07,Transfer,Web_Browser,19,655,5,0,14.8,0,1
TXN-10361,115.01,Cash_Out,Mobile_App,19,16,5,0,642.5,0,1
TXN-10362,100.15,Transfer,Web_Browser,21,44,4,0,18.7,0,0
TXN-10363,119.43,Transfer,Web_Browser,19,26,3,1,25.3,0,0
TXN-10364,139.21,Purchase,Web_Browser,0,556,2,1,3.4,0,0
TXN-10365,3621.65,Transfer,ATM,11,4,6,0,79.8,1,1
TXN-10366,48.01,Purchase,Web_Browser,18,594,2,0,9.7,0,0
TXN-10367,126.6,Purchase,Mobile_App,11,181,3,1,19.0,0,0
TXN-10368,5.0,Payment,POS_Terminal,14,2,2,0,17.0,0,0
TXN-10369,5.0,Payment,Mobile_App,14,155,3,0,12.5,0,0
TXN-10370,30.04,Payment,Mobile_App,11,63,3,0,82.1,1,0
TXN-10371,38.74,Payment,Mobile_App,19,294,5,0,3.7,0,0
TXN-10372,109.32,Payment,Mobile_App,13,342,3,0,8.2,0,0
TXN-10373,6826.54,Cash_Out,POS_Terminal,12,201,9,0,2.0,0,1
TXN-10374,176.27,Payment,Mobile_App,23,13,3,0,3.0,0,0
TXN-10375,63.06,Payment,POS_Terminal,13,321,2,0,18.7,0,0
TXN-10376,25.03,Debit,Web_Browser,8,554,7,1,0.1,0,0
TXN-10377,193.13,Payment,Mobile_App,13,383,4,0,33.1,1,0
TXN-10378,72.05,Debit,POS_Terminal,18,532,5,0,15.0,0,0
TXN-10379,14.9,Payment,Mobile_App,17,68,1,0,8.7,0,0
TXN-10380,117.3,Payment,Mobile_App,17,660,3,0,6.0,0,0
TXN-10381,117.19,Cash_Out,Web_Browser,16,117,4,0,2.0,0,0
TXN-10382,15.23,Cash_Out,Mobile_App,9,5,5,0,38.2,0,0
TXN-10383,60.78,Purchase,Mobile_App,18,557,4,0,2297.0,0,0
TXN-10384,99.96,Debit,Web_Browser,19,854,3,0,6.2,0,0
TXN-10385,10.33,Debit,Web_Browser,8,320,1,0,1.1,0,0
TXN-10386,156.88,Payment,Mobile_App,7,79,4,0,5.9,0,0
TXN-10387,27.43,Payment,ATM,21,88,3,0,3.1,0,0
TXN-10388,22.98,Debit,Web_Browser,19,189,5,0,23.1,0,0
TXN-10389,41.1,Debit,POS_Terminal,19,685,2,2,19.1,0,0
TXN-10390,109.86,Purchase,Mobile_App,19,49,1,0,10.3,0,0
TXN-10391,147.99,Transfer,Web_Browser,13,525,3,0,32.6,0,0
TXN-10392,288.62,Transfer,POS_Terminal,15,104,4,0,3.0,0,0
TXN-10393,22.35,Debit,Web_Browser,14,496,2,0,9.0,1,1
TXN-10394,1845.62,Payment,Web_Browser,5,759,5,0,18.6,0,1
TXN-10395,107.98,Purchase,Mobile_App,17,168,4,0,1.1,0,0
TXN-10396,88.66,Purchase,Mobile_App,13,137,5,0,7.0,0,0
TXN-10397,20.5,Transfer,Mobile_App,15,487,1,1,12.7,0,0
TXN-10398,70.57,Debit,Mobile_App,13,227,5,0,6.9,0,0
TXN-10399,75.3,Debit,POS_Terminal,13,347,7,0,9.8,0,0
TXN-10400,29.13,Payment,Mobile_App,8,293,5,0,1152.5,0,0
TXN-10401,88.53,Purchase,ATM,10,50,2,0,6.9,0,0
TXN-10402,67.26,Transfer,ATM,8,559,3,0,1.7,0,1
TXN-10403,14.12,Debit,Mobile_App,8,66,3,1,225.6,0,0
TXN-10404,102.86,Payment,Mobile_App,21,808,3,0,11.2,0,0
TXN-10405,1868.54,Purchase,POS_Terminal,8,87,2,3,2.9,0,1
TXN-10406,8.24,Transfer,ATM,10,398,6,0,33.1,0,0
TXN-10407,40.45,Payment,Mobile_App,14,101,3,0,27.0,0,0
TXN-10408,61.78,Purchase,Mobile_App,15,115,3,0,6.4,0,0
TXN-10409,26.6,Payment,Web_Browser,8,112,2,0,26.7,0,0
TXN-10410,74.62,Payment,Web_Browser,17,414,4,0,11.4,0,0
TXN-10411,40.95,Purchase,Mobile_App,17,245,2,0,2.6,0,0
TXN-10412,152.23,Purchase,Web_Browser,9,644,5,0,1736.6,1,0
TXN-10413,71.6,Cash_Out,Mobile_App,10,111,3,0,17.1,0,0
TXN-10414,366.44,Cash_Out,Mobile_App,20,354,3,0,1.3,0,1
TXN-10415,7605.62,Transfer,Mobile_App,18,420,6,0,5.7,0,1
TXN-10416,75.18,Payment,Mobile_App,16,50,2,0,0.1,0,0
TXN-10417,55.52,Payment,Mobile_App,6,154,4,0,5.7,0,0
TXN-10418,83.15,Cash_Out,Mobile_App,12,198,1,0,6.1,1,0
TXN-10419,202.07,Debit,Mobile_App,14,132,5,0,14.9,0,0
TXN-10420,13.03,Debit,Mobile_App,8,117,2,0,3.3,0,0
TXN-10421,100.28,Debit,Mobile_App,12,348,3,1,0.5,0,0
TXN-10422,76.48,Payment,ATM,14,73,2,1,5.7,0,0
TXN-10423,6278.1,Transfer,Mobile_App,11,371,4,0,26.2,0,1
TXN-10424,179.24,Payment,Mobile_App,17,821,2,0,7.6,0,0
TXN-10425,58.01,Transfer,Web_Browser,18,250,7,0,1589.2,0,0
TXN-10426,25.98,Transfer,ATM,10,284,4,1,9.5,0,1
TXN-10427,83.82,Purchase,Mobile_App,18,22,3,0,489.7,0,0
TXN-10428,5650.82,Transfer,Web_Browser,7,600,6,1,9.8,0,1
TXN-10429,75.01,Payment,Web_Browser,18,101,1,1,1.4,0,0
TXN-10430,35.61,Payment,Web_Browser,8,287,3,0,3.5,0,0
TXN-10431,24.68,Debit,Mobile_App,6,1161,3,0,3.1,0,0
TXN-10432,24.2,Cash_Out,Web_Browser,15,272,2,0,10.6,1,0
TXN-10433,120.89,Payment,Mobile_App,13,387,2,0,0.5,0,0
TXN-10434,140.22,Payment,Web_Browser,19,177,3,0,5.0,0,0
TXN-10435,42.46,Debit,Web_Browser,11,19,2,0,14.0,0,0
TXN-10436,563.93,Payment,Mobile_App,10,480,3,0,6.6,0,0
TXN-10437,43.02,Debit,POS_Terminal,13,11,3,0,18.5,0,0
TXN-10438,50.66,Debit,Mobile_App,12,362,3,0,2407.7,0,1
TXN-10439,36.76,Payment,POS_Terminal,11,7,3,1,58.1,0,0
TXN-10440,48.56,Payment,Mobile_App,16,595,6,0,50.4,0,0
TXN-10441,52.53,Purchase,Mobile_App,17,52,8,0,24.1,0,0
TXN-10442,97.57,Transfer,Mobile_App,18,217,3,0,46.3,0,0
TXN-10443,44.95,Transfer,ATM,21,273,2,0,3.4,0,0
TXN-10444,100.13,Debit,Mobile_App,10,184,4,1,20.8,0,0
TXN-10445,11.06,Purchase,Mobile_App,16,126,2,0,5.8,0,0
TXN-10446,29.25,Purchase,Mobile_App,12,190,2,0,19.4,1,0
TXN-10447,39.63,Debit,Web_Browser,16,112,3,0,7.0,0,0
TXN-10448,42.31,Transfer,Web_Browser,13,173,3,0,5.1,0,0
TXN-10449,8.73,Payment,Mobile_App,23,134,1,0,47.8,0,0
TXN-10450,133.62,Debit,Mobile_App,16,251,2,0,3.5,0,0
TXN-10451,12.57,Cash_Out,Mobile_App,21,82,5,0,21.3,0,0
TXN-10452,29.03,Transfer,Mobile_App,18,1344,3,0,16.8,0,0
TXN-10453,53.09,Purchase,Mobile_App,19,209,3,0,5.4,0,0
TXN-10454,420.77,Payment,Web_Browser,18,65,1,0,9.2,0,0
TXN-10455,51.78,Transfer,Mobile_App,12,195,4,0,2.3,0,0
TXN-10456,8417.6,Payment,Mobile_App,9,604,2,0,38.1,0,1
TXN-10457,12.38,Transfer,Mobile_App,11,7,11,0,51.7,0,0
TXN-10458,23.69,Payment,ATM,2,342,1,0,19.8,0,0
TXN-10459,27.23,Payment,ATM,13,239,1,1,1491.6,0,0
TXN-10460,32.02,Payment,POS_Terminal,13,56,5,1,1.3,0,0
TXN-10461,150.94,Cash_Out,Mobile_App,13,511,3,0,7.3,0,0
TXN-10462,31.54,Debit,Mobile_App,21,139,4,0,6.0,0,0
TXN-10463,100.33,Cash_Out,Mobile_App,19,105,1,0,12.5,1,0
TXN-10464,25.26,Purchase,Mobile_App,8,529,1,2,1279.3,0,0
TXN-10465,2787.94,Transfer,Web_Browser,11,306,2,0,1115.7,0,1
TXN-10466,5.0,Payment,POS_Terminal,12,686,4,2,682.7,0,0
TXN-10467,50.86,Purchase,POS_Terminal,11,299,4,0,2.1,0,0
TXN-10468,53.85,Payment,POS_Terminal,17,406,5,0,2.1,0,0
TXN-10469,44.97,Purchase,Mobile_App,13,544,2,0,0.5,1,0
TXN-10470,389.71,Payment,Web_Browser,14,17,1,0,21.5,0,0
TXN-10471,51.15,Purchase,Mobile_App,18,449,3,0,6.0,0,0
TXN-10472,5.0,Payment,Mobile_App,17,286,4,1,3.8,0,0
TXN-10473,16.13,Purchase,Web_Browser,7,22,4,0,22.6,0,0
TXN-10474,52.3,Transfer,Mobile_App,16,214,3,0,2.3,0,0
TXN-10475,50.42,Purchase,Mobile_App,12,26,4,0,8.4,0,0
TXN-10476,24.22,Payment,Mobile_App,10,400,2,0,20.5,0,0
TXN-10477,19.66,Cash_Out,Web_Browser,5,238,1,0,12.8,0,0
TXN-10478,218.26,Purchase,POS_Terminal,13,921,4,0,12.1,0,0
TXN-10479,146.9,Transfer,Mobile_App,11,61,3,0,2.6,0,0
TXN-10480,168.2,Cash_Out,POS_Terminal,9,280,5,0,3.0,0,0
TXN-10481,29.13,Cash_Out,Mobile_App,16,72,5,0,13.1,0,0
TXN-10482,109.97,Transfer,Mobile_App,17,286,2,1,0.4,0,0
TXN-10483,5.0,Cash_Out,Web_Browser,9,385,3,0,30.5,0,0
TXN-10484,36.03,Cash_Out,Web_Browser,5,385,4,0,6.5,0,1
TXN-10485,6095.95,Purchase,ATM,18,507,2,0,8.1,1,1
TXN-10486,5897.75,Payment,Mobile_App,1,577,4,0,4.5,0,1
TXN-10487,61.27,Payment,Web_Browser,20,25,4,0,31.4,0,0
TXN-10488,3756.32,Purchase,Web_Browser,15,127,5,0,15.4,0,1
TXN-10489,17.68,Purchase,ATM,10,349,2,0,9.0,0,0
TXN-10490,25.94,Transfer,Mobile_App,9,208,7,0,13.2,0,0
TXN-10491,91.67,Cash_Out,POS_Terminal,0,64,6,0,7.2,0,0
TXN-10492,77.83,Payment,Web_Browser,9,242,3,0,9.4,0,0
TXN-10493,268.49,Payment,Mobile_App,7,157,4,0,2391.5,0,1
TXN-10494,74.62,Transfer,Mobile_App,15,149,2,0,7.9,0,0
TXN-10495,241.77,Transfer,Mobile_App,8,498,6,0,5.7,0,0
TXN-10496,12.84,Cash_Out,Web_Browser,13,158,1,0,1.2,0,0
TXN-10497,98.56,Payment,POS_Terminal,14,9,7,0,0.6,0,0
TXN-10498,116.46,Purchase,Web_Browser,10,18,3,0,2.9,1,0
TXN-10499,88.67,Purchase,Web_Browser,3,582,1,0,4.3,1,0
TXN-10500,16.43,Cash_Out,Web_Browser,3,971,3,0,33.2,0,0
TXN-10501,75.0,Transfer,Mobile_App,2,350,4,0,14.2,0,0
TXN-10502,38.05,Payment,Mobile_App,16,136,2,0,47.7,0,0
TXN-10503,97.36,Debit,Mobile_App,10,838,1,0,6.2,0,0
TXN-10504,50.05,Cash_Out,Mobile_App,17,327,4,0,7.7,0,0
TXN-10505,30.91,Payment,Mobile_App,12,559,1,1,19.1,0,0
TXN-10506,534.66,Purchase,Web_Browser,12,436,3,1,12.9,0,0
TXN-10507,25.96,Debit,Mobile_App,13,143,4,0,11.3,0,0
TXN-10508,72.2,Purchase,Mobile_App,16,196,6,0,12.9,1,1
TXN-10509,94.81,Debit,Mobile_App,10,62,5,0,13.2,0,0
TXN-10510,40.72,Cash_Out,Mobile_App,7,104,1,0,21.8,0,0
TXN-10511,170.57,Transfer,ATM,14,452,4,0,16.5,0,0
TXN-10512,6863.01,Purchase,POS_Terminal,11,674,1,0,1815.0,0,1
TXN-10513,10.11,Purchase,Web_Browser,12,387,7,0,44.3,0,0
TXN-10514,101.39,Payment,Mobile_App,15,188,5,0,8.2,1,0
TXN-10515,321.46,Payment,POS_Terminal,13,28,5,0,0.5,0,0
TXN-10516,25.48,Transfer,POS_Terminal,15,18,5,0,0.2,0,0
TXN-10517,13.77,Debit,POS_Terminal,14,141,3,0,2.0,0,0
TXN-10518,40.36,Purchase,Mobile_App,16,187,2,0,1.2,0,0
TXN-10519,52.87,Payment,Web_Browser,16,282,2,0,7.0,0,0
TXN-10520,56.34,Cash_Out,POS_Terminal,13,2,2,0,1505.5,0,0
TXN-10521,155.59,Transfer,Web_Browser,16,1374,2,0,14.7,0,0
TXN-10522,27.28,Purchase,Web_Browser,19,136,1,0,3.2,0,0
TXN-10523,92.85,Debit,Mobile_App,12,566,3,0,10.8,1,0
TXN-10524,118.0,Debit,Web_Browser,12,230,4,0,1.6,0,0
TXN-10525,60.49,Transfer,Mobile_App,17,42,3,0,26.4,0,1
TXN-10526,29.25,Transfer,Web_Browser,14,480,3,0,22.7,0,0
TXN-10527,17.17,Payment,Mobile_App,6,372,4,0,7.3,0,0
TXN-10528,11.75,Payment,Mobile_App,19,225,6,0,36.2,0,0
TXN-10529,12.55,Purchase,Mobile_App,3,217,3,0,3.1,0,0
TXN-10530,10.92,Debit,Web_Browser,17,28,4,0,25.2,0,0
TXN-10531,250.79,Purchase,Mobile_App,17,321,5,0,11.8,1,0
TXN-10532,45.55,Purchase,Web_Browser,21,727,2,1,6.0,0,0
TXN-10533,421.01,Cash_Out,POS_Terminal,5,30,1,1,1.3,0,1
TXN-10534,78.92,Debit,Mobile_App,14,92,5,1,2.8,0,0
TXN-10535,11.75,Purchase,Mobile_App,12,698,3,0,29.8,0,0
TXN-10536,44.79,Debit,Mobile_App,11,101,7,1,14.0,0,0
TXN-10537,102.1,Payment,POS_Terminal,6,319,2,1,4.1,0,0
TXN-10538,74.51,Transfer,Web_Browser,14,230,3,0,10.3,0,0
TXN-10539,35.28,Payment,Mobile_App,13,273,2,0,1.7,0,0
TXN-10540,132.76,Purchase,Mobile_App,7,162,2,0,1.6,0,0
TXN-10541,19.05,Cash_Out,Web_Browser,15,107,4,0,35.8,0,0
TXN-10542,64.81,Payment,POS_Terminal,16,15,5,0,9.2,0,0
TXN-10543,120.15,Cash_Out,POS_Terminal,17,410,5,1,6.7,0,0
TXN-10544,37.5,Cash_Out,Web_Browser,19,412,2,1,44.7,0,0
TXN-10545,89.38,Transfer,Mobile_App,12,334,5,1,7.6,0,0
TXN-10546,47.92,Payment,Mobile_App,21,310,1,0,6.1,0,0
TXN-10547,7443.82,Cash_Out,Mobile_App,18,84,2,0,4.8,0,1
TXN-10548,82.58,Transfer,Mobile_App,10,7,4,0,12.5,0,0
TXN-10549,7896.56,Debit,Mobile_App,8,497,4,0,12.3,1,1
TXN-10550,218.26,Transfer,Mobile_App,12,203,4,0,0.2,0,0
TXN-10551,70.39,Purchase,Mobile_App,12,110,2,0,15.9,0,0
TXN-10552,94.67,Cash_Out,ATM,14,33,6,0,23.3,1,0
TXN-10553,169.51,Cash_Out,Web_Browser,14,20,3,0,14.4,0,0
TXN-10554,98.34,Purchase,POS_Terminal,17,129,1,0,30.6,0,0
TXN-10555,21.06,Transfer,Web_Browser,13,491,3,1,4.9,0,0
TXN-10556,112.27,Payment,Mobile_App,7,753,5,0,3.2,0,0
TXN-10557,70.29,Payment,Web_Browser,18,682,1,0,17.9,0,0
TXN-10558,27.02,Debit,Mobile_App,10,758,4,2,3.1,0,0
TXN-10559,170.79,Cash_Out,Web_Browser,21,715,2,0,1.4,1,0
TXN-10560,19.5,Debit,Mobile_App,7,225,3,0,1.5,0,0
TXN-10561,31.42,Payment,ATM,21,75,4,0,21.9,0,0
TXN-10562,35.86,Payment,Mobile_App,6,480,7,0,0.4,0,0
TXN-10563,15.25,Payment,Mobile_App,9,73,5,0,5.1,0,0
TXN-10564,53.62,Transfer,ATM,4,94,3,1,2.1,1,0
TXN-10565,28.12,Cash_Out,Mobile_App,16,80,3,0,21.1,0,0
TXN-10566,68.47,Transfer,Web_Browser,18,218,7,0,10.5,0,1
TXN-10567,306.91,Transfer,Web_Browser,12,117,6,0,3.5,0,0
TXN-10568,4696.79,Purchase,POS_Terminal,20,51,3,0,1651.8,0,1
TXN-10569,88.41,Payment,ATM,14,182,2,0,20.8,0,0
TXN-10570,53.55,Transfer,ATM,15,622,6,0,11.1,0,0
TXN-10571,39.82,Debit,Mobile_App,18,254,4,0,4.8,0,0
TXN-10572,113.35,Transfer,POS_Terminal,10,632,3,0,13.2,0,0
TXN-10573,21.35,Cash_Out,Web_Browser,11,66,5,0,40.7,0,0
TXN-10574,147.95,Purchase,Web_Browser,19,55,2,0,0.8,1,0
TXN-10575,25.18,Purchase,Mobile_App,19,258,5,0,4.7,1,0
TXN-10576,210.25,Payment,Web_Browser,21,187,7,0,5.0,0,0
TXN-10577,37.81,Purchase,ATM,19,324,4,0,15.0,0,0
TXN-10578,23.93,Transfer,ATM,7,475,4,0,15.8,0,0
TXN-10579,60.45,Payment,Mobile_App,18,418,4,1,3.5,0,0
TXN-10580,11.33,Transfer,Mobile_App,12,856,5,0,3.7,1,1
TXN-10581,18.65,Purchase,Mobile_App,23,153,7,2,39.5,0,0
TXN-10582,87.71,Transfer,POS_Terminal,13,70,5,0,21.2,0,1
TXN-10583,177.18,Payment,Web_Browser,14,241,3,1,40.8,0,0
TXN-10584,3991.82,Cash_Out,Mobile_App,13,36,2,0,26.5,0,1
TXN-10585,195.42,Payment,Mobile_App,10,103,2,0,7.7,0,0
TXN-10586,36.13,Payment,Mobile_App,6,70,4,1,2.0,0,0
TXN-10587,65.51,Payment,Mobile_App,19,152,3,0,14.9,0,0
TXN-10588,66.07,Payment,ATM,17,36,5,1,6.5,0,0
TXN-10589,252.33,Payment,Web_Browser,7,10,4,0,8.3,1,1
TXN-10590,132.2,Payment,Mobile_App,17,321,5,0,8.3,0,0
TXN-10591,44.55,Cash_Out,Web_Browser,15,283,3,0,41.4,0,0
TXN-10592,623.49,Payment,Mobile_App,12,370,4,0,1.1,0,0
TXN-10593,51.59,Payment,ATM,9,324,6,0,3.2,1,0
TXN-10594,55.44,Purchase,Mobile_App,18,37,3,2,14.0,0,0
TXN-10595,76.13,Transfer,Mobile_App,16,104,5,0,32.3,0,0
TXN-10596,35.85,Cash_Out,Mobile_App,14,42,4,0,37.5,0,0
TXN-10597,217.92,Payment,Web_Browser,15,556,4,0,12.3,0,0
TXN-10598,49.62,Payment,Web_Browser,6,413,1,0,0.5,0,0
TXN-10599,104.32,Payment,Web_Browser,13,68,3,0,6.8,0,0
TXN-10600,5.0,Payment,Mobile_App,8,126,2,0,37.7,0,0
TXN-10601,62.27,Payment,Mobile_App,9,1020,1,0,10.4,0,0
TXN-10602,39.01,Payment,Mobile_App,15,271,3,0,19.5,0,0
TXN-10603,58.64,Payment,Web_Browser,19,485,8,0,4.7,1,0
TXN-10604,17.15,Payment,Mobile_App,12,93,4,0,0.4,0,0
TXN-10605,7374.5,Transfer,Web_Browser,9,71,4,0,2133.0,0,1
TXN-10606,65.6,Payment,POS_Terminal,15,460,4,0,27.0,0,0
TXN-10607,38.22,Transfer,POS_Terminal,19,348,2,0,69.5,0,0
TXN-10608,99.19,Transfer,Mobile_App,17,343,3,0,1662.2,0,0
TXN-10609,58.22,Cash_Out,Mobile_App,19,242,2,0,12.1,0,0
TXN-10610,103.22,Payment,Mobile_App,13,249,4,0,14.1,0,0
TXN-10611,144.99,Debit,Web_Browser,17,400,2,1,26.1,0,0
TXN-10612,157.05,Cash_Out,POS_Terminal,7,95,4,0,0.3,0,0
TXN-10613,37.26,Payment,Mobile_App,11,131,7,0,45.4,0,0
TXN-10614,5748.22,Purchase,Mobile_App,11,616,5,0,463.6,1,1
TXN-10615,271.64,Purchase,POS_Terminal,13,111,3,0,45.6,0,0
TXN-10616,21.8,Payment,POS_Terminal,20,238,3,0,1803.8,0,0
TXN-10617,35.87,Payment,Mobile_App,19,364,4,0,2.5,0,0
TXN-10618,46.47,Debit,Web_Browser,7,1500,3,0,2.7,0,0
TXN-10619,23.17,Debit,Mobile_App,8,172,2,0,6.5,0,0
TXN-10620,61.12,Payment,Mobile_App,11,168,4,0,1499.2,1,0
TXN-10621,184.03,Payment,ATM,10,555,4,0,8.7,0,0
TXN-10622,8.06,Transfer,POS_Terminal,15,492,4,0,13.9,0,0
TXN-10623,32.58,Transfer,POS_Terminal,19,394,5,0,2422.6,0,0
TXN-10624,61.52,Cash_Out,Mobile_App,21,187,2,0,0.9,0,0
TXN-10625,261.03,Transfer,POS_Terminal,15,118,2,0,55.7,0,1
TXN-10626,7664.25,Transfer,Mobile_App,18,282,2,1,1887.6,0,1
TXN-10627,130.19,Debit,Mobile_App,13,627,3,0,28.6,0,0
TXN-10628,46.37,Payment,Web_Browser,9,646,1,0,1.2,0,0
TXN-10629,64.23,Payment,Mobile_App,13,35,1,1,24.9,0,0
TXN-10630,186.37,Debit,POS_Terminal,14,168,3,0,2.9,0,0
TXN-10631,8339.01,Purchase,Web_Browser,16,188,1,0,991.2,0,1
TXN-10632,52.84,Transfer,Mobile_App,9,1140,3,0,511.4,0,0
TXN-10633,62.49,Transfer,Mobile_App,11,340,3,0,36.1,0,0
TXN-10634,66.78,Payment,Mobile_App,11,157,5,1,1309.2,0,0
TXN-10635,18.38,Transfer,Mobile_App,21,8,6,0,1.7,0,0
TXN-10636,2948.74,Transfer,Web_Browser,12,250,5,0,30.0,0,1
TXN-10637,84.28,Payment,POS_Terminal,17,31,2,0,6.0,0,0
TXN-10638,10.87,Payment,Mobile_App,17,540,3,0,4.0,0,0
TXN-10639,129.59,Transfer,Mobile_App,10,419,4,0,10.0,0,0
TXN-10640,136.34,Payment,Web_Browser,14,186,5,0,1762.5,0,0
TXN-10641,70.32,Payment,POS_Terminal,19,169,4,0,5.3,0,0
TXN-10642,14.23,Payment,Mobile_App,13,683,4,3,7.3,0,0
TXN-10643,28.54,Payment,Mobile_App,20,103,2,2,4.9,0,0
TXN-10644,5.34,Payment,Web_Browser,9,86,3,0,9.0,0,0
TXN-10645,38.18,Purchase,Mobile_App,6,841,1,0,7.3,0,0
TXN-10646,21.9,Cash_Out,Mobile_App,19,498,3,0,22.3,0,0
TXN-10647,51.01,Cash_Out,Web_Browser,18,516,4,0,37.6,0,0
TXN-10648,148.63,Debit,Web_Browser,23,66,1,0,1.6,0,0
TXN-10649,33.04,Transfer,Web_Browser,16,47,6,0,26.0,0,0
TXN-10650,3071.17,Payment,Web_Browser,20,8,7,0,607.7,0,1
TXN-10651,50.02,Transfer,Web_Browser,18,82,5,0,1693.7,0,0
TXN-10652,22.11,Cash_Out,Mobile_App,18,447,8,1,84.5,1,1
TXN-10653,223.45,Debit,Mobile_App,14,83,3,0,6.1,0,0
TXN-10654,124.89,Transfer,Mobile_App,11,392,2,0,26.6,0,0
TXN-10655,18.02,Payment,Mobile_App,20,88,4,0,16.8,0,0
TXN-10656,85.5,Payment,Web_Browser,12,151,5,1,2098.9,0,0
TXN-10657,44.37,Transfer,POS_Terminal,13,1226,4,1,18.3,0,0
TXN-10658,91.15,Cash_Out,ATM,12,85,5,0,10.7,0,0
TXN-10659,14.28,Cash_Out,Web_Browser,14,142,5,0,3.1,0,0
TXN-10660,38.54,Transfer,Mobile_App,13,108,3,0,2.9,0,0
TXN-10661,77.77,Purchase,Mobile_App,5,35,4,0,561.2,0,0
TXN-10662,18.4,Cash_Out,POS_Terminal,19,202,4,0,18.7,1,0
TXN-10663,70.74,Payment,Web_Browser,12,143,4,0,1823.3,0,1
TXN-10664,39.06,Payment,Web_Browser,14,357,8,0,10.4,0,0
TXN-10665,57.05,Payment,POS_Terminal,7,511,4,0,3.0,0,0
TXN-10666,151.34,Payment,Web_Browser,0,236,1,0,8.4,0,0
TXN-10667,817.7,Payment,POS_Terminal,9,10,2,0,30.8,0,0
TXN-10668,59.03,Payment,Mobile_App,16,290,3,0,28.9,0,0
TXN-10669,45.23,Payment,Web_Browser,7,18,5,0,357.0,0,1
TXN-10670,376.6,Payment,POS_Terminal,19,288,2,0,218.3,0,0
TXN-10671,169.62,Purchase,Mobile_App,9,347,7,0,33.5,0,0
TXN-10672,322.58,Payment,Web_Browser,9,67,3,0,2.4,0,0
TXN-10673,69.29,Transfer,Mobile_App,8,514,3,1,7.6,0,0
TXN-10674,123.52,Transfer,ATM,1,727,6,0,2.1,0,0
TXN-10675,57.3,Purchase,Mobile_App,17,504,5,3,9.4,0,0
TXN-10676,57.77,Payment,Web_Browser,19,110,3,0,275.1,0,0
TXN-10677,60.98,Transfer,Mobile_App,15,266,3,0,2.5,0,0
TXN-10678,82.8,Purchase,Web_Browser,8,739,2,0,31.9,0,0
TXN-10679,58.82,Purchase,Mobile_App,10,116,1,0,12.6,1,0
TXN-10680,218.9,Debit,Mobile_App,13,515,3,0,20.7,0,0
TXN-10681,97.08,Payment,Mobile_App,21,3,4,0,0.7,0,1
TXN-10682,8352.32,Payment,ATM,9,2,4,0,1.5,0,1
TXN-10683,64.16,Cash_Out,Mobile_App,16,428,3,0,14.5,0,0
TXN-10684,35.69,Purchase,Mobile_App,12,430,4,0,27.3,0,0
TXN-10685,7375.4,Cash_Out,POS_Terminal,10,467,3,1,31.1,0,1
TXN-10686,148.54,Cash_Out,Web_Browser,12,798,4,0,17.5,0,0
TXN-10687,147.81,Payment,ATM,6,38,5,1,3.4,0,0
TXN-10688,18.05,Debit,Mobile_App,17,80,3,0,3.3,0,0
TXN-10689,18.44,Payment,Web_Browser,9,703,1,0,32.0,0,0
TXN-10690,109.95,Payment,Mobile_App,16,59,1,2,1.8,0,0
TXN-10691,39.64,Transfer,Mobile_App,6,344,4,0,17.4,0,0
TXN-10692,5082.99,Transfer,Web_Browser,21,227,3,0,1652.5,0,1
TXN-10693,10.97,Payment,Web_Browser,8,27,2,0,8.2,0,0
TXN-10694,34.39,Payment,POS_Terminal,19,101,7,0,8.7,0,0
TXN-10695,62.22,Cash_Out,Mobile_App,17,221,4,0,43.6,0,0
TXN-10696,41.16,Payment,Mobile_App,21,574,5,0,29.6,0,0
TXN-10697,7450.99,Cash_Out,Mobile_App,13,369,5,2,30.0,1,1
TXN-10698,30.32,Payment,ATM,16,292,6,0,2438.7,0,0
TXN-10699,95.11,Transfer,Mobile_App,11,206,4,0,1.7,0,0
TXN-10700,265.88,Transfer,Mobile_App,8,107,6,0,1974.2,0,1
TXN-10701,57.2,Payment,Mobile_App,12,39,5,1,2.4,0,0
TXN-10702,153.36,Payment,Web_Browser,8,158,3,0,10.9,0,0
TXN-10703,112.28,Payment,Mobile_App,22,9,4,3,4.6,0,1
TXN-10704,30.54,Payment,ATM,7,72,8,0,10.7,0,0
TXN-10705,139.44,Purchase,Mobile_App,14,170,8,0,5.5,0,0
TXN-10706,168.06,Payment,POS_Terminal,15,163,2,0,34.1,0,0
TXN-10707,33.64,Debit,Mobile_App,13,14,3,1,51.8,0,0
TXN-10708,55.57,Payment,Web_Browser,15,267,4,0,7.9,0,0
TXN-10709,31.02,Cash_Out,ATM,7,240,3,0,1.1,0,0
TXN-10710,15.53,Debit,Mobile_App,14,25,7,0,16.3,0,0
TXN-10711,151.89,Cash_Out,ATM,10,861,3,0,7.1,0,0
TXN-10712,271.18,Transfer,Mobile_App,20,32,4,0,64.0,0,0
TXN-10713,51.34,Transfer,ATM,17,579,5,0,1.4,0,0
TXN-10714,31.99,Payment,Web_Browser,21,1,6,0,1.9,1,0
TXN-10715,7738.4,Purchase,Mobile_App,3,642,3,1,18.0,0,1
TXN-10716,176.99,Debit,Mobile_App,10,6,4,0,21.3,0,1
TXN-10717,22.96,Purchase,Mobile_App,8,426,6,0,9.6,0,0
TXN-10718,62.81,Payment,Mobile_App,1,135,4,0,4.9,0,0
TXN-10719,395.22,Debit,Mobile_App,9,403,3,0,5.6,0,0
TXN-10720,337.42,Purchase,Mobile_App,16,155,5,0,6.2,0,0
TXN-10721,21.67,Payment,Mobile_App,9,23,5,1,3.8,0,0
TXN-10722,13.58,Payment,POS_Terminal,13,438,1,0,28.5,0,0
TXN-10723,77.56,Debit,Mobile_App,19,23,2,2,1.0,0,0
TXN-10724,111.39,Cash_Out,Mobile_App,16,766,5,0,7.8,0,0
TXN-10725,112.09,Debit,Web_Browser,12,16,3,1,20.7,1,0
TXN-10726,94.18,Payment,Mobile_App,11,196,5,0,0.1,0,0
TXN-10727,72.5,Debit,Mobile_App,12,386,5,0,31.6,0,0
TXN-10728,7558.44,Payment,Mobile_App,8,150,5,0,18.4,1,1
TXN-10729,7324.41,Payment,ATM,15,74,3,0,785.1,0,1
TXN-10730,122.01,Payment,POS_Terminal,11,428,7,3,33.8,0,0
TXN-10731,26.97,Debit,Mobile_App,18,461,7,0,10.0,0,0
TXN-10732,10.31,Cash_Out,Web_Browser,17,768,4,0,15.8,0,0
TXN-10733,2303.0,Transfer,Web_Browser,15,142,4,0,32.1,0,1
TXN-10734,72.65,Transfer,Web_Browser,11,212,3,0,31.9,1,1
TXN-10735,373.79,Purchase,Web_Browser,9,136,3,0,7.9,0,0
TXN-10736,5279.54,Transfer,Web_Browser,17,90,1,0,4.1,0,1
TXN-10737,14.49,Debit,Mobile_App,13,418,4,0,4.5,0,0
TXN-10738,184.82,Transfer,Mobile_App,9,125,1,0,21.8,0,0
TXN-10739,51.97,Transfer,Mobile_App,8,168,7,0,39.8,0,0
TXN-10740,46.53,Transfer,POS_Terminal,8,156,2,0,1.1,0,0
TXN-10741,17.06,Payment,Web_Browser,17,375,2,0,0.2,0,0
TXN-10742,90.88,Debit,POS_Terminal,9,750,3,0,26.0,0,0
TXN-10743,63.83,Transfer,ATM,13,330,2,0,7.3,0,0
TXN-10744,59.12,Payment,Mobile_App,12,192,4,2,364.9,0,0
TXN-10745,139.45,Purchase,Web_Browser,14,454,1,1,3.1,0,0
TXN-10746,157.4,Transfer,Web_Browser,19,308,5,0,6.4,0,0
TXN-10747,75.24,Transfer,ATM,19,19,2,0,53.4,0,0
TXN-10748,93.55,Purchase,ATM,12,31,2,1,56.6,0,0
TXN-10749,77.24,Cash_Out,Web_Browser,1,12,6,0,1618.3,0,1
TXN-10750,290.61,Payment,Mobile_App,12,184,4,0,207.4,0,0
TXN-10751,22.05,Purchase,POS_Terminal,14,525,5,0,5.3,0,0
TXN-10752,18.44,Cash_Out,Mobile_App,14,113,3,3,28.9,0,0
TXN-10753,16.64,Payment,POS_Terminal,15,146,4,1,3.6,0,0
TXN-10754,91.59,Payment,ATM,8,721,4,0,26.3,0,0
TXN-10755,48.75,Debit,Mobile_App,15,545,3,2,6.5,0,0
TXN-10756,18.06,Cash_Out,Web_Browser,8,329,8,3,3.3,0,1
TXN-10757,44.99,Transfer,Mobile_App,17,94,4,0,2022.9,1,1
TXN-10758,472.19,Purchase,Mobile_App,11,38,7,1,3.6,0,0
TXN-10759,83.72,Debit,Mobile_App,16,5,2,1,72.1,0,0
TXN-10760,238.64,Payment,POS_Terminal,5,34,5,0,1.7,0,0
TXN-10761,14.83,Payment,ATM,12,104,1,0,0.2,0,0
TXN-10762,73.11,Payment,ATM,16,241,2,0,30.7,0,0
TXN-10763,91.17,Debit,Mobile_App,9,20,2,0,759.2,0,0
TXN-10764,109.07,Payment,POS_Terminal,17,44,4,1,8.2,0,0
TXN-10765,42.39,Cash_Out,Web_Browser,15,60,4,0,888.2,0,0
TXN-10766,146.44,Debit,Mobile_App,14,300,2,0,12.8,0,0
TXN-10767,89.28,Purchase,Mobile_App,11,287,2,1,7.5,0,0
TXN-10768,59.63,Payment,Mobile_App,13,241,3,2,9.9,0,0
TXN-10769,35.57,Debit,ATM,14,87,1,0,14.9,0,0
TXN-10770,12.36,Payment,Web_Browser,13,140,3,1,15.3,0,0
TXN-10771,8.03,Debit,Web_Browser,16,31,3,0,48.5,0,0
TXN-10772,27.85,Payment,Mobile_App,12,78,4,0,16.0,0,0
TXN-10773,46.79,Transfer,Web_Browser,9,684,4,0,6.2,0,0
TXN-10774,27.78,Debit,Mobile_App,9,1170,9,0,6.0,0,1
TXN-10775,77.05,Payment,Mobile_App,0,313,8,0,9.7,0,0
TXN-10776,124.33,Payment,Web_Browser,10,747,1,0,4.5,0,0
TXN-10777,15.63,Debit,Mobile_App,17,309,4,0,7.1,0,0
TXN-10778,94.55,Debit,POS_Terminal,17,11,6,1,27.7,0,0
TXN-10779,53.16,Cash_Out,Mobile_App,9,1500,4,0,29.5,1,0
TXN-10780,9.74,Cash_Out,Web_Browser,21,32,2,0,14.8,0,0
TXN-10781,135.43,Transfer,Mobile_App,13,345,2,1,13.1,0,0
TXN-10782,21.42,Payment,Web_Browser,20,88,8,0,8.4,0,0
TXN-10783,713.53,Payment,Mobile_App,16,150,4,0,991.2,0,0
TXN-10784,175.5,Payment,Mobile_App,16,312,3,0,24.6,0,0
TXN-10785,47.35,Purchase,ATM,6,173,6,1,20.1,0,0
TXN-10786,54.51,Cash_Out,Mobile_App,9,87,3,3,0.5,0,0
TXN-10787,13.58,Transfer,POS_Terminal,0,123,2,0,19.7,0,0
TXN-10788,316.34,Transfer,ATM,16,126,2,0,19.1,0,0
TXN-10789,23.35,Purchase,Mobile_App,11,961,4,0,1.6,0,0
TXN-10790,56.94,Payment,Mobile_App,17,481,3,1,2.4,1,0
TXN-10791,28.73,Cash_Out,Web_Browser,11,185,4,0,1956.2,0,0
TXN-10792,86.58,Transfer,ATM,18,67,6,0,12.3,0,0
TXN-10793,53.47,Cash_Out,ATM,7,500,4,0,25.9,0,0
TXN-10794,29.19,Payment,Web_Browser,8,52,2,0,3.1,0,0
TXN-10795,86.86,Purchase,POS_Terminal,11,71,3,1,0.5,0,0
TXN-10796,245.65,Purchase,Mobile_App,12,137,8,0,2.7,0,0
TXN-10797,57.33,Cash_Out,ATM,11,637,4,1,9.0,0,0
TXN-10798,6.11,Cash_Out,ATM,17,43,3,0,11.1,0,0
TXN-10799,79.49,Purchase,Mobile_App,7,40,4,0,29.2,0,0
TXN-10800,12.47,Debit,Mobile_App,11,205,3,0,18.9,0,0
TXN-10801,13.88,Payment,Mobile_App,18,98,3,0,69.7,0,0
TXN-10802,12.51,Cash_Out,Mobile_App,6,253,5,0,1.2,1,0
TXN-10803,110.64,Cash_Out,POS_Terminal,20,181,6,0,2.1,0,0
TXN-10804,12.78,Transfer,Mobile_App,22,172,2,0,1.3,0,0
TXN-10805,146.54,Debit,Mobile_App,6,36,9,1,11.6,0,0
TXN-10806,122.84,Purchase,Mobile_App,10,46,1,0,4.7,0,0
TXN-10807,23.04,Purchase,ATM,11,517,4,0,17.3,0,0
TXN-10808,1860.61,Transfer,Web_Browser,17,652,4,0,2.1,0,1
TXN-10809,177.35,Payment,Mobile_App,14,81,3,1,811.2,0,0
TXN-10810,30.5,Purchase,Mobile_App,15,37,2,0,9.2,0,0
TXN-10811,187.19,Debit,ATM,17,17,6,0,7.1,0,0
TXN-10812,64.64,Payment,POS_Terminal,7,282,3,0,26.5,1,0
TXN-10813,27.41,Purchase,Mobile_App,18,377,4,0,27.3,0,0
TXN-10814,124.7,Purchase,Mobile_App,16,140,9,0,1.9,0,0
TXN-10815,26.41,Transfer,Mobile_App,14,342,3,0,25.1,0,0
TXN-10816,218.32,Cash_Out,Mobile_App,19,375,3,0,12.5,0,0
TXN-10817,17.25,Transfer,Web_Browser,16,822,3,0,10.5,0,0
TXN-10818,202.22,Payment,ATM,9,21,5,0,1.5,0,0
TXN-10819,67.9,Payment,Mobile_App,12,65,3,1,20.2,0,0
TXN-10820,111.31,Debit,POS_Terminal,13,22,3,0,854.3,0,1
TXN-10821,36.84,Payment,Mobile_App,5,608,5,0,4.9,0,0
TXN-10822,80.78,Payment,Web_Browser,21,472,4,0,1.5,0,0
TXN-10823,5.0,Transfer,Web_Browser,7,257,3,1,11.3,0,0
TXN-10824,67.93,Transfer,Mobile_App,16,27,3,0,15.5,0,0
TXN-10825,14.68,Purchase,Mobile_App,13,96,1,0,33.2,0,0
TXN-10826,115.36,Payment,Web_Browser,2,107,4,1,19.9,0,0
TXN-10827,31.98,Payment,Mobile_App,20,247,2,2,48.7,0,0
TXN-10828,31.68,Debit,Mobile_App,18,90,3,1,21.5,0,0
TXN-10829,17.05,Transfer,Web_Browser,13,23,2,4,1444.3,0,1
TXN-10830,65.63,Payment,ATM,9,394,3,1,11.9,0,0
TXN-10831,23.41,Transfer,Mobile_App,7,107,6,0,9.2,0,0
TXN-10832,51.79,Payment,POS_Terminal,11,181,5,0,12.5,0,0
TXN-10833,39.37,Payment,Mobile_App,9,41,3,2,12.7,0,0
TXN-10834,7338.32,Transfer,POS_Terminal,13,487,1,1,18.2,0,1
TXN-10835,37.02,Transfer,Web_Browser,21,251,3,0,1.3,0,0
TXN-10836,30.25,Purchase,POS_Terminal,14,696,2,0,20.6,0,0
TXN-10837,144.07,Transfer,Mobile_App,19,206,2,0,2.3,1,0
TXN-10838,170.17,Cash_Out,Web_Browser,15,852,2,2,0.4,0,0
TXN-10839,14.6,Cash_Out,Web_Browser,13,668,5,0,11.0,0,0
TXN-10840,66.25,Payment,Mobile_App,18,258,4,0,13.1,0,0
TXN-10841,3629.9,Cash_Out,Mobile_App,13,815,6,0,0.5,0,1
TXN-10842,22.67,Payment,Mobile_App,19,118,3,3,10.9,0,0
TXN-10843,63.17,Purchase,Mobile_App,10,137,4,0,11.5,0,0
TXN-10844,87.27,Payment,POS_Terminal,7,14,3,0,0.8,0,0
TXN-10845,6161.31,Transfer,Mobile_App,18,267,2,0,18.7,0,1
TXN-10846,149.12,Payment,Mobile_App,14,384,5,0,3.5,0,0
TXN-10847,111.15,Purchase,Web_Browser,19,446,2,0,23.7,0,0
TXN-10848,53.18,Transfer,Mobile_App,20,49,2,0,5.6,0,0
TXN-10849,22.7,Cash_Out,Web_Browser,5,177,2,0,9.7,0,0
TXN-10850,89.07,Payment,Mobile_App,13,59,4,0,33.4,0,0
TXN-10851,28.36,Debit,ATM,11,326,6,0,24.6,0,0
TXN-10852,194.4,Payment,POS_Terminal,15,52,3,0,22.8,0,0
TXN-10853,134.01,Purchase,POS_Terminal,17,704,4,2,2.6,0,0
TXN-10854,55.68,Payment,Mobile_App,10,79,3,0,0.7,0,0
TXN-10855,24.4,Payment,POS_Terminal,14,104,4,0,14.0,0,0
TXN-10856,89.68,Payment,Mobile_App,16,571,2,0,1264.9,0,0
TXN-10857,120.56,Transfer,Mobile_App,7,185,4,0,2397.8,0,0
TXN-10858,7234.51,Cash_Out,Mobile_App,18,8,2,0,6.5,0,1
TXN-10859,82.38,Payment,Web_Browser,14,205,1,0,7.9,1,1
TXN-10860,33.78,Debit,Mobile_App,20,27,4,0,11.2,0,0
TXN-10861,9.56,Transfer,Web_Browser,11,1267,5,0,23.9,0,1
TXN-10862,7911.48,Transfer,Mobile_App,7,267,7,0,4.7,0,1
TXN-10863,63.82,Transfer,Mobile_App,13,89,2,1,42.7,0,0
TXN-10864,250.44,Transfer,Web_Browser,6,249,4,0,11.6,0,0
TXN-10865,20.76,Cash_Out,Mobile_App,21,24,2,0,27.6,0,0
TXN-10866,24.42,Payment,Web_Browser,4,483,4,0,11.2,0,0
TXN-10867,73.73,Payment,Mobile_App,17,779,4,0,805.8,0,0
TXN-10868,56.65,Purchase,POS_Terminal,13,623,4,0,411.3,0,0
TXN-10869,72.65,Purchase,Web_Browser,11,126,6,0,24.1,0,0
TXN-10870,6506.58,Transfer,Mobile_App,5,119,2,1,11.1,0,1
TXN-10871,53.61,Payment,Mobile_App,15,11,4,0,9.0,0,0
TXN-10872,62.6,Cash_Out,Web_Browser,14,317,6,0,1.8,0,1
TXN-10873,17.69,Transfer,POS_Terminal,10,230,2,0,20.3,0,0
TXN-10874,35.94,Payment,Mobile_App,19,185,1,0,2.1,0,0
TXN-10875,192.88,Payment,Mobile_App,10,715,2,0,3.2,0,0
TXN-10876,87.48,Debit,POS_Terminal,12,56,5,0,2.0,0,0
TXN-10877,72.17,Cash_Out,Web_Browser,14,3,2,0,0.1,0,1
TXN-10878,22.82,Payment,Mobile_App,7,23,4,1,16.3,0,0
TXN-10879,24.43,Payment,Mobile_App,20,76,4,0,4.7,0,0
TXN-10880,18.65,Payment,Mobile_App,11,11,5,0,2.4,1,0
TXN-10881,8.71,Cash_Out,Web_Browser,6,210,6,0,5.8,1,0
TXN-10882,41.72,Payment,Mobile_App,11,114,5,0,10.4,0,0
TXN-10883,36.98,Payment,ATM,14,60,2,0,10.5,0,0
TXN-10884,65.68,Debit,Mobile_App,13,416,7,2,6.9,0,0
TXN-10885,153.82,Payment,Mobile_App,16,69,4,0,10.2,0,0
TXN-10886,29.18,Cash_Out,Web_Browser,5,350,5,0,8.4,0,0
TXN-10887,190.4,Payment,ATM,10,129,4,0,1444.3,0,0
TXN-10888,91.34,Payment,POS_Terminal,18,216,3,0,0.5,0,0
TXN-10889,226.32,Payment,Mobile_App,6,815,2,0,30.4,0,0
TXN-10890,17.47,Debit,Web_Browser,18,12,3,0,4.2,0,0
TXN-10891,176.42,Purchase,Web_Browser,6,209,1,0,19.2,0,0
TXN-10892,27.81,Debit,Mobile_App,18,579,3,0,7.8,0,0
TXN-10893,24.65,Transfer,Mobile_App,11,267,2,0,5.2,0,0
TXN-10894,5033.32,Cash_Out,Mobile_App,15,98,3,1,14.3,0,1
TXN-10895,23.37,Payment,Mobile_App,8,153,3,0,22.0,0,0
TXN-10896,83.87,Payment,ATM,5,343,5,1,624.4,0,1
TXN-10897,126.61,Purchase,Mobile_App,9,665,4,0,9.4,0,0
TXN-10898,89.47,Payment,ATM,7,13,3,0,0.9,1,1
TXN-10899,51.61,Payment,Web_Browser,10,23,4,0,38.7,0,0
TXN-10900,177.59,Payment,Web_Browser,13,118,3,1,28.1,0,0
TXN-10901,83.8,Payment,Web_Browser,14,80,4,1,7.6,0,0
TXN-10902,47.22,Payment,Mobile_App,17,93,2,0,21.7,0,0
TXN-10903,48.06,Cash_Out,Mobile_App,15,76,3,1,5.6,0,0
TXN-10904,22.55,Transfer,Mobile_App,14,66,2,0,19.7,0,0
TXN-10905,20.82,Purchase,Web_Browser,12,42,3,0,10.9,0,0
TXN-10906,34.64,Debit,Mobile_App,13,816,4,0,9.3,0,0
TXN-10907,19.05,Payment,POS_Terminal,12,47,5,0,0.9,0,0
TXN-10908,17.29,Payment,Mobile_App,18,69,5,0,50.5,1,0
TXN-10909,21.82,Transfer,Mobile_App,9,85,5,0,27.2,0,0
TXN-10910,159.93,Cash_Out,Mobile_App,0,811,3,0,23.7,1,0
TXN-10911,24.32,Payment,ATM,15,423,3,0,5.5,0,0
TXN-10912,124.57,Cash_Out,Web_Browser,9,468,4,0,5.1,0,0
TXN-10913,28.78,Transfer,Mobile_App,19,34,3,0,1151.3,1,0
TXN-10914,65.98,Cash_Out,Web_Browser,18,543,2,0,28.1,0,0
TXN-10915,24.19,Transfer,Mobile_App,6,158,4,0,40.9,0,0
TXN-10916,66.43,Payment,ATM,7,92,1,2,4.7,0,1
TXN-10917,532.5,Purchase,Web_Browser,13,258,3,1,14.0,0,0
TXN-10918,27.17,Debit,Mobile_App,14,519,1,0,19.3,0,0
TXN-10919,40.7,Payment,Web_Browser,10,453,4,0,630.6,0,0
TXN-10920,16.65,Purchase,Mobile_App,16,663,3,0,7.9,0,0
TXN-10921,163.94,Transfer,ATM,14,790,4,0,3.1,0,0
TXN-10922,192.3,Purchase,Mobile_App,11,82,5,0,18.0,0,0
TXN-10923,2740.37,Debit,Web_Browser,2,166,6,2,2226.2,0,1
TXN-10924,3841.19,Transfer,Mobile_App,17,5,2,2,31.5,0,1
TXN-10925,83.16,Payment,Web_Browser,9,635,2,0,16.6,0,0
TXN-10926,58.39,Payment,POS_Terminal,18,51,6,0,6.4,0,0
TXN-10927,21.65,Transfer,Web_Browser,12,594,3,0,16.2,0,0
TXN-10928,6651.24,Cash_Out,Web_Browser,14,120,2,0,30.0,0,1
TXN-10929,15.93,Payment,POS_Terminal,19,138,2,0,14.7,0,0
TXN-10930,152.09,Payment,Mobile_App,18,12,5,0,8.0,0,0
TXN-10931,106.0,Debit,Mobile_App,11,119,3,0,37.8,0,0
TXN-10932,289.56,Purchase,Mobile_App,9,658,3,0,27.0,0,0
TXN-10933,19.92,Transfer,ATM,17,8,5,0,32.1,0,0
TXN-10934,73.67,Payment,Mobile_App,12,157,7,0,35.0,0,0
TXN-10935,62.56,Payment,Web_Browser,8,10,3,0,7.5,1,1
TXN-10936,79.15,Payment,Web_Browser,19,140,5,0,29.5,0,0
TXN-10937,100.45,Purchase,Mobile_App,8,57,3,0,12.7,0,0
TXN-10938,1335.67,Payment,Mobile_App,2,88,4,0,0.6,0,1
TXN-10939,1284.64,Cash_Out,Mobile_App,2,631,2,0,15.2,0,0
TXN-10940,78.19,Payment,Mobile_App,15,172,2,0,9.5,0,0
TXN-10941,274.48,Cash_Out,Mobile_App,15,96,1,0,4.8,0,0
TXN-10942,7376.72,Cash_Out,Mobile_App,10,267,4,3,52.8,0,1
TXN-10943,49.43,Debit,POS_Terminal,10,46,5,0,0.8,0,0
TXN-10944,24.6,Payment,ATM,11,91,1,1,43.7,0,0
TXN-10945,70.25,Payment,Mobile_App,16,238,1,0,2.6,0,0
TXN-10946,92.37,Payment,Mobile_App,5,82,2,0,7.1,0,0
TXN-10947,544.2,Purchase,Mobile_App,20,342,4,0,8.1,0,0
TXN-10948,21.51,Purchase,Web_Browser,9,203,2,0,19.7,0,0
TXN-10949,205.65,Cash_Out,POS_Terminal,23,444,3,0,3.6,0,0
TXN-10950,36.11,Cash_Out,Mobile_App,8,889,6,0,64.1,0,0
TXN-10951,31.25,Cash_Out,Mobile_App,17,37,3,0,20.7,0,0
TXN-10952,43.14,Payment,POS_Terminal,9,123,3,0,23.4,0,0
TXN-10953,395.71,Purchase,Web_Browser,6,116,5,0,1.7,0,0
TXN-10954,7.68,Transfer,Mobile_App,19,50,3,0,9.7,0,0
TXN-10955,85.82,Transfer,Web_Browser,18,499,5,0,43.7,1,1
TXN-10956,168.35,Transfer,Mobile_App,12,428,4,0,953.1,0,0
TXN-10957,20.76,Payment,Mobile_App,16,199,3,0,2.4,1,0
TXN-10958,93.06,Payment,POS_Terminal,14,232,8,0,10.0,0,0
TXN-10959,26.49,Debit,POS_Terminal,18,19,2,0,40.0,0,0
TXN-10960,388.71,Payment,Mobile_App,10,244,5,2,10.0,0,0
TXN-10961,15.05,Cash_Out,ATM,13,471,2,0,7.8,0,0
TXN-10962,97.44,Payment,Mobile_App,13,256,4,0,15.8,0,0
TXN-10963,35.44,Transfer,POS_Terminal,11,93,1,0,1982.2,0,0
TXN-10964,47.48,Payment,Mobile_App,19,331,3,0,0.8,0,0
TXN-10965,40.9,Transfer,POS_Terminal,8,135,2,2,2.5,0,0
TXN-10966,165.69,Debit,ATM,8,237,9,0,2.1,1,0
TXN-10967,66.35,Payment,Mobile_App,14,201,3,1,1.3,0,0
TXN-10968,13.38,Cash_Out,ATM,15,144,2,0,5.4,0,0
TXN-10969,79.95,Transfer,POS_Terminal,8,381,6,0,3.9,0,0
TXN-10970,72.37,Cash_Out,POS_Terminal,12,646,4,0,11.9,0,0
TXN-10971,156.34,Purchase,Mobile_App,20,2,2,1,5.9,1,0
TXN-10972,77.36,Debit,POS_Terminal,9,814,1,1,7.8,0,0
TXN-10973,12.08,Payment,POS_Terminal,15,215,4,0,42.7,0,0
TXN-10974,179.28,Payment,Mobile_App,16,362,5,0,2.5,0,0
TXN-10975,173.21,Payment,ATM,12,581,3,0,7.4,0,0
TXN-10976,93.33,Cash_Out,Mobile_App,20,189,3,0,4.5,0,0
TXN-10977,73.96,Payment,Mobile_App,16,541,5,0,11.9,0,0
TXN-10978,80.45,Transfer,Web_Browser,12,59,4,0,20.0,0,0
TXN-10979,175.74,Cash_Out,Web_Browser,14,53,6,0,25.5,0,0
TXN-10980,215.99,Payment,Web_Browser,16,322,7,0,10.9,0,0
TXN-10981,94.37,Debit,Mobile_App,14,613,2,1,29.0,0,0
TXN-10982,104.53,Payment,ATM,19,669,4,1,23.1,0,0
TXN-10983,67.61,Payment,Mobile_App,11,310,2,0,2.6,0,0
TXN-10984,613.4,Debit,Mobile_App,10,224,3,1,4.2,0,0
TXN-10985,7.21,Transfer,Mobile_App,9,121,3,0,16.7,0,0
TXN-10986,28.6,Cash_Out,Web_Browser,3,1174,4,2,2381.8,0,0
TXN-10987,25.0,Transfer,ATM,4,116,3,0,7.1,0,0
TXN-10988,453.95,Payment,Web_Browser,19,409,2,0,3.9,0,0
TXN-10989,44.57,Debit,POS_Terminal,16,228,3,0,30.5,0,0
TXN-10990,7.51,Debit,Mobile_App,15,282,2,1,3.3,0,0
TXN-10991,24.67,Cash_Out,Web_Browser,15,151,4,1,17.9,0,0
TXN-10992,97.02,Payment,Mobile_App,18,1005,2,0,0.5,0,0
TXN-10993,57.41,Cash_Out,Mobile_App,13,255,2,0,0.3,0,0
TXN-10994,50.23,Transfer,Mobile_App,19,834,7,0,9.0,0,0
TXN-10995,6300.24,Payment,Web_Browser,11,3,6,0,16.0,0,1
TXN-10996,174.36,Purchase,Web_Browser,20,256,2,0,2363.3,0,1
TXN-10997,140.14,Payment,POS_Terminal,16,379,3,0,21.7,0,0
TXN-10998,24.63,Purchase,Mobile_App,10,411,3,0,2.1,0,0
TXN-10999,74.85,Transfer,Mobile_App,14,707,6,0,11.4,0,0
TXN-11000,262.53,Payment,Web_Browser,13,2,4,0,5.5,0,1
TXN-11001,4434.73,Transfer,Mobile_App,7,1,4,2,20.9,0,1
TXN-11002,30.83,Purchase,POS_Terminal,14,192,5,0,24.5,0,0
TXN-11003,17.7,Debit,Web_Browser,10,9,2,0,1.0,0,0
TXN-11004,70.45,Debit,Mobile_App,5,1102,5,3,3.2,0,0
TXN-11005,44.92,Cash_Out,ATM,20,76,5,0,33.5,0,0
TXN-11006,44.13,Cash_Out,Web_Browser,15,192,3,0,8.1,0,0
TXN-11007,68.77,Debit,Mobile_App,19,19,3,0,9.7,0,0
TXN-11008,27.81,Payment,Web_Browser,15,222,2,0,2.8,0,0
TXN-11009,198.8,Transfer,Mobile_App,11,144,3,0,79.2,0,0
TXN-11010,1210.0,Payment,POS_Terminal,13,14,3,1,38.5,1,1
TXN-11011,397.82,Purchase,POS_Terminal,15,123,6,0,0.0,0,0
TXN-11012,153.44,Purchase,ATM,21,149,3,0,12.0,0,0
TXN-11013,50.61,Payment,Web_Browser,9,1380,4,0,30.9,0,0
TXN-11014,15.2,Debit,Mobile_App,19,70,6,0,8.4,0,0
TXN-11015,105.95,Purchase,POS_Terminal,20,237,5,0,8.6,0,0
TXN-11016,87.61,Payment,Mobile_App,15,1311,3,0,7.2,0,0
TXN-11017,27.1,Cash_Out,Web_Browser,20,472,6,1,0.4,0,0
TXN-11018,17.35,Purchase,Web_Browser,12,1500,2,0,23.4,1,1
TXN-11019,53.88,Payment,Mobile_App,21,1036,2,0,9.2,0,0
TXN-11020,69.0,Cash_Out,Mobile_App,16,202,1,0,11.4,0,0
TXN-11021,64.08,Payment,POS_Terminal,4,358,5,0,4.4,1,0
TXN-11022,54.78,Purchase,POS_Terminal,19,36,4,0,23.0,0,0
TXN-11023,180.4,Purchase,Mobile_App,13,175,5,0,23.7,0,0
TXN-11024,28.92,Purchase,Mobile_App,12,497,4,1,12.1,0,0
TXN-11025,363.4,Transfer,Mobile_App,14,212,1,0,35.2,0,0
TXN-11026,10.31,Purchase,POS_Terminal,8,364,6,0,1.8,0,0
TXN-11027,26.35,Debit,Mobile_App,13,411,1,0,23.2,0,0
TXN-11028,16.55,Payment,Web_Browser,18,88,7,0,12.3,0,0
TXN-11029,68.09,Debit,Mobile_App,1,626,4,0,3.9,0,0
TXN-11030,81.37,Payment,Web_Browser,10,185,5,0,2.1,0,0
TXN-11031,315.26,Cash_Out,Mobile_App,0,71,2,2,5.4,0,1
TXN-11032,67.63,Payment,POS_Terminal,12,602,2,1,29.1,0,0
TXN-11033,127.34,Payment,Mobile_App,16,163,3,0,23.2,0,0
TXN-11034,18.39,Payment,Web_Browser,17,417,8,0,15.5,0,0
TXN-11035,13.72,Cash_Out,Mobile_App,20,239,4,0,1.4,0,0
TXN-11036,202.01,Payment,Web_Browser,14,145,5,0,46.5,0,0
TXN-11037,139.98,Debit,POS_Terminal,9,499,4,0,5.5,1,0
TXN-11038,69.34,Payment,Mobile_App,20,264,5,0,14.0,0,0
TXN-11039,22.73,Payment,POS_Terminal,17,149,2,1,24.4,0,0
TXN-11040,620.65,Transfer,Web_Browser,14,35,3,0,2.1,0,0
TXN-11041,125.06,Debit,Mobile_App,16,678,4,0,15.8,0,0
TXN-11042,6039.78,Payment,Mobile_App,20,11,1,1,0.5,0,1
TXN-11043,57.56,Cash_Out,Mobile_App,16,597,4,0,1.6,1,0
TXN-11044,12.7,Purchase,Web_Browser,11,134,7,0,19.3,0,0
TXN-11045,61.67,Cash_Out,POS_Terminal,16,306,4,1,2.5,0,0
TXN-11046,34.31,Payment,Mobile_App,4,767,2,0,8.8,0,0
TXN-11047,594.28,Payment,Web_Browser,11,50,2,0,1407.0,0,0
TXN-11048,116.97,Purchase,POS_Terminal,12,252,5,0,8.2,0,0
TXN-11049,5.0,Payment,ATM,8,434,3,0,2461.5,0,1
TXN-11050,344.0,Purchase,Web_Browser,2,426,2,0,21.1,0,0
TXN-11051,81.75,Transfer,ATM,7,224,1,0,1.2,0,0
TXN-11052,254.69,Purchase,Web_Browser,15,295,2,0,1708.7,0,0
TXN-11053,72.08,Debit,Mobile_App,17,426,2,0,16.3,0,0
TXN-11054,63.56,Purchase,POS_Terminal,22,552,3,0,8.1,0,0
TXN-11055,23.7,Transfer,Mobile_App,11,431,5,0,30.2,0,0
TXN-11056,104.94,Debit,Mobile_App,14,132,2,0,3.1,0,0
TXN-11057,162.23,Transfer,Mobile_App,20,1500,4,0,4.6,0,0
TXN-11058,9.46,Transfer,POS_Terminal,8,172,4,0,2.2,0,0
TXN-11059,24.05,Cash_Out,POS_Terminal,16,8,5,3,7.2,0,1
TXN-11060,7053.96,Purchase,Mobile_App,17,136,4,0,495.5,0,1
TXN-11061,325.36,Purchase,Mobile_App,6,42,3,0,2.6,0,0
TXN-11062,167.46,Debit,Mobile_App,18,39,3,0,26.7,0,0
TXN-11063,38.11,Transfer,Web_Browser,18,100,5,0,15.8,0,0
TXN-11064,160.07,Transfer,Mobile_App,3,17,3,0,0.2,0,0
TXN-11065,13.9,Debit,POS_Terminal,6,350,5,0,43.5,0,0
TXN-11066,74.04,Payment,Mobile_App,5,24,2,0,53.2,0,0
TXN-11067,138.95,Payment,Mobile_App,11,69,4,0,38.8,1,0
TXN-11068,31.8,Transfer,Mobile_App,13,30,3,0,10.4,0,1
TXN-11069,54.14,Payment,Mobile_App,13,20,4,0,3.7,0,0
TXN-11070,6234.09,Payment,ATM,10,94,4,0,7.4,1,1
TXN-11071,173.1,Payment,Mobile_App,19,255,7,1,14.3,0,0
TXN-11072,11.87,Payment,Mobile_App,11,1004,2,0,7.1,0,0
TXN-11073,46.03,Payment,Mobile_App,4,626,3,0,18.5,0,1
TXN-11074,21.77,Purchase,Mobile_App,10,627,5,0,23.8,0,0
TXN-11075,94.38,Transfer,Mobile_App,13,59,4,0,3.5,0,0
TXN-11076,40.15,Transfer,Mobile_App,12,93,4,0,7.8,0,0
TXN-11077,123.31,Cash_Out,Web_Browser,10,24,3,0,47.5,0,0
TXN-11078,14.25,Payment,Web_Browser,7,453,6,0,4.3,0,0
TXN-11079,7543.91,Purchase,Mobile_App,18,22,2,0,6.4,1,1
TXN-11080,404.89,Debit,Mobile_App,23,245,4,0,0.5,0,0
TXN-11081,44.54,Payment,ATM,11,86,2,0,6.1,0,0
TXN-11082,161.08,Transfer,Mobile_App,11,84,2,2,7.0,1,0
TXN-11083,18.97,Purchase,Mobile_App,15,1405,4,0,1.6,0,0
TXN-11084,12.34,Purchase,Mobile_App,16,425,4,0,0.0,1,0
TXN-11085,222.57,Transfer,Mobile_App,12,545,6,0,12.8,0,0
TXN-11086,122.23,Cash_Out,POS_Terminal,19,255,4,0,5.4,1,0
TXN-11087,35.96,Payment,Mobile_App,14,615,2,0,0.3,0,0
TXN-11088,279.82,Purchase,Web_Browser,12,312,5,0,29.5,0,0
TXN-11089,29.34,Payment,Mobile_App,15,877,2,0,2243.3,0,0
TXN-11090,23.19,Purchase,Mobile_App,21,100,7,0,2.8,0,0
TXN-11091,55.45,Cash_Out,POS_Terminal,17,272,1,0,30.1,0,0
TXN-11092,5050.42,Cash_Out,Mobile_App,4,352,2,0,4.4,0,1
TXN-11093,17.12,Transfer,Web_Browser,11,150,7,0,3.9,0,0
TXN-11094,48.55,Payment,Mobile_App,13,636,3,0,33.8,0,0
TXN-11095,70.26,Payment,Web_Browser,10,1171,3,3,3.0,0,0
TXN-11096,125.2,Payment,Mobile_App,16,205,3,0,31.7,1,0
TXN-11097,779.26,Payment,POS_Terminal,18,149,4,0,24.4,0,0
TXN-11098,185.77,Debit,Mobile_App,16,192,2,0,5.6,0,0
TXN-11099,6514.48,Transfer,POS_Terminal,22,575,2,1,0.5,0,1
TXN-11100,831.14,Payment,Mobile_App,10,312,2,2,1.3,0,0
TXN-11101,57.45,Purchase,Web_Browser,19,14,1,0,1.7,0,0
TXN-11102,76.09,Purchase,Mobile_App,17,235,2,0,33.2,0,0
TXN-11103,3692.61,Purchase,ATM,11,6,3,0,7.8,0,1
TXN-11104,54.12,Purchase,Mobile_App,16,453,2,0,0.5,0,0
TXN-11105,53.25,Payment,Mobile_App,7,120,4,0,1278.0,0,0
TXN-11106,107.84,Transfer,Mobile_App,17,192,1,0,3.5,0,0
TXN-11107,135.36,Debit,Mobile_App,13,481,8,0,4.0,0,0
TXN-11108,7126.98,Cash_Out,Mobile_App,10,15,3,0,2.6,0,1
TXN-11109,179.88,Payment,ATM,15,52,3,0,21.5,0,0
TXN-11110,31.64,Debit,ATM,15,153,3,0,0.0,1,0
TXN-11111,166.75,Payment,Mobile_App,9,79,3,1,8.7,0,0
TXN-11112,28.29,Payment,ATM,3,124,3,0,1.4,0,0
TXN-11113,17.58,Transfer,Web_Browser,12,1500,4,0,12.1,0,0
TXN-11114,6479.01,Cash_Out,Mobile_App,14,524,3,0,6.4,1,1
TXN-11115,42.67,Cash_Out,Web_Browser,19,646,6,1,0.4,0,0
TXN-11116,20.39,Payment,Web_Browser,20,830,4,0,9.3,0,0
TXN-11117,37.36,Purchase,ATM,13,126,3,0,12.7,0,0
TXN-11118,31.75,Payment,Mobile_App,17,106,3,0,4.3,1,0
TXN-11119,54.75,Payment,Web_Browser,12,80,2,0,21.8,0,0
TXN-11120,94.39,Purchase,Mobile_App,17,532,4,0,7.0,0,0
TXN-11121,50.3,Purchase,Mobile_App,9,342,3,0,20.8,0,0
TXN-11122,21.45,Purchase,Mobile_App,11,81,3,0,13.0,0,0
TXN-11123,37.94,Debit,ATM,15,142,6,0,30.5,0,0
TXN-11124,147.11,Cash_Out,POS_Terminal,1,212,1,0,11.9,0,0
TXN-11125,28.14,Cash_Out,POS_Terminal,16,226,3,0,3.1,1,0
TXN-11126,20.88,Payment,Web_Browser,18,659,4,0,25.9,0,0
TXN-11127,11.73,Transfer,Mobile_App,12,144,3,0,551.2,0,1
TXN-11128,5332.17,Transfer,Mobile_App,12,718,4,2,53.8,0,1
TXN-11129,124.62,Payment,Mobile_App,18,175,4,0,1.5,0,0
TXN-11130,26.29,Debit,Mobile_App,17,412,4,1,13.4,0,0
TXN-11131,52.65,Transfer,POS_Terminal,10,799,2,0,10.1,0,0
TXN-11132,33.45,Payment,Web_Browser,11,715,1,0,16.7,0,0
TXN-11133,31.51,Payment,Mobile_App,16,18,2,0,58.8,0,0
TXN-11134,203.05,Cash_Out,Mobile_App,14,70,1,0,11.4,0,0
TXN-11135,47.04,Payment,Mobile_App,8,195,4,0,17.4,0,0
TXN-11136,15.57,Purchase,Mobile_App,10,170,4,0,6.4,0,0
TXN-11137,5539.88,Transfer,ATM,19,308,3,0,5.3,0,1
TXN-11138,18.96,Transfer,Web_Browser,16,869,2,0,6.1,0,0
TXN-11139,16.9,Cash_Out,POS_Terminal,22,36,3,0,0.6,0,0
TXN-11140,129.19,Debit,Mobile_App,17,181,3,0,5.0,0,0
TXN-11141,44.34,Payment,Mobile_App,20,65,1,0,2020.3,1,0
TXN-11142,58.3,Cash_Out,Mobile_App,9,674,2,0,9.2,0,0
TXN-11143,42.49,Cash_Out,POS_Terminal,17,1003,5,0,9.3,0,0
TXN-11144,44.62,Payment,POS_Terminal,2,196,3,1,21.7,0,0
TXN-11145,140.04,Purchase,Mobile_App,15,33,4,0,10.5,0,0
TXN-11146,150.81,Debit,Web_Browser,13,462,2,0,1636.1,0,1
TXN-11147,326.65,Cash_Out,Mobile_App,11,359,2,0,4.0,0,0
TXN-11148,22.69,Purchase,Web_Browser,18,132,2,2,28.7,1,0
TXN-11149,36.93,Purchase,ATM,18,656,4,0,1.4,0,0
TXN-11150,7189.68,Debit,Web_Browser,2,1117,1,2,60.5,0,1
TXN-11151,263.29,Debit,Web_Browser,14,245,3,0,9.7,0,0
TXN-11152,27.26,Cash_Out,Mobile_App,11,251,2,0,3.1,0,0
TXN-11153,140.56,Cash_Out,Mobile_App,12,106,3,0,6.6,1,1
TXN-11154,29.67,Cash_Out,Mobile_App,18,264,3,0,0.2,0,0
TXN-11155,144.55,Debit,Mobile_App,10,174,5,0,2.7,0,0
TXN-11156,59.93,Payment,Web_Browser,20,108,4,0,6.1,0,0
TXN-11157,19.25,Purchase,Web_Browser,8,21,5,1,12.1,0,0
TXN-11158,48.52,Purchase,Mobile_App,15,88,1,0,2.1,0,0
TXN-11159,100.88,Payment,POS_Terminal,15,67,4,0,16.9,0,0
TXN-11160,5.0,Debit,Mobile_App,9,235,3,0,27.9,0,0
TXN-11161,135.63,Payment,Mobile_App,11,277,4,0,12.7,0,0
TXN-11162,12.61,Payment,Mobile_App,18,282,4,0,5.3,0,0
TXN-11163,43.89,Debit,Mobile_App,17,148,3,0,1.9,0,0
TXN-11164,48.96,Payment,Mobile_App,11,165,1,1,0.2,0,0
TXN-11165,5.0,Debit,Mobile_App,13,540,5,0,19.7,0,0
TXN-11166,29.53,Debit,Mobile_App,5,195,3,0,14.9,0,0
TXN-11167,82.92,Transfer,ATM,9,1322,7,0,9.7,0,0
TXN-11168,351.75,Payment,Mobile_App,13,174,2,0,1.6,0,0
TXN-11169,124.28,Payment,Mobile_App,6,315,3,0,3.5,0,0
TXN-11170,135.01,Cash_Out,Mobile_App,18,16,2,0,25.3,0,0
TXN-11171,6.31,Purchase,Web_Browser,16,318,3,0,9.8,0,0
TXN-11172,40.39,Cash_Out,Mobile_App,20,573,5,0,49.4,1,0
TXN-11173,336.84,Payment,POS_Terminal,16,857,6,0,157.3,0,1
TXN-11174,148.16,Cash_Out,Web_Browser,20,1500,2,0,24.2,0,0
TXN-11175,5989.57,Transfer,Web_Browser,14,100,7,0,4.5,0,1
TXN-11176,61.21,Debit,Web_Browser,14,257,7,0,3.9,0,0
TXN-11177,145.44,Payment,Mobile_App,21,180,4,1,4.4,1,1
TXN-11178,4871.39,Debit,Mobile_App,15,249,3,4,2228.9,0,1
TXN-11179,48.11,Transfer,Mobile_App,3,52,6,0,6.1,0,0
TXN-11180,42.74,Purchase,Web_Browser,16,582,3,0,18.4,1,0
TXN-11181,84.93,Payment,Mobile_App,19,721,3,0,47.9,0,0
TXN-11182,144.75,Cash_Out,Mobile_App,17,180,5,0,25.7,0,0
TXN-11183,36.88,Purchase,ATM,14,99,3,0,13.7,0,0
TXN-11184,6230.3,Payment,Mobile_App,15,46,2,0,2.8,1,1
TXN-11185,50.4,Purchase,POS_Terminal,22,346,5,0,2.9,0,0
TXN-11186,15.44,Cash_Out,POS_Terminal,6,113,4,0,10.2,0,0
TXN-11187,377.43,Payment,Mobile_App,15,721,7,0,45.5,0,0
TXN-11188,4558.17,Payment,Mobile_App,10,334,3,0,35.2,1,1
TXN-11189,48.53,Debit,Mobile_App,15,312,2,1,2.7,0,0
TXN-11190,26.84,Payment,Web_Browser,14,246,2,0,5.1,0,0
TXN-11191,32.52,Cash_Out,Web_Browser,8,15,2,0,13.3,0,0
TXN-11192,125.73,Payment,POS_Terminal,9,807,6,1,9.7,0,0
TXN-11193,156.48,Cash_Out,ATM,15,297,4,0,1.9,1,0
TXN-11194,105.2,Payment,Web_Browser,7,1500,5,0,6.9,0,0
TXN-11195,143.74,Purchase,Mobile_App,10,232,7,0,46.4,0,0
TXN-11196,32.26,Purchase,Mobile_App,18,372,2,0,45.4,0,0
TXN-11197,18.25,Purchase,POS_Terminal,11,18,3,0,12.3,0,0
TXN-11198,25.81,Debit,Mobile_App,13,300,4,1,15.1,0,0
TXN-11199,84.02,Payment,Mobile_App,20,435,4,0,3.8,0,0
TXN-11200,184.37,Debit,Web_Browser,9,453,3,0,20.3,0,0
TXN-11201,15.89,Payment,Mobile_App,11,442,2,0,0.8,0,0
TXN-11202,38.27,Payment,ATM,14,77,4,0,3.7,0,0
TXN-11203,41.55,Payment,Web_Browser,17,1112,3,0,0.1,0,0
TXN-11204,25.2,Transfer,Mobile_App,19,1500,3,1,7.3,0,0
TXN-11205,99.17,Debit,ATM,20,24,3,1,28.5,0,0
TXN-11206,148.2,Cash_Out,Mobile_App,17,827,3,0,60.7,0,0
TXN-11207,634.57,Transfer,Mobile_App,9,103,3,0,16.5,0,0
TXN-11208,393.44,Payment,Mobile_App,2,351,4,0,20.5,0,0
TXN-11209,120.31,Purchase,Mobile_App,11,124,7,1,4.6,0,0
TXN-11210,34.48,Transfer,Mobile_App,7,1031,3,0,11.0,0,0
TXN-11211,110.72,Transfer,Mobile_App,16,33,5,0,20.0,0,0
TXN-11212,7.73,Payment,Mobile_App,15,207,3,0,10.3,1,0
TXN-11213,105.77,Debit,Mobile_App,4,168,3,0,1.4,0,0
TXN-11214,78.7,Cash_Out,POS_Terminal,18,119,2,0,20.3,0,0
TXN-11215,58.96,Payment,POS_Terminal,9,312,3,0,3.7,0,0
TXN-11216,24.99,Payment,Mobile_App,12,43,5,0,2102.8,0,0
TXN-11217,120.77,Cash_Out,Mobile_App,15,379,3,0,936.3,0,0
TXN-11218,20.29,Cash_Out,Mobile_App,12,1183,4,0,1.2,0,0
TXN-11219,156.84,Payment,Mobile_App,12,490,3,0,14.9,0,0
TXN-11220,99.58,Purchase,POS_Terminal,5,590,5,0,15.3,0,0
TXN-11221,83.89,Payment,Web_Browser,12,134,5,0,4.4,0,0
TXN-11222,20.41,Transfer,Mobile_App,17,118,3,1,50.1,1,1
TXN-11223,28.44,Purchase,Mobile_App,20,219,1,0,26.1,0,0
TXN-11224,5057.1,Transfer,Mobile_App,12,15,3,0,789.5,0,1
TXN-11225,126.5,Cash_Out,Web_Browser,12,873,5,0,20.7,0,0
TXN-11226,56.62,Transfer,Mobile_App,16,47,5,0,6.5,0,0
TXN-11227,31.9,Payment,ATM,20,700,1,0,20.8,0,0
TXN-11228,47.64,Purchase,POS_Terminal,10,27,1,0,24.2,0,0
TXN-11229,3962.91,Transfer,Mobile_App,12,519,2,2,2.5,0,1
TXN-11230,1314.07,Purchase,Web_Browser,17,50,4,0,16.3,0,1
TXN-11231,35.22,Payment,ATM,15,12,5,0,29.8,0,0
TXN-11232,11.25,Payment,Web_Browser,7,382,1,1,5.9,0,0
TXN-11233,19.06,Payment,Mobile_App,15,99,4,0,1.3,0,0
TXN-11234,42.49,Cash_Out,Mobile_App,8,377,10,0,0.4,0,0
TXN-11235,161.46,Transfer,POS_Terminal,13,243,2,0,1.7,0,0
TXN-11236,103.73,Purchase,Web_Browser,13,35,1,0,0.1,0,0
TXN-11237,146.87,Transfer,Web_Browser,19,808,2,1,5.9,0,0
TXN-11238,105.98,Purchase,POS_Terminal,12,181,4,0,5.3,0,0
TXN-11239,20.89,Payment,POS_Terminal,10,398,7,0,1.8,0,0
TXN-11240,297.3,Purchase,ATM,9,209,3,1,15.8,0,0
TXN-11241,114.66,Debit,Mobile_App,19,279,5,0,1887.8,0,0
TXN-11242,329.22,Debit,Web_Browser,8,109,6,0,34.7,1,0
TXN-11243,291.15,Debit,Web_Browser,12,68,4,0,4.4,0,0
TXN-11244,4745.54,Debit,POS_Terminal,8,235,5,2,1518.6,0,1
TXN-11245,33.48,Cash_Out,Web_Browser,17,175,3,0,41.4,0,0
TXN-11246,5.84,Payment,Mobile_App,13,149,2,0,35.5,0,0
TXN-11247,64.47,Payment,POS_Terminal,11,335,2,0,32.4,0,0
TXN-11248,52.49,Purchase,Web_Browser,11,352,3,2,23.2,0,0
TXN-11249,28.82,Cash_Out,Mobile_App,18,15,2,0,5.2,0,0
TXN-11250,33.15,Debit,Mobile_App,14,125,3,0,1.3,0,0
TXN-11251,91.76,Transfer,Mobile_App,16,160,2,0,10.0,0,0
TXN-11252,8.3,Payment,Mobile_App,19,31,4,1,0.8,0,0
TXN-11253,196.52,Payment,Mobile_App,19,81,3,0,97.3,0,0
TXN-11254,2750.81,Cash_Out,Mobile_App,11,16,3,0,6.7,0,1
TXN-11255,38.22,Transfer,Web_Browser,21,1500,5,0,47.7,0,0
TXN-11256,50.6,Payment,Web_Browser,2,401,4,0,22.3,0,0
TXN-11257,75.0,Transfer,Web_Browser,11,28,6,0,7.9,0,0
TXN-11258,123.34,Payment,POS_Terminal,19,7,6,0,1.9,0,0
TXN-11259,415.21,Cash_Out,Mobile_App,10,382,3,0,4.1,0,1
TXN-11260,32.26,Payment,Mobile_App,10,174,4,0,16.8,0,0
TXN-11261,213.57,Debit,POS_Terminal,10,464,5,1,26.6,0,0
TXN-11262,43.75,Payment,Mobile_App,15,772,1,0,58.3,0,0
TXN-11263,36.67,Transfer,ATM,12,275,2,0,2.1,0,0
TXN-11264,42.18,Payment,POS_Terminal,16,63,5,1,2.5,0,0
TXN-11265,161.25,Payment,Web_Browser,19,458,6,0,0.7,0,0
TXN-11266,30.81,Transfer,ATM,15,936,2,1,4.5,0,0
TXN-11267,60.75,Transfer,Mobile_App,9,261,5,0,25.8,0,0
TXN-11268,32.69,Cash_Out,Mobile_App,20,344,3,0,3.3,0,0
TXN-11269,35.57,Payment,Web_Browser,10,124,8,0,11.9,0,0
TXN-11270,210.76,Cash_Out,Mobile_App,8,145,4,0,8.9,0,0
TXN-11271,54.02,Purchase,ATM,6,399,3,0,5.9,0,0
TXN-11272,28.05,Debit,Mobile_App,14,789,4,0,14.4,0,0
TXN-11273,35.37,Payment,Web_Browser,7,298,3,0,10.5,0,0
TXN-11274,5924.58,Transfer,Web_Browser,7,468,3,0,6.1,0,1
TXN-11275,51.82,Payment,Web_Browser,10,57,2,0,17.5,0,0
TXN-11276,54.73,Payment,Mobile_App,10,72,4,0,4.9,0,0
TXN-11277,40.49,Purchase,Mobile_App,14,228,3,0,360.7,0,0
TXN-11278,155.1,Payment,POS_Terminal,18,59,1,1,47.3,0,0
TXN-11279,97.18,Transfer,Mobile_App,17,303,4,0,617.8,0,0
TXN-11280,3433.23,Cash_Out,POS_Terminal,10,104,1,0,8.1,0,1
TXN-11281,62.17,Debit,Web_Browser,9,471,2,0,20.6,0,0
TXN-11282,24.17,Cash_Out,POS_Terminal,21,496,5,0,548.1,0,0
TXN-11283,50.72,Payment,Web_Browser,0,187,4,1,5.9,0,0
TXN-11284,27.38,Payment,Mobile_App,19,60,4,4,18.3,0,0
TXN-11285,66.39,Transfer,Web_Browser,8,313,3,0,1556.5,0,1
TXN-11286,49.23,Payment,POS_Terminal,20,1480,5,0,25.6,0,0
TXN-11287,4616.88,Transfer,Mobile_App,11,293,1,0,5.3,0,1
TXN-11288,62.98,Payment,ATM,12,11,2,0,41.7,0,0
TXN-11289,73.6,Payment,Mobile_App,16,6,4,0,12.8,0,1
TXN-11290,162.45,Transfer,Mobile_App,14,116,2,0,6.5,0,0
TXN-11291,118.93,Payment,Mobile_App,10,66,7,0,8.2,0,0
TXN-11292,141.33,Cash_Out,ATM,14,504,5,0,6.4,0,0
TXN-11293,38.4,Cash_Out,Mobile_App,16,559,6,0,2.4,0,0
TXN-11294,72.8,Debit,POS_Terminal,4,90,5,0,1.1,0,0
TXN-11295,309.48,Payment,POS_Terminal,1,119,4,1,5.8,0,0
TXN-11296,49.56,Payment,Mobile_App,12,81,3,0,9.2,0,0
TXN-11297,62.14,Payment,Mobile_App,7,718,3,1,6.7,1,0
TXN-11298,62.97,Cash_Out,Web_Browser,15,210,4,0,0.2,0,0
TXN-11299,49.21,Debit,Mobile_App,9,321,1,0,13.0,0,0
TXN-11300,197.98,Payment,POS_Terminal,12,162,4,1,2.3,0,0
TXN-11301,35.09,Purchase,Mobile_App,8,300,4,0,3.6,0,0
TXN-11302,160.76,Payment,Mobile_App,14,147,3,0,1.9,0,0
TXN-11303,117.86,Transfer,POS_Terminal,7,125,4,0,11.0,0,0
TXN-11304,3480.98,Debit,Mobile_App,2,302,2,1,397.3,0,1
TXN-11305,36.2,Purchase,Mobile_App,5,269,5,0,4.4,0,0
TXN-11306,52.84,Debit,Mobile_App,21,105,2,0,9.0,0,0
TXN-11307,174.03,Debit,Mobile_App,7,49,2,0,2.8,0,0
TXN-11308,160.27,Payment,Web_Browser,16,138,3,0,8.9,0,0
TXN-11309,121.51,Debit,POS_Terminal,6,161,3,0,6.3,0,0
TXN-11310,50.08,Payment,Mobile_App,7,298,2,0,29.6,0,0
TXN-11311,57.03,Purchase,Web_Browser,13,738,6,0,23.8,0,0
TXN-11312,102.14,Transfer,Web_Browser,12,12,5,1,74.1,0,0
TXN-11313,43.08,Debit,Mobile_App,20,84,4,0,11.3,0,0
TXN-11314,126.16,Transfer,Mobile_App,20,65,5,1,12.8,0,0
TXN-11315,63.54,Cash_Out,ATM,17,210,4,0,44.0,0,0
TXN-11316,150.5,Transfer,Web_Browser,14,169,2,0,7.7,0,0
TXN-11317,13.27,Debit,Web_Browser,12,392,5,0,12.2,0,0
TXN-11318,29.75,Payment,Web_Browser,11,84,3,0,7.1,0,0
TXN-11319,39.14,Payment,Mobile_App,20,271,3,0,11.8,0,0
TXN-11320,3588.76,Payment,Web_Browser,14,646,3,0,1.3,1,1
TXN-11321,37.49,Payment,Web_Browser,14,725,8,0,23.0,0,0
TXN-11322,483.08,Purchase,Web_Browser,9,957,4,0,63.3,0,0
TXN-11323,16.14,Payment,Mobile_App,4,446,3,0,1.0,0,0
TXN-11324,151.36,Purchase,Mobile_App,20,710,1,0,24.2,0,0
TXN-11325,186.83,Payment,Mobile_App,10,81,4,0,4.2,0,0
TXN-11326,89.86,Payment,ATM,12,67,3,0,3.3,0,0
TXN-11327,39.82,Debit,Mobile_App,7,2,3,0,17.7,0,0
TXN-11328,53.56,Cash_Out,Mobile_App,18,369,5,0,0.7,0,0
TXN-11329,123.6,Transfer,Mobile_App,2,832,1,0,9.3,0,0
TXN-11330,11.04,Cash_Out,Mobile_App,18,63,2,0,0.0,0,0
TXN-11331,28.95,Debit,Web_Browser,7,304,3,0,12.1,1,0
TXN-11332,31.89,Payment,Web_Browser,19,412,5,1,9.3,0,0
TXN-11333,94.12,Purchase,Web_Browser,16,788,3,0,37.1,0,0
TXN-11334,162.22,Purchase,Mobile_App,8,313,2,0,19.1,0,0
TXN-11335,395.83,Cash_Out,Web_Browser,14,1055,6,0,2.0,1,0
TXN-11336,8.46,Payment,Mobile_App,10,127,4,0,6.6,0,0
TXN-11337,2896.57,Cash_Out,Mobile_App,8,130,2,0,40.2,0,1
TXN-11338,38.78,Payment,Mobile_App,18,235,3,0,19.4,0,0
TXN-11339,95.21,Payment,Mobile_App,12,146,4,0,13.5,0,0
TXN-11340,8379.96,Payment,Mobile_App,12,1,3,0,12.3,0,1
TXN-11341,16.8,Transfer,Web_Browser,8,395,3,0,7.6,0,0
TXN-11342,79.55,Purchase,Web_Browser,11,418,2,0,13.2,0,0
TXN-11343,5073.04,Debit,POS_Terminal,19,413,1,0,677.7,0,1
TXN-11344,73.11,Debit,Mobile_App,11,127,6,0,2.0,0,0
TXN-11345,53.19,Transfer,Mobile_App,20,222,3,0,52.5,0,0
TXN-11346,49.42,Payment,Mobile_App,20,134,3,0,4.1,0,0
TXN-11347,36.9,Transfer,ATM,8,5,3,0,8.9,1,0
TXN-11348,5357.45,Purchase,Web_Browser,8,248,2,0,0.3,0,1
TXN-11349,75.31,Payment,Web_Browser,18,40,7,0,12.0,1,0
TXN-11350,287.35,Purchase,Mobile_App,12,26,9,1,7.2,0,0
TXN-11351,6508.28,Cash_Out,Web_Browser,0,423,3,0,4.3,0,1
TXN-11352,41.56,Transfer,Mobile_App,10,3,4,0,63.5,0,0
TXN-11353,93.77,Debit,Web_Browser,14,959,4,0,8.4,0,0
TXN-11354,51.4,Transfer,ATM,17,218,3,0,8.0,0,0
TXN-11355,61.82,Purchase,ATM,7,1223,4,0,9.3,0,0
TXN-11356,30.37,Purchase,Web_Browser,7,18,2,0,1.9,0,0
TXN-11357,124.63,Transfer,Mobile_App,20,263,3,0,7.5,0,0
TXN-11358,6.22,Payment,ATM,17,129,5,0,6.2,0,0
TXN-11359,20.23,Cash_Out,Web_Browser,14,557,5,0,1454.4,0,0
TXN-11360,385.86,Purchase,Mobile_App,17,135,4,0,29.1,0,0
TXN-11361,15.98,Payment,Mobile_App,12,91,3,1,3.2,0,0
TXN-11362,22.83,Cash_Out,Mobile_App,17,585,1,1,14.0,0,1
TXN-11363,24.84,Cash_Out,Mobile_App,11,141,5,2,0.6,0,0
TXN-11364,31.78,Debit,Mobile_App,9,6,2,0,5.7,0,0
TXN-11365,53.55,Payment,Web_Browser,16,149,3,1,9.6,0,0
TXN-11366,160.61,Debit,Mobile_App,12,319,2,0,1.2,0,0
TXN-11367,88.01,Purchase,Mobile_App,22,89,4,1,11.8,0,0
TXN-11368,43.12,Payment,Web_Browser,11,170,4,0,5.6,0,0
TXN-11369,313.92,Payment,POS_Terminal,20,18,4,0,506.0,0,0
TXN-11370,35.97,Purchase,Web_Browser,20,267,2,0,771.0,0,0
TXN-11371,57.83,Payment,Mobile_App,9,424,3,0,4.2,0,0
TXN-11372,61.51,Purchase,ATM,17,160,2,0,1.6,0,0
TXN-11373,2540.33,Transfer,ATM,12,164,3,1,0.6,0,1
TXN-11374,17.27,Payment,Mobile_App,20,28,3,0,1.4,0,0
TXN-11375,19.61,Purchase,Mobile_App,12,68,2,0,17.1,0,0
TXN-11376,140.15,Transfer,Web_Browser,17,51,5,1,29.0,0,1
TXN-11377,325.31,Transfer,POS_Terminal,13,198,2,0,2.6,0,0
TXN-11378,37.94,Transfer,ATM,9,227,4,1,7.7,0,0
TXN-11379,15.46,Cash_Out,POS_Terminal,8,893,1,0,6.6,0,0
TXN-11380,16.61,Payment,Web_Browser,12,23,3,0,2285.6,0,0
TXN-11381,153.89,Transfer,Web_Browser,17,275,5,0,3.0,0,0
TXN-11382,10.11,Purchase,Mobile_App,14,225,3,0,46.0,0,0
TXN-11383,58.2,Payment,Mobile_App,16,218,2,4,19.6,0,0
TXN-11384,45.78,Cash_Out,Mobile_App,10,620,1,1,46.5,0,0
TXN-11385,27.79,Payment,Web_Browser,13,70,6,0,4.9,0,0
TXN-11386,23.14,Debit,Web_Browser,4,13,3,0,1803.4,0,0
TXN-11387,109.53,Payment,Web_Browser,18,335,2,0,19.8,0,0
TXN-11388,118.8,Purchase,Mobile_App,22,128,4,0,18.6,0,0
TXN-11389,175.44,Transfer,Web_Browser,12,6,4,0,0.3,0,0
TXN-11390,88.62,Payment,Mobile_App,1,87,4,0,905.8,0,0
TXN-11391,55.01,Payment,Mobile_App,8,112,3,0,2217.9,0,0
TXN-11392,64.28,Payment,POS_Terminal,15,288,2,0,1.9,0,0
TXN-11393,147.06,Transfer,Web_Browser,15,57,5,0,11.8,0,0
TXN-11394,9.9,Payment,ATM,17,160,4,0,5.7,0,0
TXN-11395,85.11,Debit,Mobile_App,9,198,3,0,31.7,0,0
TXN-11396,30.62,Transfer,Mobile_App,17,185,5,0,17.9,0,0
TXN-11397,79.53,Payment,Mobile_App,16,1095,2,0,3.8,0,0
TXN-11398,19.48,Cash_Out,Mobile_App,10,14,5,0,0.5,0,1
TXN-11399,127.75,Debit,POS_Terminal,14,905,2,0,5.2,0,0
TXN-11400,98.26,Payment,Web_Browser,8,262,3,1,0.6,0,0
TXN-11401,26.97,Payment,POS_Terminal,12,477,1,0,2.3,0,0
TXN-11402,34.22,Payment,Mobile_App,19,169,2,0,775.7,0,0
TXN-11403,31.22,Debit,POS_Terminal,12,182,3,0,20.5,0,0
TXN-11404,57.81,Cash_Out,Mobile_App,18,635,4,0,9.5,0,0
TXN-11405,415.62,Transfer,POS_Terminal,14,679,4,0,1554.9,0,1
TXN-11406,8.87,Debit,Mobile_App,8,82,7,0,2.5,0,0
TXN-11407,75.62,Debit,Mobile_App,14,67,3,0,5.7,1,0
TXN-11408,7731.94,Cash_Out,Web_Browser,13,206,6,0,1047.5,0,1
TXN-11409,32.11,Purchase,ATM,12,692,1,0,6.8,0,0
TXN-11410,10.24,Payment,Mobile_App,7,117,4,0,6.4,0,0
TXN-11411,44.66,Payment,Mobile_App,12,317,2,0,3.2,0,0
TXN-11412,16.16,Payment,POS_Terminal,6,370,2,0,13.6,0,0
TXN-11413,95.24,Payment,Mobile_App,7,453,4,0,24.9,0,0
TXN-11414,13.71,Transfer,Mobile_App,12,249,1,0,9.5,0,1
TXN-11415,51.93,Purchase,Mobile_App,10,155,6,0,1.8,0,0
TXN-11416,25.26,Payment,Mobile_App,20,1024,3,0,27.3,0,0
TXN-11417,7575.98,Payment,ATM,11,284,3,0,1.1,0,1
TXN-11418,262.38,Transfer,POS_Terminal,17,392,3,0,9.6,0,0
TXN-11419,38.13,Purchase,Web_Browser,13,127,7,0,4.5,0,0
TXN-11420,19.09,Payment,ATM,16,333,6,0,41.3,0,0
TXN-11421,290.77,Transfer,Mobile_App,10,90,1,0,20.1,0,0
TXN-11422,47.64,Payment,Mobile_App,20,85,1,0,12.5,0,0
TXN-11423,74.75,Payment,Mobile_App,13,377,2,0,16.5,0,0
TXN-11424,48.36,Purchase,Mobile_App,18,222,4,0,11.4,0,0
TXN-11425,44.45,Purchase,Mobile_App,11,345,3,0,2.4,0,0
TXN-11426,33.35,Payment,ATM,7,95,3,0,18.5,0,0
TXN-11427,8.26,Purchase,POS_Terminal,15,274,3,2,10.2,0,0
TXN-11428,319.74,Cash_Out,Mobile_App,0,177,1,1,15.1,0,0
TXN-11429,66.55,Purchase,Web_Browser,13,273,4,0,1929.9,0,0
TXN-11430,50.32,Transfer,Web_Browser,8,104,5,0,2.3,0,0
TXN-11431,138.12,Transfer,ATM,15,378,2,2,13.4,0,0
TXN-11432,31.2,Transfer,POS_Terminal,21,492,4,0,9.2,0,0
TXN-11433,79.02,Cash_Out,Web_Browser,12,91,4,0,1054.7,0,1
TXN-11434,25.29,Payment,POS_Terminal,18,108,9,0,4.1,0,0
TXN-11435,38.67,Payment,Web_Browser,13,325,5,0,15.0,0,0
TXN-11436,97.95,Payment,Web_Browser,13,357,3,0,0.9,1,0
TXN-11437,71.87,Debit,Mobile_App,20,366,4,0,8.5,0,0
TXN-11438,39.41,Payment,Mobile_App,19,345,3,0,11.1,0,0
TXN-11439,113.4,Cash_Out,Web_Browser,17,150,3,0,5.5,0,0
TXN-11440,25.1,Purchase,Mobile_App,10,151,3,1,25.8,1,0
TXN-11441,21.88,Payment,Mobile_App,14,89,4,1,0.9,0,0
TXN-11442,34.72,Cash_Out,Web_Browser,9,52,1,0,30.1,0,1
TXN-11443,43.36,Transfer,Mobile_App,12,354,2,0,19.3,0,0
TXN-11444,39.16,Purchase,Web_Browser,13,30,3,0,8.9,0,0
TXN-11445,35.63,Payment,Web_Browser,18,834,8,0,38.7,0,0
TXN-11446,134.78,Cash_Out,ATM,19,526,2,0,18.2,0,0
TXN-11447,245.59,Debit,Mobile_App,12,585,5,0,40.1,0,0
TXN-11448,47.92,Purchase,Mobile_App,1,712,2,2,9.6,0,0
TXN-11449,98.68,Cash_Out,Web_Browser,18,158,4,1,9.0,0,0
TXN-11450,26.18,Transfer,POS_Terminal,8,563,4,0,11.3,0,0
TXN-11451,7030.62,Cash_Out,ATM,15,52,2,1,1.0,0,1
TXN-11452,6566.08,Purchase,Mobile_App,2,7,3,0,35.9,0,1
TXN-11453,4157.92,Cash_Out,Mobile_App,12,461,8,0,772.4,0,1
TXN-11454,115.58,Payment,ATM,22,24,5,1,14.4,0,0
TXN-11455,26.39,Purchase,Mobile_App,7,1341,3,0,39.1,0,0
TXN-11456,151.61,Cash_Out,Web_Browser,12,337,4,1,75.9,0,0
TXN-11457,127.69,Cash_Out,Mobile_App,10,421,3,0,2.7,0,0
TXN-11458,166.6,Payment,Mobile_App,19,85,7,0,20.7,0,0
TXN-11459,151.99,Cash_Out,Mobile_App,19,337,5,0,13.0,0,0
TXN-11460,377.15,Transfer,Mobile_App,9,14,5,0,9.3,0,1
TXN-11461,90.69,Cash_Out,Web_Browser,6,546,4,0,57.0,0,0
TXN-11462,12.85,Payment,ATM,15,56,3,2,28.5,0,0
TXN-11463,62.11,Cash_Out,Mobile_App,11,359,5,0,17.9,0,0
TXN-11464,34.55,Purchase,POS_Terminal,15,77,3,0,7.2,0,0
TXN-11465,13.95,Payment,Mobile_App,3,22,1,0,16.5,1,1
TXN-11466,196.13,Purchase,Web_Browser,7,198,4,1,11.4,1,0
TXN-11467,40.2,Transfer,Mobile_App,16,56,2,0,4.3,0,0
TXN-11468,12.3,Purchase,ATM,9,393,3,0,9.0,0,0
TXN-11469,28.65,Debit,POS_Terminal,18,82,2,0,3.6,0,0
TXN-11470,525.87,Cash_Out,Web_Browser,5,126,6,2,10.4,0,0
TXN-11471,214.3,Debit,POS_Terminal,9,252,7,0,1597.7,0,0
TXN-11472,113.24,Purchase,Web_Browser,23,101,3,0,0.6,0,0
TXN-11473,102.59,Transfer,ATM,12,143,5,0,21.7,0,0
TXN-11474,22.12,Payment,Web_Browser,16,508,2,0,0.3,0,0
TXN-11475,20.52,Cash_Out,ATM,8,60,4,1,10.9,0,0
TXN-11476,95.39,Debit,Web_Browser,15,26,2,4,12.8,0,0
TXN-11477,267.32,Debit,Mobile_App,16,120,3,0,21.5,0,0
TXN-11478,19.76,Debit,Web_Browser,10,166,4,1,21.5,0,0
TXN-11479,49.57,Transfer,Mobile_App,18,235,6,0,8.1,0,0
TXN-11480,69.01,Debit,Web_Browser,14,140,4,0,1.0,0,0
TXN-11481,33.74,Payment,Mobile_App,11,469,3,0,17.7,0,0
TXN-11482,45.79,Transfer,Web_Browser,14,13,3,2,10.7,0,0
TXN-11483,19.52,Payment,Mobile_App,14,170,4,0,6.1,0,0
TXN-11484,74.35,Payment,Mobile_App,8,145,5,0,1914.3,0,0
TXN-11485,64.86,Transfer,Mobile_App,12,313,3,1,1.9,1,0
TXN-11486,101.12,Transfer,ATM,11,1017,3,0,1433.6,0,0
TXN-11487,44.52,Cash_Out,Mobile_App,12,215,1,0,9.2,0,0
TXN-11488,111.36,Transfer,Mobile_App,17,1301,4,0,9.7,0,0
TXN-11489,76.61,Transfer,Web_Browser,13,108,2,0,13.1,0,0
TXN-11490,187.79,Payment,Web_Browser,20,10,4,0,6.8,0,0
TXN-11491,41.89,Transfer,Mobile_App,10,55,3,2,37.9,0,0
TXN-11492,140.16,Payment,Mobile_App,12,151,4,0,10.3,0,0
TXN-11493,43.63,Payment,Mobile_App,17,115,4,1,8.3,0,0
TXN-11494,103.71,Cash_Out,ATM,14,31,6,0,0.7,0,0
TXN-11495,206.15,Cash_Out,Mobile_App,14,171,4,0,1847.5,0,0
TXN-11496,176.78,Cash_Out,Mobile_App,5,124,2,0,13.9,0,0
TXN-11497,44.53,Transfer,Mobile_App,12,40,2,0,13.1,0,0
TXN-11498,32.28,Transfer,Mobile_App,10,106,1,0,32.8,0,0
TXN-11499,144.19,Purchase,POS_Terminal,23,653,3,1,21.6,0,0
TXN-11500,34.69,Transfer,Mobile_App,10,108,3,0,30.3,1,0
TXN-11501,146.92,Transfer,Mobile_App,19,376,1,0,0.9,0,0
TXN-11502,16.53,Payment,Mobile_App,16,285,1,0,5.7,0,0
TXN-11503,87.68,Payment,Mobile_App,11,168,2,0,5.8,0,0
TXN-11504,37.78,Transfer,Mobile_App,14,82,4,1,16.1,0,0
TXN-11505,10.32,Transfer,POS_Terminal,18,139,6,1,8.9,0,0
TXN-11506,25.18,Cash_Out,POS_Terminal,19,270,4,0,22.5,0,0
TXN-11507,37.08,Transfer,ATM,8,130,3,0,7.3,0,0
TXN-11508,374.16,Cash_Out,POS_Terminal,11,73,2,0,3.8,0,0
TXN-11509,5.0,Debit,Web_Browser,11,38,6,0,5.2,0,0
TXN-11510,7975.93,Debit,Mobile_App,4,636,2,0,3.0,0,1
TXN-11511,38.52,Debit,POS_Terminal,14,175,2,0,3.3,1,0
TXN-11512,20.7,Purchase,POS_Terminal,18,295,5,0,3.7,0,0
TXN-11513,37.04,Payment,POS_Terminal,11,203,6,0,0.2,0,0
TXN-11514,47.09,Payment,Web_Browser,16,619,4,1,18.9,0,0
TXN-11515,27.94,Payment,Mobile_App,15,238,6,0,7.7,0,0
TXN-11516,78.05,Cash_Out,POS_Terminal,11,197,4,0,0.3,0,0
TXN-11517,265.53,Purchase,Web_Browser,7,776,5,0,6.9,0,0
TXN-11518,51.96,Payment,ATM,16,382,2,1,35.4,1,0
TXN-11519,27.48,Purchase,Mobile_App,18,36,4,2,10.7,0,0
TXN-11520,48.92,Payment,Mobile_App,16,59,6,1,64.9,0,0
TXN-11521,38.55,Purchase,Mobile_App,1,465,1,0,11.6,0,0
TXN-11522,163.49,Transfer,POS_Terminal,9,543,4,0,49.4,0,0
TXN-11523,34.32,Payment,Mobile_App,6,237,4,0,3.4,0,0
TXN-11524,88.89,Transfer,Mobile_App,14,243,4,0,5.1,0,0
TXN-11525,5843.34,Payment,ATM,17,300,3,3,18.1,0,1
TXN-11526,60.75,Payment,Mobile_App,7,174,6,0,64.9,0,0
TXN-11527,17.53,Payment,POS_Terminal,18,343,3,0,26.2,0,0
TXN-11528,29.54,Debit,Mobile_App,14,35,1,0,12.1,0,0
TXN-11529,45.14,Transfer,POS_Terminal,16,976,4,0,1.3,0,0
TXN-11530,16.6,Payment,Web_Browser,21,417,4,1,6.8,0,0
TXN-11531,20.5,Cash_Out,ATM,6,300,2,0,1.4,0,0
TXN-11532,33.79,Debit,ATM,19,115,4,0,5.6,0,0
TXN-11533,76.85,Payment,Mobile_App,7,53,4,0,1170.6,0,0
TXN-11534,223.23,Transfer,Mobile_App,12,158,3,0,2029.5,0,1
TXN-11535,71.32,Payment,Mobile_App,18,326,6,0,27.2,0,0
TXN-11536,61.99,Payment,Web_Browser,19,302,1,0,1545.6,0,0
TXN-11537,58.54,Cash_Out,POS_Terminal,13,145,5,0,5.5,0,0
TXN-11538,5914.88,Payment,Mobile_App,14,286,2,2,4.5,0,1
TXN-11539,49.64,Transfer,Web_Browser,16,505,4,0,5.3,0,0
TXN-11540,95.9,Debit,Mobile_App,18,8,4,0,6.7,0,1
TXN-11541,140.64,Payment,POS_Terminal,7,180,4,1,4.2,1,0
TXN-11542,5.0,Cash_Out,ATM,18,427,2,0,42.9,0,0
TXN-11543,112.34,Payment,Mobile_App,13,237,3,0,8.2,0,0
TXN-11544,40.67,Purchase,Mobile_App,12,317,2,0,1.8,0,0
TXN-11545,89.53,Transfer,Mobile_App,12,219,2,0,651.4,0,0
TXN-11546,78.29,Debit,Web_Browser,13,1444,4,2,3.1,0,0
TXN-11547,47.86,Cash_Out,Web_Browser,20,17,4,0,3.7,0,0
TXN-11548,92.35,Payment,Mobile_App,14,203,3,0,5.0,0,0
TXN-11549,72.62,Cash_Out,Mobile_App,21,29,4,0,2.0,0,1
TXN-11550,52.58,Purchase,Mobile_App,8,53,5,0,19.2,1,0
TXN-11551,48.94,Cash_Out,Web_Browser,16,145,4,0,23.5,0,0
TXN-11552,20.34,Debit,Web_Browser,18,51,1,1,7.5,1,0
TXN-11553,55.39,Purchase,Mobile_App,16,995,4,1,17.5,0,0
TXN-11554,7.46,Payment,POS_Terminal,14,881,3,0,7.4,0,0
TXN-11555,72.81,Payment,Web_Browser,14,123,6,0,2.7,0,0
TXN-11556,115.48,Cash_Out,Mobile_App,18,307,2,0,7.6,0,1
TXN-11557,12.82,Transfer,Mobile_App,18,229,2,0,12.2,0,0
TXN-11558,41.39,Debit,POS_Terminal,7,508,3,0,0.6,0,0
TXN-11559,225.76,Purchase,ATM,18,297,3,0,15.9,0,0
TXN-11560,484.36,Transfer,Mobile_App,12,1,2,0,20.4,0,0
TXN-11561,49.57,Payment,Mobile_App,9,433,6,0,29.5,0,0
TXN-11562,58.12,Debit,Mobile_App,19,413,5,1,1.6,0,0
TXN-11563,50.84,Payment,Web_Browser,12,214,2,0,0.0,0,0
TXN-11564,5695.73,Debit,Mobile_App,17,700,5,4,1.1,0,1
TXN-11565,187.84,Transfer,Mobile_App,10,718,4,0,38.7,0,0
TXN-11566,54.78,Cash_Out,Web_Browser,0,223,4,0,21.8,0,0
TXN-11567,13.85,Payment,Web_Browser,13,281,2,0,2248.7,1,1
TXN-11568,70.61,Cash_Out,Mobile_App,7,1500,3,0,10.9,0,0
TXN-11569,37.16,Transfer,Mobile_App,17,107,3,0,11.2,0,0
TXN-11570,17.82,Cash_Out,Web_Browser,10,118,5,0,5.3,0,0
TXN-11571,17.82,Payment,Mobile_App,12,61,2,0,27.7,0,0
TXN-11572,48.91,Debit,Mobile_App,6,679,2,0,26.6,0,0
TXN-11573,102.19,Purchase,POS_Terminal,10,410,1,0,7.5,0,0
TXN-11574,96.65,Payment,Mobile_App,17,34,3,0,6.0,0,0
TXN-11575,182.31,Payment,Web_Browser,8,1202,3,0,20.1,0,0
TXN-11576,25.61,Payment,ATM,15,394,3,1,0.4,0,0
TXN-11577,37.72,Cash_Out,Mobile_App,20,571,2,0,29.5,0,0
TXN-11578,103.08,Cash_Out,Mobile_App,16,15,7,0,8.9,0,0
TXN-11579,112.25,Transfer,Web_Browser,18,211,3,0,8.7,0,0
TXN-11580,32.43,Payment,POS_Terminal,7,360,1,0,16.6,0,0
TXN-11581,27.47,Transfer,ATM,9,235,2,1,15.6,0,1
TXN-11582,87.46,Cash_Out,Web_Browser,19,330,5,0,4.6,0,0
TXN-11583,131.54,Transfer,Mobile_App,16,511,5,0,43.0,0,0
TXN-11584,43.06,Purchase,Web_Browser,15,141,2,0,64.4,0,0
TXN-11585,86.44,Payment,Mobile_App,15,567,3,0,11.2,0,0
TXN-11586,54.75,Cash_Out,Mobile_App,12,54,2,1,12.4,0,1
TXN-11587,28.46,Transfer,Mobile_App,4,95,5,1,12.1,0,1
TXN-11588,113.89,Transfer,Mobile_App,17,14,2,0,10.0,0,1
TXN-11589,43.5,Debit,POS_Terminal,16,136,5,1,43.6,0,0
TXN-11590,11.99,Cash_Out,Mobile_App,13,144,4,0,4.2,0,0
TXN-11591,28.27,Purchase,Mobile_App,19,491,4,0,1.7,0,0
TXN-11592,5.76,Payment,Mobile_App,11,318,2,0,39.8,0,1
TXN-11593,815.65,Payment,POS_Terminal,10,173,3,2,3.6,0,0
TXN-11594,200.17,Debit,Web_Browser,19,317,4,0,20.7,0,0
TXN-11595,14.59,Cash_Out,Mobile_App,17,17,5,0,2124.7,0,0
TXN-11596,30.27,Payment,Mobile_App,13,60,6,0,2417.0,0,1
TXN-11597,68.38,Payment,Mobile_App,7,296,2,0,23.5,0,0
TXN-11598,270.3,Payment,ATM,9,308,3,1,37.6,0,0
TXN-11599,112.64,Purchase,Web_Browser,15,447,4,0,45.2,0,0
TXN-11600,68.09,Payment,Web_Browser,11,155,4,0,1.3,0,0
TXN-11601,30.31,Payment,Web_Browser,18,385,5,0,8.5,0,0
TXN-11602,88.08,Payment,Mobile_App,20,346,1,0,15.7,0,0
TXN-11603,84.6,Transfer,POS_Terminal,17,993,4,0,24.3,0,0
TXN-11604,56.5,Payment,Web_Browser,11,73,2,0,4.1,0,0
TXN-11605,50.42,Transfer,Mobile_App,17,241,4,0,36.9,0,0
TXN-11606,34.91,Payment,Mobile_App,11,277,1,1,3.7,0,0
TXN-11607,197.72,Debit,Web_Browser,8,1500,5,0,30.2,0,0
TXN-11608,10.06,Payment,ATM,3,68,2,0,10.8,0,0
TXN-11609,74.33,Transfer,Mobile_App,11,223,6,0,10.9,0,1
TXN-11610,55.52,Purchase,POS_Terminal,19,128,5,0,7.0,0,0
TXN-11611,7.63,Cash_Out,POS_Terminal,9,224,2,0,1.6,0,0
TXN-11612,37.4,Transfer,Mobile_App,9,80,3,0,6.4,0,0
TXN-11613,19.71,Payment,Mobile_App,21,15,2,0,8.3,0,0
TXN-11614,19.44,Payment,Mobile_App,2,255,3,0,9.8,0,0
TXN-11615,24.95,Cash_Out,Web_Browser,17,123,4,0,20.2,0,0
TXN-11616,189.63,Purchase,Mobile_App,10,61,2,0,6.5,0,0
TXN-11617,51.46,Cash_Out,Mobile_App,3,118,3,0,7.8,0,0
TXN-11618,6907.22,Cash_Out,Web_Browser,20,16,2,0,35.5,0,1
TXN-11619,16.41,Debit,Web_Browser,7,902,3,0,1508.7,0,1
TXN-11620,29.39,Transfer,Mobile_App,14,262,4,0,0.3,1,0
TXN-11621,35.68,Payment,Mobile_App,10,506,3,0,25.1,0,0
TXN-11622,1552.12,Cash_Out,Mobile_App,5,166,3,0,69.0,0,1
TXN-11623,92.92,Purchase,Web_Browser,5,701,2,0,42.1,0,0
TXN-11624,71.59,Payment,POS_Terminal,7,199,4,0,27.1,1,0
TXN-11625,24.35,Cash_Out,Mobile_App,6,256,5,0,14.9,0,0
TXN-11626,114.45,Payment,POS_Terminal,17,204,4,0,4.9,0,0
TXN-11627,2782.04,Transfer,Web_Browser,13,397,4,0,15.9,0,1
TXN-11628,71.25,Payment,Web_Browser,11,251,4,0,1754.2,0,0
TXN-11629,13.82,Transfer,Web_Browser,12,96,3,0,5.0,0,0
TXN-11630,42.27,Debit,Mobile_App,20,48,4,0,4.4,0,0
TXN-11631,91.6,Payment,Mobile_App,19,280,5,0,7.6,0,0
TXN-11632,60.51,Cash_Out,Web_Browser,16,202,5,0,15.4,0,0
TXN-11633,24.1,Debit,Web_Browser,19,31,2,0,5.2,0,0
TXN-11634,93.88,Purchase,Web_Browser,10,152,2,0,12.2,0,0
TXN-11635,25.08,Payment,Mobile_App,11,217,3,0,34.4,0,0
TXN-11636,9.51,Transfer,ATM,15,527,4,0,5.2,0,0
TXN-11637,153.41,Payment,Web_Browser,15,24,4,0,50.7,0,0
TXN-11638,20.02,Purchase,Mobile_App,13,129,3,0,9.6,0,0
TXN-11639,120.21,Purchase,Mobile_App,12,519,6,0,1.6,0,0
TXN-11640,43.08,Transfer,POS_Terminal,22,314,3,0,0.8,1,0
TXN-11641,104.12,Debit,POS_Terminal,18,103,6,0,6.2,1,0
TXN-11642,24.9,Transfer,Mobile_App,12,560,4,1,4.5,0,0
TXN-11643,128.37,Cash_Out,POS_Terminal,16,204,4,0,27.8,0,0
TXN-11644,31.65,Payment,Mobile_App,10,207,2,0,20.1,0,0
TXN-11645,41.52,Debit,Mobile_App,7,1127,3,0,32.4,0,0
TXN-11646,6.32,Payment,POS_Terminal,11,882,3,1,13.3,0,0
TXN-11647,10.8,Debit,POS_Terminal,12,134,4,0,8.6,1,0
TXN-11648,116.52,Debit,Web_Browser,1,46,2,0,4.7,0,0
TXN-11649,28.03,Debit,POS_Terminal,18,119,4,0,13.1,0,0
TXN-11650,7.68,Payment,Mobile_App,11,10,4,0,14.4,0,0
TXN-11651,29.25,Payment,POS_Terminal,14,7,4,0,7.5,0,0
TXN-11652,93.53,Payment,Mobile_App,6,152,3,0,41.4,0,0
TXN-11653,16.5,Transfer,Mobile_App,8,850,4,0,15.3,0,1
TXN-11654,153.88,Payment,Mobile_App,19,616,5,0,27.3,0,0
TXN-11655,31.48,Purchase,Mobile_App,14,215,2,1,14.5,0,0
TXN-11656,37.15,Cash_Out,Mobile_App,20,250,3,0,5.7,0,0
TXN-11657,25.15,Payment,Mobile_App,23,2,2,0,2186.2,0,0
TXN-11658,8.33,Transfer,Mobile_App,11,73,5,0,3.9,0,0
TXN-11659,6657.5,Transfer,Mobile_App,10,8,6,2,13.6,0,1
TXN-11660,49.53,Cash_Out,Web_Browser,18,422,6,0,7.7,0,0
TXN-11661,78.12,Transfer,Mobile_App,23,48,4,0,2.4,0,0
TXN-11662,24.91,Purchase,Mobile_App,15,610,2,0,8.0,0,0
TXN-11663,10.44,Transfer,Web_Browser,17,310,5,0,5.6,0,0
TXN-11664,296.82,Purchase,POS_Terminal,17,79,4,0,1.8,0,0
TXN-11665,64.07,Purchase,POS_Terminal,11,52,2,1,26.0,0,0
TXN-11666,49.43,Payment,Mobile_App,14,297,3,0,10.4,0,0
TXN-11667,152.7,Purchase,Web_Browser,18,694,3,0,6.4,0,0
TXN-11668,20.11,Payment,Mobile_App,16,381,4,0,10.5,0,0
TXN-11669,17.08,Debit,Mobile_App,2,129,2,1,21.1,0,1
TXN-11670,100.22,Transfer,Mobile_App,11,266,8,2,0.3,0,0
TXN-11671,320.75,Purchase,POS_Terminal,8,112,3,0,11.9,0,0
TXN-11672,12.94,Purchase,Mobile_App,9,1500,2,0,9.8,0,0
TXN-11673,51.14,Debit,Mobile_App,19,415,5,0,33.5,0,0
TXN-11674,73.94,Debit,Mobile_App,3,286,2,0,12.2,0,0
TXN-11675,81.88,Payment,POS_Terminal,9,166,4,0,2.2,0,0
TXN-11676,38.19,Payment,Web_Browser,10,289,3,2,321.0,0,0
TXN-11677,20.73,Transfer,Mobile_App,15,126,7,0,14.6,0,0
TXN-11678,6.54,Payment,Web_Browser,13,9,2,0,0.7,0,0
TXN-11679,387.06,Cash_Out,Web_Browser,9,151,4,1,32.4,0,0
TXN-11680,256.15,Payment,Web_Browser,8,800,3,0,1.1,0,0
TXN-11681,26.52,Purchase,Mobile_App,9,296,7,0,0.5,0,0
TXN-11682,52.29,Cash_Out,POS_Terminal,13,27,2,0,0.0,0,0
TXN-11683,27.88,Debit,Mobile_App,10,649,2,0,17.3,0,0
TXN-11684,37.99,Payment,Web_Browser,20,94,6,1,9.1,0,0
TXN-11685,44.36,Purchase,Mobile_App,12,84,6,1,1.6,0,0
TXN-11686,15.19,Purchase,Mobile_App,5,106,4,0,29.1,0,1
TXN-11687,47.62,Transfer,Mobile_App,16,259,5,1,3.4,0,0
TXN-11688,4815.41,Cash_Out,Web_Browser,11,237,2,0,5.9,0,1
TXN-11689,9.94,Debit,Mobile_App,15,203,5,0,2.9,0,0
TXN-11690,24.92,Payment,POS_Terminal,10,380,6,0,39.2,0,0
TXN-11691,12.55,Transfer,Mobile_App,14,115,3,0,21.3,0,0
TXN-11692,17.96,Transfer,Web_Browser,17,458,3,0,19.3,1,0
TXN-11693,2275.61,Payment,POS_Terminal,20,58,2,0,0.7,1,1
TXN-11694,43.9,Transfer,Web_Browser,10,458,1,0,11.1,0,0
TXN-11695,44.24,Payment,Web_Browser,11,328,3,0,12.9,0,0
TXN-11696,415.98,Payment,Web_Browser,12,345,4,2,7.2,1,0
TXN-11697,70.28,Payment,Mobile_App,20,198,3,2,5.8,0,0
TXN-11698,75.75,Purchase,POS_Terminal,19,330,3,1,28.7,0,0
TXN-11699,58.1,Transfer,Mobile_App,6,25,2,0,0.3,0,0
TXN-11700,12.22,Purchase,Web_Browser,7,573,2,0,14.7,0,0
TXN-11701,45.73,Transfer,Web_Browser,13,18,5,0,7.5,0,0
TXN-11702,52.01,Payment,Mobile_App,7,49,2,0,16.4,1,0
TXN-11703,108.31,Transfer,Mobile_App,11,258,3,0,3.3,0,0
TXN-11704,17.1,Transfer,Mobile_App,8,404,2,0,2298.1,0,0
TXN-11705,29.39,Payment,POS_Terminal,15,24,3,0,13.3,0,0
TXN-11706,17.49,Cash_Out,ATM,20,761,3,0,58.6,0,0
TXN-11707,26.59,Payment,Web_Browser,23,1091,4,0,55.1,0,0
TXN-11708,38.57,Cash_Out,Web_Browser,11,280,2,0,4.3,0,0
TXN-11709,15.67,Cash_Out,ATM,14,197,3,0,1.6,0,0
TXN-11710,118.63,Payment,Mobile_App,18,406,2,0,13.4,0,0
TXN-11711,19.35,Payment,Mobile_App,7,120,1,0,8.2,0,0
TXN-11712,103.47,Debit,Web_Browser,16,204,4,0,21.5,1,0
TXN-11713,33.25,Transfer,POS_Terminal,12,744,7,0,11.3,0,0
TXN-11714,32.49,Payment,POS_Terminal,9,935,5,0,10.7,0,0
TXN-11715,122.55,Purchase,Mobile_App,12,786,5,0,15.6,0,0
TXN-11716,98.69,Payment,Mobile_App,6,92,4,0,2.0,0,0
TXN-11717,2183.93,Cash_Out,Mobile_App,16,80,1,0,17.0,0,1
TXN-11718,9.35,Purchase,Mobile_App,9,107,3,0,823.7,0,0
TXN-11719,179.4,Payment,Mobile_App,10,175,1,0,25.7,0,0
TXN-11720,229.38,Payment,POS_Terminal,7,114,3,0,2.2,0,0
TXN-11721,2443.52,Payment,Mobile_App,18,141,5,0,5.4,0,1
TXN-11722,20.15,Payment,POS_Terminal,13,291,5,0,45.0,0,0
TXN-11723,15.73,Payment,Mobile_App,14,432,4,0,12.1,0,0
TXN-11724,39.04,Cash_Out,Web_Browser,14,400,2,0,39.7,0,0
TXN-11725,17.69,Payment,Mobile_App,12,506,1,0,17.5,0,0
TXN-11726,42.25,Transfer,Mobile_App,8,10,6,0,39.1,1,0
TXN-11727,30.2,Purchase,Mobile_App,17,15,2,0,5.7,0,0
TXN-11728,13.84,Debit,ATM,7,468,1,0,1.4,0,0
TXN-11729,26.84,Cash_Out,POS_Terminal,7,229,2,0,24.3,0,0
TXN-11730,57.48,Payment,Mobile_App,16,259,2,0,24.5,0,0
TXN-11731,21.17,Cash_Out,Mobile_App,9,17,4,0,14.5,0,0
TXN-11732,37.08,Transfer,ATM,10,89,2,0,331.2,0,0
TXN-11733,128.99,Transfer,Mobile_App,13,306,2,0,37.0,0,0
TXN-11734,24.87,Payment,Mobile_App,12,589,4,0,2.9,0,0
TXN-11735,20.85,Purchase,Web_Browser,16,747,3,0,14.4,0,0
TXN-11736,59.54,Transfer,ATM,15,209,5,0,0.8,0,0
TXN-11737,168.79,Payment,Mobile_App,15,237,3,0,2.3,0,0
TXN-11738,7413.68,Transfer,Mobile_App,16,538,3,0,8.6,0,1
TXN-11739,26.99,Transfer,ATM,10,232,2,0,25.8,0,0
TXN-11740,26.89,Debit,Mobile_App,10,219,4,0,19.8,0,0
TXN-11741,32.42,Debit,Mobile_App,12,707,2,0,54.8,0,0
TXN-11742,38.01,Debit,Web_Browser,10,469,2,0,0.7,0,0
TXN-11743,641.3,Payment,POS_Terminal,22,720,2,0,7.2,0,0
TXN-11744,59.88,Transfer,Mobile_App,18,74,5,0,2.6,0,1
TXN-11745,326.35,Transfer,ATM,8,223,3,0,0.6,0,0
TXN-11746,123.91,Payment,Web_Browser,0,555,4,0,4.6,0,0
TXN-11747,5.0,Payment,Mobile_App,4,36,2,0,4.2,0,1
TXN-11748,32.68,Debit,ATM,9,475,3,0,8.2,0,0
TXN-11749,50.77,Payment,Mobile_App,7,61,4,0,2.3,1,0
TXN-11750,64.24,Transfer,Mobile_App,13,496,5,0,10.1,0,0
TXN-11751,58.18,Payment,Web_Browser,18,285,4,0,37.9,0,0
TXN-11752,9.72,Payment,Mobile_App,16,65,7,0,20.7,0,0
TXN-11753,9.35,Payment,Mobile_App,9,193,5,0,27.7,0,0
TXN-11754,52.06,Purchase,Mobile_App,12,344,4,0,24.5,0,0
TXN-11755,36.27,Debit,Mobile_App,13,302,5,0,7.4,0,0
TXN-11756,194.49,Purchase,POS_Terminal,18,168,4,0,18.5,1,0
TXN-11757,54.73,Transfer,Web_Browser,18,689,1,3,21.1,0,0
TXN-11758,117.48,Payment,ATM,19,220,4,1,3.5,0,0
TXN-11759,104.27,Transfer,Mobile_App,13,212,5,1,29.5,0,0
TXN-11760,50.82,Transfer,Mobile_App,16,20,3,0,9.2,0,0
TXN-11761,164.29,Debit,Mobile_App,7,766,4,0,0.2,0,0
TXN-11762,34.23,Payment,Mobile_App,14,59,7,0,15.5,0,0
TXN-11763,51.67,Transfer,Mobile_App,9,226,2,0,16.9,1,1
TXN-11764,6999.93,Payment,POS_Terminal,12,489,4,0,12.0,0,1
TXN-11765,23.39,Payment,ATM,15,73,3,0,3.6,0,0
TXN-11766,17.08,Debit,ATM,9,225,3,0,9.9,0,0
TXN-11767,3725.27,Transfer,Mobile_App,5,83,2,0,7.7,0,1
TXN-11768,19.15,Transfer,POS_Terminal,1,428,5,0,55.1,0,0
TXN-11769,47.57,Transfer,Mobile_App,2,250,4,0,26.1,0,0
TXN-11770,74.1,Transfer,Mobile_App,0,582,6,1,21.5,0,0
TXN-11771,1971.29,Debit,POS_Terminal,7,675,3,0,3.0,0,1
TXN-11772,57.58,Purchase,Web_Browser,9,314,2,0,6.0,0,0
TXN-11773,42.24,Purchase,Mobile_App,9,388,2,0,7.2,0,0
TXN-11774,137.99,Debit,Mobile_App,22,240,2,0,746.5,0,0
TXN-11775,32.94,Payment,Mobile_App,10,146,5,1,0.5,0,0
TXN-11776,266.3,Cash_Out,Web_Browser,7,314,4,1,13.5,0,0
TXN-11777,116.93,Transfer,Mobile_App,14,717,4,0,6.6,0,0
TXN-11778,39.13,Payment,ATM,18,162,4,0,12.4,0,0
TXN-11779,8181.33,Debit,Mobile_App,16,114,6,2,1548.6,0,1
TXN-11780,132.4,Payment,Mobile_App,10,148,5,2,5.8,0,0
TXN-11781,39.08,Purchase,Mobile_App,14,172,2,0,22.0,0,0
TXN-11782,56.72,Transfer,Web_Browser,16,23,1,0,10.4,1,0
TXN-11783,32.75,Cash_Out,Mobile_App,16,208,3,0,23.3,0,0
TXN-11784,31.29,Cash_Out,Web_Browser,15,205,2,0,18.0,0,0
TXN-11785,16.07,Purchase,POS_Terminal,19,267,7,1,29.0,0,0
TXN-11786,214.61,Cash_Out,ATM,19,136,4,0,0.1,0,0
TXN-11787,36.78,Cash_Out,POS_Terminal,14,285,3,0,4.5,0,0
TXN-11788,62.46,Payment,POS_Terminal,12,632,4,0,11.9,0,0
TXN-11789,89.22,Transfer,Web_Browser,15,934,3,0,42.5,0,0
TXN-11790,212.05,Payment,POS_Terminal,18,263,2,0,17.1,0,0
TXN-11791,31.22,Debit,Mobile_App,0,14,5,0,9.1,0,0
TXN-11792,5.46,Transfer,Mobile_App,23,1045,5,0,2.1,0,0
TXN-11793,59.79,Cash_Out,Mobile_App,8,368,2,0,10.2,0,0
TXN-11794,89.94,Payment,Mobile_App,13,123,4,0,8.7,0,1
TXN-11795,31.79,Payment,Mobile_App,19,48,5,1,22.6,0,0
TXN-11796,94.47,Debit,ATM,9,47,2,0,8.0,0,0
TXN-11797,54.63,Payment,Mobile_App,13,56,1,0,5.8,0,0
TXN-11798,6731.9,Payment,Mobile_App,7,14,3,0,1.4,0,1
TXN-11799,205.66,Payment,Web_Browser,12,698,4,0,0.7,0,0
TXN-11800,39.62,Purchase,Mobile_App,8,234,4,0,8.7,0,0
TXN-11801,286.27,Debit,Mobile_App,11,362,2,0,6.4,0,0
TXN-11802,56.43,Transfer,Mobile_App,11,529,3,1,12.2,1,1
TXN-11803,23.76,Payment,Mobile_App,23,471,2,0,18.7,0,0
TXN-11804,8.12,Payment,Mobile_App,23,643,4,0,0.6,0,0
TXN-11805,179.62,Debit,POS_Terminal,7,1026,4,0,10.3,0,0
TXN-11806,6608.61,Cash_Out,Web_Browser,16,174,2,0,29.7,0,1
TXN-11807,120.97,Payment,Mobile_App,5,901,2,0,9.1,1,1
TXN-11808,5683.35,Payment,Mobile_App,3,386,5,0,11.0,0,1
TXN-11809,329.31,Payment,Mobile_App,7,22,4,0,10.0,0,0
TXN-11810,6.43,Cash_Out,POS_Terminal,21,344,5,2,310.0,0,0
TXN-11811,9.3,Debit,Mobile_App,20,349,5,0,1.8,0,0
TXN-11812,41.22,Payment,Mobile_App,8,709,5,0,2.0,0,0
TXN-11813,145.27,Payment,POS_Terminal,8,141,2,0,3.0,0,0
TXN-11814,72.87,Payment,Mobile_App,9,264,2,0,23.6,0,0
TXN-11815,73.03,Purchase,Mobile_App,13,4,2,0,4.8,0,0
TXN-11816,34.97,Payment,Mobile_App,14,122,4,0,44.4,0,0
TXN-11817,23.42,Debit,ATM,9,20,4,0,24.9,1,1
TXN-11818,49.54,Cash_Out,POS_Terminal,17,222,3,0,17.3,0,0
TXN-11819,42.33,Transfer,Web_Browser,10,511,3,0,19.1,0,0
TXN-11820,34.83,Payment,Mobile_App,20,70,2,0,0.7,0,0
TXN-11821,102.42,Payment,Web_Browser,15,225,8,1,12.6,0,0
TXN-11822,54.06,Cash_Out,ATM,12,69,6,1,42.5,0,0
TXN-11823,84.97,Debit,ATM,17,39,3,0,0.6,0,0
TXN-11824,48.83,Cash_Out,Mobile_App,18,215,3,0,5.2,0,0
TXN-11825,108.46,Transfer,POS_Terminal,10,25,3,2,201.8,0,0
TXN-11826,18.1,Payment,Mobile_App,11,266,2,2,12.7,0,0
TXN-11827,13.27,Purchase,Mobile_App,20,10,3,0,1.9,0,0
TXN-11828,38.98,Debit,Web_Browser,8,34,4,0,9.8,0,0
TXN-11829,117.28,Payment,Mobile_App,4,240,3,0,19.1,0,0
TXN-11830,38.01,Purchase,ATM,12,269,5,0,1670.5,0,0
TXN-11831,417.37,Cash_Out,Mobile_App,17,9,5,1,21.1,0,0
TXN-11832,19.71,Cash_Out,Web_Browser,17,256,4,0,0.9,0,0
TXN-11833,44.98,Debit,ATM,20,547,3,0,2.4,0,0
TXN-11834,8.7,Debit,ATM,13,385,5,0,4.9,0,0
TXN-11835,239.34,Cash_Out,Mobile_App,7,43,2,0,23.9,0,0
TXN-11836,48.4,Payment,Mobile_App,14,270,5,0,28.5,0,0
TXN-11837,5.19,Payment,Web_Browser,17,335,6,0,3.7,0,0
TXN-11838,39.82,Purchase,Mobile_App,6,12,2,0,1242.8,0,1
TXN-11839,5.0,Payment,ATM,8,581,3,0,28.3,0,0
TXN-11840,184.81,Transfer,ATM,1,711,2,0,15.7,0,0
TXN-11841,21.96,Transfer,Mobile_App,14,571,4,0,2.6,0,1
TXN-11842,56.86,Transfer,Mobile_App,19,523,6,0,12.2,0,0
TXN-11843,26.04,Cash_Out,Mobile_App,15,410,3,0,30.9,0,0
TXN-11844,44.7,Purchase,ATM,22,302,2,0,1.1,0,0
TXN-11845,121.92,Payment,Mobile_App,5,341,4,0,1.3,0,0
TXN-11846,36.4,Payment,Mobile_App,19,493,1,0,4.8,0,0
TXN-11847,95.32,Payment,Mobile_App,18,326,5,1,15.8,0,0
TXN-11848,5.0,Purchase,Web_Browser,10,120,3,0,2.9,0,0
TXN-11849,7372.01,Cash_Out,Mobile_App,21,142,5,0,2142.0,0,1
TXN-11850,57.53,Payment,Mobile_App,10,683,6,1,20.8,0,0
TXN-11851,26.61,Debit,ATM,19,6,3,0,12.3,1,0
TXN-11852,176.59,Purchase,ATM,19,361,1,0,792.4,0,1
TXN-11853,126.08,Debit,POS_Terminal,17,929,5,0,66.6,0,0
TXN-11854,213.44,Purchase,Mobile_App,14,368,3,0,10.1,0,0
TXN-11855,60.25,Payment,Mobile_App,7,1500,6,0,9.0,0,0
TXN-11856,25.96,Debit,Web_Browser,13,349,3,0,845.6,0,0
TXN-11857,100.73,Transfer,Mobile_App,11,11,5,0,29.9,0,0
TXN-11858,19.02,Debit,ATM,17,527,5,3,9.1,0,0
TXN-11859,40.84,Debit,Web_Browser,17,101,2,0,8.1,0,0
TXN-11860,82.11,Debit,Mobile_App,19,178,3,0,378.4,0,0
TXN-11861,7646.34,Cash_Out,ATM,1,113,4,0,39.2,0,1
TXN-11862,595.12,Payment,ATM,17,94,5,0,27.8,0,0
TXN-11863,112.25,Transfer,Mobile_App,20,170,3,1,5.6,0,0
TXN-11864,21.77,Purchase,Web_Browser,17,143,8,0,21.0,0,0
TXN-11865,142.33,Purchase,Mobile_App,7,301,3,1,21.6,0,0
TXN-11866,279.49,Payment,Mobile_App,6,504,3,1,3.9,0,0
TXN-11867,12.08,Payment,Mobile_App,2,106,3,1,14.3,0,0
TXN-11868,196.32,Payment,Web_Browser,15,73,3,0,4.4,0,0
TXN-11869,15.46,Debit,ATM,15,330,4,0,1438.6,0,0
TXN-11870,54.13,Debit,Web_Browser,22,333,2,0,2.5,0,0
TXN-11871,65.04,Payment,Mobile_App,12,695,2,0,16.6,0,0
TXN-11872,28.25,Transfer,Web_Browser,11,5,3,0,5.9,0,0
TXN-11873,28.16,Debit,Mobile_App,15,576,1,0,0.6,0,0
TXN-11874,23.2,Debit,POS_Terminal,18,221,2,0,2.0,0,0
TXN-11875,31.81,Transfer,Mobile_App,20,292,6,0,16.0,1,1
TXN-11876,20.2,Cash_Out,Mobile_App,17,29,4,0,4.1,0,0
TXN-11877,166.18,Transfer,Mobile_App,12,171,4,0,15.0,0,0
TXN-11878,12.55,Payment,POS_Terminal,15,78,6,0,8.0,0,0
TXN-11879,329.6,Cash_Out,Mobile_App,18,88,4,0,17.7,0,0
TXN-11880,47.77,Cash_Out,POS_Terminal,13,211,6,2,1041.6,0,0
TXN-11881,6.72,Purchase,Mobile_App,9,503,4,1,5.5,0,0
TXN-11882,118.25,Cash_Out,Mobile_App,8,409,4,0,2.4,0,0
TXN-11883,37.03,Debit,Mobile_App,0,269,1,0,6.3,0,0
TXN-11884,16.56,Payment,ATM,16,233,5,0,15.1,0,0
TXN-11885,38.81,Transfer,ATM,7,168,2,0,20.2,0,0
TXN-11886,25.17,Payment,Mobile_App,9,1081,3,0,2.6,0,0
TXN-11887,197.84,Payment,Mobile_App,10,247,4,0,16.4,0,0
TXN-11888,25.01,Debit,Mobile_App,14,88,6,0,3.0,0,0
TXN-11889,14.52,Purchase,Web_Browser,12,79,1,0,3.8,0,0
TXN-11890,26.87,Payment,Mobile_App,15,284,2,1,11.4,0,0
TXN-11891,20.24,Transfer,ATM,5,222,2,0,5.1,0,0
TXN-11892,7956.32,Debit,ATM,7,3,1,0,16.3,1,1
TXN-11893,66.76,Payment,Mobile_App,13,532,1,0,46.8,0,0
TXN-11894,12.6,Cash_Out,Mobile_App,11,366,1,0,2.4,1,0
TXN-11895,2697.87,Debit,POS_Terminal,10,326,3,0,981.3,0,1
TXN-11896,34.98,Cash_Out,POS_Terminal,6,22,3,0,38.5,0,0
TXN-11897,8.65,Payment,Mobile_App,19,135,3,0,2.9,1,0
TXN-11898,18.03,Transfer,Mobile_App,16,822,6,0,6.9,0,0
TXN-11899,75.51,Debit,Mobile_App,7,596,3,0,2.0,0,0
TXN-11900,335.15,Cash_Out,Mobile_App,5,101,6,1,15.4,0,0
TXN-11901,8.69,Payment,Mobile_App,21,52,4,0,16.6,0,0
TXN-11902,834.33,Debit,Mobile_App,16,179,6,0,1252.6,0,0
TXN-11903,79.43,Payment,Web_Browser,12,132,6,0,11.7,0,0
TXN-11904,17.56,Debit,Mobile_App,16,344,3,0,20.6,0,0
TXN-11905,251.46,Payment,Mobile_App,17,1019,5,0,0.5,0,0
TXN-11906,82.96,Purchase,Mobile_App,17,136,3,0,47.4,0,0
TXN-11907,127.22,Transfer,POS_Terminal,13,20,3,0,2154.3,0,0
TXN-11908,124.63,Payment,POS_Terminal,12,684,3,1,1.9,0,0
TXN-11909,7931.97,Payment,Mobile_App,1,12,5,0,42.5,0,1
TXN-11910,15.63,Payment,Mobile_App,20,916,5,0,26.6,0,0
TXN-11911,122.37,Purchase,ATM,14,328,2,0,21.7,0,0
TXN-11912,57.59,Purchase,Mobile_App,9,853,4,0,1.7,0,0
TXN-11913,97.6,Transfer,Mobile_App,20,67,4,0,441.9,0,0
TXN-11914,27.79,Transfer,Mobile_App,20,13,4,0,14.1,0,0
TXN-11915,28.59,Debit,Mobile_App,22,201,4,0,19.7,0,0
TXN-11916,30.59,Purchase,Mobile_App,19,180,2,0,1404.3,0,0
TXN-11917,113.43,Cash_Out,ATM,23,121,3,0,3.2,0,0
TXN-11918,50.19,Transfer,Web_Browser,9,949,4,0,10.5,0,0
TXN-11919,31.84,Transfer,Mobile_App,18,519,3,1,21.0,0,0
TXN-11920,38.97,Cash_Out,ATM,18,326,2,0,8.5,0,0
TXN-11921,190.71,Payment,Mobile_App,9,54,6,0,0.8,0,0
TXN-11922,89.49,Cash_Out,Mobile_App,7,398,4,0,1.8,0,0
TXN-11923,86.35,Transfer,Web_Browser,21,390,1,0,13.8,0,0
TXN-11924,71.26,Debit,Web_Browser,10,167,3,0,5.0,0,0
TXN-11925,159.46,Payment,Mobile_App,19,777,2,0,2.2,0,0
TXN-11926,18.96,Cash_Out,Mobile_App,0,55,2,0,6.2,0,1
TXN-11927,132.42,Transfer,Web_Browser,2,94,2,0,3.4,1,0
TXN-11928,58.93,Cash_Out,Web_Browser,12,20,3,0,0.4,0,0
TXN-11929,21.48,Payment,Web_Browser,9,477,3,0,2.5,0,0
TXN-11930,53.56,Cash_Out,Mobile_App,16,292,2,0,32.2,0,0
TXN-11931,41.49,Cash_Out,Mobile_App,14,114,2,0,0.2,0,0
TXN-11932,76.81,Cash_Out,Mobile_App,6,54,5,0,22.3,0,0
TXN-11933,5824.81,Cash_Out,Mobile_App,8,13,4,2,21.0,0,1
TXN-11934,6685.26,Cash_Out,ATM,11,55,4,0,12.5,0,1
TXN-11935,304.16,Debit,Mobile_App,8,182,3,0,3.5,0,0
TXN-11936,10.17,Payment,Mobile_App,17,86,2,0,31.6,0,0
TXN-11937,26.04,Debit,POS_Terminal,12,90,4,0,9.7,0,0
TXN-11938,391.89,Transfer,Mobile_App,6,626,3,0,651.8,0,1
TXN-11939,12.37,Payment,Mobile_App,13,218,3,0,8.4,0,0
TXN-11940,30.21,Payment,POS_Terminal,6,392,6,0,3.3,0,0
TXN-11941,25.07,Payment,POS_Terminal,7,11,2,0,7.1,0,0
TXN-11942,5.0,Debit,Web_Browser,9,137,4,1,10.3,0,0
TXN-11943,48.9,Debit,Mobile_App,18,196,4,1,688.5,0,0
TXN-11944,85.11,Debit,Web_Browser,20,62,3,0,16.1,0,0
TXN-11945,1577.97,Transfer,POS_Terminal,18,39,6,0,41.2,0,1
TXN-11946,30.12,Transfer,Mobile_App,11,613,3,0,6.4,0,0
TXN-11947,7.52,Payment,Mobile_App,10,842,4,0,6.6,0,0
TXN-11948,27.03,Payment,POS_Terminal,14,25,3,1,20.1,1,0
TXN-11949,21.99,Transfer,Mobile_App,16,129,4,0,11.3,0,0
TXN-11950,69.9,Payment,POS_Terminal,23,954,1,0,8.4,0,0
TXN-11951,30.61,Payment,Mobile_App,7,27,1,0,25.2,0,0
TXN-11952,80.56,Cash_Out,Mobile_App,5,310,3,0,33.3,0,0
TXN-11953,7.8,Debit,Mobile_App,16,1076,3,0,13.4,0,0
TXN-11954,100.24,Purchase,POS_Terminal,18,1149,4,0,3.1,1,0
TXN-11955,88.66,Purchase,Mobile_App,18,192,7,0,9.4,0,0
TXN-11956,17.63,Cash_Out,Web_Browser,16,54,4,1,10.5,0,0
TXN-11957,25.76,Transfer,Web_Browser,21,68,5,0,8.5,0,0
TXN-11958,38.22,Cash_Out,Web_Browser,13,662,3,0,4.6,0,0
TXN-11959,155.59,Debit,ATM,19,729,2,0,9.6,0,0
TXN-11960,39.32,Payment,Web_Browser,21,281,4,0,8.9,0,0
TXN-11961,73.83,Transfer,Mobile_App,18,436,2,0,3.5,0,0
TXN-11962,52.67,Debit,ATM,10,405,2,3,35.1,0,0
TXN-11963,131.34,Transfer,Web_Browser,8,326,5,0,32.5,0,0
TXN-11964,62.52,Cash_Out,Mobile_App,14,527,2,0,21.4,0,0
TXN-11965,15.27,Cash_Out,Mobile_App,12,347,3,0,7.7,1,0
TXN-11966,40.8,Payment,POS_Terminal,19,230,2,0,6.9,0,0
TXN-11967,144.56,Transfer,Mobile_App,7,82,1,0,790.5,0,0
TXN-11968,73.5,Payment,Web_Browser,10,409,2,0,14.1,0,0
TXN-11969,15.64,Payment,Mobile_App,17,193,4,0,13.8,0,0
TXN-11970,314.58,Payment,Mobile_App,6,105,5,0,2.0,1,0
TXN-11971,29.03,Debit,Web_Browser,10,486,3,0,14.4,0,0
TXN-11972,134.9,Payment,Mobile_App,11,358,3,0,34.8,0,0
TXN-11973,219.75,Transfer,Mobile_App,15,832,4,0,1.3,0,1
TXN-11974,154.5,Payment,Web_Browser,8,55,4,0,6.2,0,0
TXN-11975,22.23,Purchase,Mobile_App,18,315,7,0,10.7,0,0
TXN-11976,160.38,Payment,Web_Browser,12,85,2,2,17.4,0,0
TXN-11977,68.59,Transfer,POS_Terminal,20,702,2,0,1.4,0,0
TXN-11978,14.44,Purchase,POS_Terminal,13,32,3,0,30.9,0,0
TXN-11979,49.83,Debit,Mobile_App,10,321,4,0,0.6,0,0
TXN-11980,20.0,Payment,Mobile_App,7,470,4,0,29.2,0,0
TXN-11981,80.42,Debit,Web_Browser,0,132,4,0,0.4,0,0
TXN-11982,119.71,Transfer,ATM,13,925,2,2,2.5,0,0
TXN-11983,167.75,Transfer,POS_Terminal,7,571,4,0,24.2,0,1
TXN-11984,50.43,Payment,POS_Terminal,12,105,5,1,29.5,0,0
TXN-11985,21.75,Payment,Mobile_App,14,3,5,0,60.5,0,0
TXN-11986,16.34,Debit,Mobile_App,10,106,5,0,1.8,0,0
TXN-11987,107.22,Transfer,Mobile_App,8,100,3,2,11.2,0,0
TXN-11988,144.13,Transfer,Mobile_App,17,663,1,0,1.2,0,0
TXN-11989,94.14,Debit,Mobile_App,20,1025,3,0,2.6,0,0
TXN-11990,23.17,Debit,ATM,7,22,4,1,2.9,0,0
TXN-11991,28.73,Payment,Mobile_App,8,192,3,0,1.0,0,0
TXN-11992,30.74,Cash_Out,Mobile_App,21,239,3,0,33.5,0,0
TXN-11993,12.13,Payment,Mobile_App,3,30,4,0,2.0,0,0
TXN-11994,90.2,Debit,ATM,21,143,5,0,14.9,0,0
TXN-11995,6841.94,Cash_Out,Web_Browser,0,115,5,0,14.7,0,1
TXN-11996,228.08,Purchase,Web_Browser,19,231,2,1,3.3,0,0
TXN-11997,20.61,Payment,ATM,10,325,2,0,96.7,0,0
TXN-11998,47.11,Payment,Mobile_App,20,365,2,0,6.4,0,0
TXN-11999,15.68,Payment,Web_Browser,10,45,4,0,35.3,0,0
TXN-12000,37.25,Payment,Mobile_App,15,503,3,0,44.4,0,0
TXN-12001,120.16,Payment,Mobile_App,6,341,4,0,44.6,1,0
TXN-12002,57.72,Purchase,POS_Terminal,9,660,5,1,21.0,0,0
TXN-12003,20.76,Payment,POS_Terminal,17,179,3,0,4.4,1,1
TXN-12004,12.19,Payment,Mobile_App,13,673,1,0,1.9,0,0
TXN-12005,39.05,Debit,Mobile_App,20,603,5,0,12.7,0,0
TXN-12006,6300.27,Transfer,Web_Browser,12,174,2,0,6.7,0,1
TXN-12007,123.98,Debit,Mobile_App,19,144,3,0,26.7,0,0
TXN-12008,25.88,Payment,Mobile_App,12,811,7,0,20.5,0,0
TXN-12009,3680.08,Transfer,Mobile_App,21,377,3,0,4.9,0,1
TXN-12010,456.39,Payment,Mobile_App,21,791,3,0,0.3,0,0
TXN-12011,53.3,Payment,POS_Terminal,11,479,2,0,4.1,0,0
TXN-12012,141.69,Purchase,Mobile_App,19,282,6,0,12.6,0,0
TXN-12013,15.4,Payment,Mobile_App,18,37,11,0,1.2,0,0
TXN-12014,75.33,Transfer,Web_Browser,9,104,2,1,16.1,0,1
TXN-12015,114.24,Transfer,POS_Terminal,15,1041,3,1,16.7,0,0
TXN-12016,57.85,Payment,Mobile_App,6,116,6,1,2.8,0,0
TXN-12017,9.58,Purchase,Mobile_App,18,30,4,0,13.6,0,0
TXN-12018,22.02,Payment,Mobile_App,8,369,5,0,14.0,0,0
TXN-12019,78.84,Cash_Out,Web_Browser,6,398,2,1,9.8,0,0
TXN-12020,11.04,Purchase,Web_Browser,12,101,4,0,45.9,0,0
TXN-12021,687.42,Cash_Out,POS_Terminal,14,107,6,2,1.7,0,0
TXN-12022,170.67,Purchase,ATM,18,190,2,0,7.8,0,0
TXN-12023,12.1,Payment,POS_Terminal,21,7,6,1,32.2,0,0
TXN-12024,70.99,Transfer,Web_Browser,12,468,3,0,1256.6,0,0
TXN-12025,58.9,Payment,Mobile_App,5,115,6,0,8.3,0,0
TXN-12026,162.22,Debit,Mobile_App,17,577,4,0,16.6,0,0
TXN-12027,5.0,Purchase,ATM,14,487,6,1,16.4,0,0
TXN-12028,64.7,Payment,Mobile_App,12,325,4,0,0.3,0,0
TXN-12029,16.41,Cash_Out,Mobile_App,10,118,2,3,1337.1,0,1
TXN-12030,84.68,Payment,Web_Browser,13,218,4,0,6.1,0,0
TXN-12031,18.4,Cash_Out,Mobile_App,11,177,5,0,2204.5,0,0
TXN-12032,214.68,Transfer,Web_Browser,17,125,4,0,12.2,0,1
TXN-12033,74.38,Purchase,Web_Browser,14,566,4,0,15.8,0,0
TXN-12034,9.0,Cash_Out,Mobile_App,19,199,3,0,15.9,0,1
TXN-12035,5.0,Payment,POS_Terminal,14,537,3,0,4.4,0,0
TXN-12036,89.86,Payment,Mobile_App,9,34,3,0,4.2,1,0
TXN-12037,27.25,Payment,Mobile_App,18,46,1,0,6.9,0,0
TXN-12038,96.9,Payment,Web_Browser,14,1136,3,0,4.2,0,0
TXN-12039,28.23,Payment,Web_Browser,9,266,6,1,17.2,0,0
TXN-12040,181.91,Purchase,POS_Terminal,15,214,3,0,13.9,0,0
TXN-12041,149.79,Cash_Out,Mobile_App,11,223,1,0,3.7,0,0
TXN-12042,84.1,Transfer,Web_Browser,18,73,1,0,32.3,0,0
TXN-12043,22.21,Payment,Mobile_App,12,381,2,1,2251.9,0,0
TXN-12044,30.38,Purchase,ATM,16,27,3,0,2.0,0,0
TXN-12045,42.14,Debit,Mobile_App,7,256,2,0,3.6,0,0
TXN-12046,19.11,Payment,Web_Browser,12,254,2,0,11.6,0,0
TXN-12047,105.79,Debit,Mobile_App,22,737,4,2,6.2,0,0
TXN-12048,39.42,Transfer,Mobile_App,17,225,2,0,1549.3,0,0
TXN-12049,45.52,Payment,Mobile_App,8,45,2,0,10.2,1,0
TXN-12050,32.45,Transfer,POS_Terminal,10,256,3,0,37.0,0,0
TXN-12051,53.62,Transfer,Web_Browser,11,29,3,2,1.6,0,0
TXN-12052,65.07,Payment,ATM,15,69,2,0,16.6,0,0
TXN-12053,31.57,Purchase,Mobile_App,17,10,2,0,32.5,0,0
TXN-12054,43.09,Debit,Mobile_App,17,217,2,0,5.2,0,0
TXN-12055,34.27,Cash_Out,Mobile_App,13,27,3,2,847.2,1,1
TXN-12056,34.36,Transfer,POS_Terminal,18,191,4,0,9.1,1,0
TXN-12057,55.73,Transfer,Mobile_App,12,811,4,0,48.8,0,0
TXN-12058,5.0,Cash_Out,POS_Terminal,7,382,4,0,15.1,0,0
TXN-12059,221.98,Transfer,ATM,14,25,4,0,15.5,0,0
TXN-12060,117.09,Payment,ATM,20,77,2,0,16.7,0,0
TXN-12061,64.1,Transfer,Web_Browser,17,336,4,0,0.6,0,1
TXN-12062,126.13,Debit,Web_Browser,14,676,5,1,8.8,0,0
TXN-12063,14.06,Transfer,POS_Terminal,15,11,2,0,1.2,1,0
TXN-12064,9.52,Payment,Mobile_App,20,503,3,0,5.7,0,0
TXN-12065,8.26,Debit,Web_Browser,12,248,6,1,25.9,0,0
TXN-12066,84.16,Payment,Mobile_App,11,237,4,0,16.0,1,0
TXN-12067,62.88,Payment,Mobile_App,21,950,2,0,81.3,0,0
TXN-12068,4853.31,Payment,Mobile_App,18,414,10,0,2.8,0,1
TXN-12069,139.18,Payment,Mobile_App,10,570,2,1,7.6,0,0
TXN-12070,5.08,Debit,Mobile_App,12,132,1,1,24.9,0,0
TXN-12071,16.42,Transfer,Mobile_App,12,243,3,0,3.6,0,0
TXN-12072,28.41,Payment,Web_Browser,8,287,4,0,2.5,0,0
TXN-12073,106.23,Purchase,Mobile_App,21,117,4,0,8.4,0,0
TXN-12074,63.36,Purchase,Web_Browser,12,254,3,2,7.3,0,0
TXN-12075,760.2,Purchase,Mobile_App,19,82,2,0,58.8,1,1
TXN-12076,18.3,Payment,Web_Browser,8,47,5,0,9.1,0,0
TXN-12077,92.05,Transfer,Web_Browser,14,141,2,0,29.6,0,0
TXN-12078,141.21,Purchase,Web_Browser,2,404,4,0,32.8,0,0
TXN-12079,236.21,Debit,Web_Browser,17,744,5,0,2082.4,0,0
TXN-12080,44.47,Payment,Mobile_App,14,184,2,0,18.8,0,0
TXN-12081,14.85,Payment,POS_Terminal,15,309,3,3,4.9,0,0
TXN-12082,6885.51,Transfer,Mobile_App,5,33,4,1,1.5,0,1
TXN-12083,73.1,Purchase,Mobile_App,9,705,2,0,31.2,0,0
TXN-12084,97.08,Transfer,Web_Browser,6,253,1,0,5.2,0,0
TXN-12085,210.72,Transfer,Mobile_App,10,455,3,0,6.4,0,0
TXN-12086,43.05,Payment,Web_Browser,15,475,1,0,5.9,0,0
TXN-12087,19.33,Cash_Out,Web_Browser,14,89,4,1,3.4,0,0
TXN-12088,96.22,Debit,Mobile_App,15,226,5,0,8.6,0,0
TXN-12089,74.3,Transfer,Mobile_App,14,970,2,0,8.4,0,0
TXN-12090,39.75,Debit,Mobile_App,10,29,1,0,7.9,1,0
TXN-12091,19.86,Purchase,ATM,9,345,2,2,37.2,0,0
TXN-12092,76.86,Payment,Web_Browser,7,984,5,0,6.2,0,0
TXN-12093,128.57,Transfer,Mobile_App,18,108,4,1,0.5,0,0
TXN-12094,11.12,Payment,Mobile_App,15,593,4,1,2.9,0,0
TXN-12095,57.05,Debit,Web_Browser,8,814,6,0,19.2,0,0
TXN-12096,98.49,Cash_Out,POS_Terminal,8,413,1,1,13.4,0,0
TXN-12097,330.39,Cash_Out,Mobile_App,19,79,5,0,45.5,0,0
TXN-12098,58.37,Debit,Mobile_App,16,122,3,0,17.8,0,0
TXN-12099,258.49,Transfer,POS_Terminal,15,11,4,0,3.2,0,1
TXN-12100,126.27,Purchase,Mobile_App,12,535,3,0,1.9,0,0
TXN-12101,128.87,Transfer,Mobile_App,10,569,4,0,2023.6,0,0
TXN-12102,24.39,Payment,ATM,21,301,5,0,16.4,0,0
TXN-12103,650.07,Cash_Out,Web_Browser,17,131,4,0,2.7,0,0
TXN-12104,58.12,Debit,Mobile_App,10,24,2,2,13.8,0,0
TXN-12105,66.92,Payment,Mobile_App,18,420,3,2,30.0,0,0
TXN-12106,55.68,Purchase,Mobile_App,17,389,3,0,19.5,0,0
TXN-12107,188.67,Purchase,Mobile_App,10,732,2,0,16.4,0,0
TXN-12108,387.07,Payment,POS_Terminal,12,394,7,0,23.4,0,0
TXN-12109,105.6,Purchase,Mobile_App,8,530,6,0,1.6,0,0
TXN-12110,37.2,Payment,Web_Browser,7,412,1,0,3.4,0,0
TXN-12111,298.38,Payment,ATM,16,299,2,0,0.6,1,0
TXN-12112,15.46,Payment,Mobile_App,10,168,4,0,2.3,0,0
TXN-12113,27.23,Purchase,Mobile_App,18,698,4,0,36.7,0,0
TXN-12114,13.63,Cash_Out,Web_Browser,23,316,3,1,3.8,0,0
TXN-12115,37.83,Payment,ATM,6,153,4,0,16.3,0,0
TXN-12116,149.02,Transfer,POS_Terminal,13,27,2,0,17.6,0,0
TXN-12117,43.68,Cash_Out,Mobile_App,17,104,5,0,15.5,0,1
TXN-12118,57.91,Payment,Web_Browser,17,236,2,0,12.1,0,0
TXN-12119,78.6,Purchase,Web_Browser,17,97,3,0,10.0,0,0
TXN-12120,43.44,Debit,ATM,11,76,3,1,8.2,0,0
TXN-12121,17.87,Transfer,Mobile_App,12,225,1,1,37.3,0,0
TXN-12122,10.44,Purchase,Web_Browser,14,56,5,0,0.1,0,0
TXN-12123,201.63,Transfer,POS_Terminal,21,484,6,1,0.8,0,0
TXN-12124,28.93,Purchase,Mobile_App,11,199,2,0,2035.3,0,0
TXN-12125,27.51,Cash_Out,Mobile_App,20,256,7,0,6.0,0,0
TXN-12126,12.25,Cash_Out,Mobile_App,10,48,3,0,7.9,0,0
TXN-12127,47.59,Payment,Mobile_App,22,118,3,0,92.1,0,0
TXN-12128,93.93,Purchase,Mobile_App,15,159,4,0,22.4,0,0
TXN-12129,37.93,Transfer,ATM,12,496,3,1,31.5,0,0
TXN-12130,77.55,Payment,Mobile_App,15,442,4,0,6.9,0,0
TXN-12131,7.57,Payment,Mobile_App,10,76,4,0,4.1,1,0
TXN-12132,64.75,Cash_Out,Web_Browser,10,288,4,0,21.9,0,0
TXN-12133,36.27,Transfer,Mobile_App,7,84,4,0,24.7,0,0
TXN-12134,12.93,Debit,Mobile_App,7,1334,5,0,12.0,0,0
TXN-12135,10.82,Purchase,Web_Browser,11,912,4,0,33.9,0,0
TXN-12136,23.12,Payment,POS_Terminal,17,249,5,0,51.3,0,0
TXN-12137,16.21,Debit,Web_Browser,14,361,3,0,9.6,0,0
TXN-12138,77.26,Payment,Web_Browser,7,485,4,0,3.8,0,0
TXN-12139,84.37,Purchase,Mobile_App,18,383,2,0,237.6,0,0
TXN-12140,64.83,Debit,ATM,14,362,2,0,68.4,0,0
TXN-12141,1835.89,Transfer,Mobile_App,21,956,5,0,5.2,0,1
TXN-12142,2035.57,Debit,POS_Terminal,15,273,4,0,1933.9,0,1
TXN-12143,90.74,Payment,Mobile_App,8,304,4,0,17.8,0,0
TXN-12144,2360.54,Transfer,ATM,13,568,3,0,3.6,1,1
TXN-12145,71.8,Debit,Web_Browser,15,333,3,0,13.3,0,0
TXN-12146,49.5,Transfer,POS_Terminal,2,397,3,0,5.7,0,1
TXN-12147,25.98,Transfer,Mobile_App,1,81,2,1,28.9,0,0
TXN-12148,76.61,Transfer,Mobile_App,7,140,5,2,18.8,0,0
TXN-12149,37.25,Debit,Web_Browser,9,48,7,0,26.3,1,0
TXN-12150,137.39,Payment,POS_Terminal,12,212,4,0,3.3,0,0
TXN-12151,72.05,Payment,Mobile_App,13,183,1,0,0.5,0,0
TXN-12152,46.15,Debit,ATM,7,1500,4,0,28.5,0,0
TXN-12153,38.76,Debit,POS_Terminal,15,284,1,0,7.3,0,0
TXN-12154,46.59,Payment,Mobile_App,14,464,4,0,3.0,0,0
TXN-12155,46.82,Payment,POS_Terminal,10,122,4,0,1.4,0,0
TXN-12156,50.51,Payment,Web_Browser,1,535,5,0,10.9,0,0
TXN-12157,15.0,Payment,Mobile_App,6,287,2,2,2.4,0,1
TXN-12158,69.31,Transfer,Mobile_App,12,359,2,0,12.5,0,0
TXN-12159,64.74,Debit,Web_Browser,8,105,4,0,19.5,0,0
TXN-12160,16.81,Cash_Out,Web_Browser,11,239,3,1,11.5,0,0
TXN-12161,68.73,Cash_Out,Mobile_App,15,302,3,0,35.1,0,1
TXN-12162,53.97,Transfer,Web_Browser,14,267,2,1,2.5,0,0
TXN-12163,23.8,Debit,Web_Browser,9,741,3,0,2161.3,0,0
TXN-12164,100.12,Transfer,Web_Browser,11,686,3,2,2.7,0,0
TXN-12165,208.32,Purchase,Mobile_App,15,1062,4,2,1591.6,0,1
TXN-12166,30.79,Cash_Out,POS_Terminal,18,331,4,0,40.4,0,0
TXN-12167,60.64,Payment,Mobile_App,17,1072,3,1,7.7,1,0
TXN-12168,190.34,Cash_Out,Mobile_App,14,536,4,0,5.5,0,1
TXN-12169,6.1,Payment,Mobile_App,11,95,3,0,4.9,1,0
TXN-12170,362.44,Cash_Out,Mobile_App,11,168,1,0,29.5,0,0
TXN-12171,59.17,Payment,POS_Terminal,19,82,2,0,17.2,0,0
TXN-12172,116.46,Payment,Mobile_App,4,2,5,0,31.9,0,0
TXN-12173,9.95,Purchase,Web_Browser,22,63,2,0,1.9,0,0
TXN-12174,13.94,Payment,Mobile_App,15,2,2,0,9.7,0,0
TXN-12175,20.8,Debit,Mobile_App,16,382,2,0,16.9,0,0
TXN-12176,18.98,Payment,ATM,3,167,4,2,34.1,1,0
TXN-12177,7703.75,Cash_Out,POS_Terminal,14,113,3,0,7.2,0,1
TXN-12178,16.59,Cash_Out,Mobile_App,13,431,2,0,5.6,0,0
TXN-12179,23.78,Transfer,Web_Browser,7,537,3,0,36.6,0,0
TXN-12180,13.02,Payment,Mobile_App,10,1111,2,1,0.7,0,0
TXN-12181,241.85,Payment,Mobile_App,19,309,3,0,9.8,0,0
TXN-12182,103.28,Payment,POS_Terminal,14,186,3,0,9.2,0,0
TXN-12183,26.16,Payment,POS_Terminal,12,110,5,0,2.4,0,0
TXN-12184,1655.11,Cash_Out,Mobile_App,6,76,2,0,7.5,0,1
TXN-12185,76.38,Purchase,ATM,16,72,3,0,19.2,0,0
TXN-12186,9.75,Purchase,Web_Browser,16,158,5,0,6.9,0,0
TXN-12187,83.91,Debit,Mobile_App,15,1441,3,0,5.6,0,0
TXN-12188,35.98,Debit,Web_Browser,13,1,3,0,1927.9,0,0
TXN-12189,108.92,Cash_Out,Web_Browser,12,66,3,0,1985.2,0,0
TXN-12190,18.5,Payment,Web_Browser,14,63,3,0,22.7,0,0
TXN-12191,94.05,Purchase,Mobile_App,9,379,2,0,28.1,0,0
TXN-12192,156.24,Cash_Out,Web_Browser,20,131,2,0,42.1,0,0
TXN-12193,81.32,Cash_Out,Mobile_App,14,184,4,0,24.3,0,0
TXN-12194,9.1,Payment,POS_Terminal,10,49,2,0,58.9,1,0
TXN-12195,638.23,Transfer,Web_Browser,12,156,2,0,20.6,0,0
TXN-12196,98.99,Transfer,Mobile_App,17,33,1,0,16.2,0,0
TXN-12197,42.98,Purchase,POS_Terminal,8,229,2,0,17.7,0,0
TXN-12198,101.84,Transfer,ATM,10,31,3,0,34.6,0,0
TXN-12199,451.34,Transfer,ATM,16,469,5,1,17.2,0,0
TXN-12200,13.28,Purchase,Mobile_App,10,251,3,0,21.5,0,0
TXN-12201,162.88,Payment,Mobile_App,17,387,3,1,3.7,0,0
TXN-12202,46.23,Transfer,Web_Browser,7,163,2,0,36.6,0,0
TXN-12203,39.75,Payment,Mobile_App,17,145,4,0,8.9,0,0
TXN-12204,42.2,Debit,ATM,6,32,4,0,1365.1,0,0
TXN-12205,6.74,Purchase,Mobile_App,1,223,1,0,2071.3,0,0
TXN-12206,88.28,Payment,Mobile_App,19,217,2,0,6.6,0,0
TXN-12207,5242.09,Purchase,Mobile_App,14,190,5,2,3.1,0,1
TXN-12208,32.37,Payment,Mobile_App,11,405,4,0,4.4,0,0
TXN-12209,33.02,Purchase,POS_Terminal,9,537,2,0,2022.3,0,0
TXN-12210,37.25,Debit,Mobile_App,15,417,1,1,1.4,0,0
TXN-12211,6.31,Debit,Mobile_App,13,47,5,0,13.5,0,0
TXN-12212,133.0,Payment,Mobile_App,23,292,2,0,30.2,0,0
TXN-12213,8.67,Purchase,Web_Browser,22,26,3,3,8.9,0,0
TXN-12214,21.62,Debit,Mobile_App,15,356,7,0,14.8,0,0
TXN-12215,31.65,Payment,Web_Browser,12,145,6,0,24.9,0,0
TXN-12216,39.87,Debit,Web_Browser,13,43,2,0,6.6,0,0
TXN-12217,79.92,Payment,Web_Browser,16,595,6,0,15.9,0,0
TXN-12218,55.68,Purchase,ATM,7,286,3,0,6.5,0,0
TXN-12219,376.56,Payment,ATM,11,132,3,0,15.4,0,0
TXN-12220,77.32,Debit,ATM,6,10,2,0,3.7,0,0
TXN-12221,71.91,Transfer,Mobile_App,6,232,1,0,57.1,0,0
TXN-12222,30.7,Payment,Mobile_App,8,771,6,2,1.2,0,0
TXN-12223,73.94,Payment,Mobile_App,13,273,2,1,10.6,0,0
TXN-12224,33.5,Payment,POS_Terminal,17,1069,5,0,5.1,0,0
TXN-12225,33.81,Transfer,ATM,13,45,6,0,13.8,0,0
TXN-12226,1300.81,Payment,POS_Terminal,11,253,2,0,8.4,0,0
TXN-12227,255.38,Cash_Out,Mobile_App,6,481,5,0,2307.0,0,0
TXN-12228,22.9,Payment,ATM,14,224,1,1,4.3,0,0
TXN-12229,104.48,Payment,Mobile_App,10,29,3,2,3.0,0,0
TXN-12230,71.54,Debit,Mobile_App,15,263,5,0,22.9,0,0
TXN-12231,28.14,Payment,Mobile_App,21,284,2,0,3.8,1,0
TXN-12232,438.89,Purchase,Mobile_App,7,392,3,0,2319.2,0,0
TXN-12233,44.68,Purchase,Web_Browser,9,430,8,0,1418.3,0,0
TXN-12234,218.12,Cash_Out,Mobile_App,13,442,2,0,1.1,1,1
TXN-12235,28.26,Cash_Out,Mobile_App,21,327,4,0,2.7,0,0
TXN-12236,164.0,Purchase,Web_Browser,17,73,2,1,33.5,0,0
TXN-12237,207.65,Payment,POS_Terminal,19,156,3,0,13.9,0,0
TXN-12238,20.7,Payment,Web_Browser,11,450,3,0,3.1,0,0
TXN-12239,39.31,Payment,Mobile_App,23,921,6,0,18.2,0,0
TXN-12240,50.07,Debit,POS_Terminal,7,25,3,2,26.0,0,0
TXN-12241,279.88,Payment,ATM,5,231,5,0,6.0,0,0
TXN-12242,258.03,Cash_Out,Mobile_App,18,113,1,0,12.2,0,0
TXN-12243,2360.73,Purchase,Web_Browser,20,77,2,1,5.2,1,1
TXN-12244,37.2,Purchase,Mobile_App,6,212,4,0,1.3,0,1
TXN-12245,69.77,Transfer,Mobile_App,7,280,3,0,7.7,1,1
TXN-12246,5223.97,Payment,Web_Browser,3,3,3,0,20.9,0,1
TXN-12247,194.83,Debit,POS_Terminal,7,455,4,0,9.2,0,0
TXN-12248,23.03,Cash_Out,Mobile_App,9,515,3,0,7.8,0,0
TXN-12249,60.18,Payment,POS_Terminal,21,1011,2,0,6.8,0,0
TXN-12250,221.72,Payment,POS_Terminal,15,60,6,0,9.2,0,0
TXN-12251,85.22,Purchase,ATM,17,271,6,0,5.7,0,0
TXN-12252,36.68,Cash_Out,Mobile_App,17,167,4,0,14.2,0,0
TXN-12253,19.63,Debit,ATM,13,123,4,1,1.0,0,0
TXN-12254,51.68,Purchase,Mobile_App,17,251,4,0,24.7,0,1
TXN-12255,40.88,Cash_Out,Web_Browser,14,458,6,0,2.9,0,0
TXN-12256,753.49,Transfer,Mobile_App,10,7,3,0,15.1,0,0
TXN-12257,3208.63,Transfer,Mobile_App,14,1047,4,0,9.0,1,1
TXN-12258,32.07,Payment,Web_Browser,13,499,5,0,22.3,0,0
TXN-12259,20.04,Transfer,Mobile_App,18,418,4,0,26.2,0,0
TXN-12260,42.13,Debit,Mobile_App,22,429,4,0,3.4,0,0
TXN-12261,7368.73,Cash_Out,Mobile_App,12,148,3,1,17.0,0,1
TXN-12262,21.19,Purchase,Web_Browser,17,418,2,0,3.2,0,0
TXN-12263,77.7,Transfer,Mobile_App,7,147,1,1,2.0,0,0
TXN-12264,16.24,Cash_Out,POS_Terminal,17,687,3,0,40.0,0,1
TXN-12265,138.71,Cash_Out,Mobile_App,11,59,6,0,272.4,0,0
TXN-12266,4578.02,Cash_Out,Mobile_App,4,104,5,0,3.9,1,1
TXN-12267,39.37,Debit,Mobile_App,11,241,4,0,2.1,0,0
TXN-12268,222.95,Payment,Mobile_App,15,116,3,0,243.9,0,0
TXN-12269,35.29,Transfer,Mobile_App,7,166,6,0,37.8,0,0
TXN-12270,81.22,Payment,Mobile_App,20,204,3,0,4.6,0,0
TXN-12271,110.62,Transfer,ATM,6,583,4,0,11.7,0,0
TXN-12272,200.56,Transfer,Web_Browser,20,223,1,0,8.0,1,1
TXN-12273,75.81,Cash_Out,Mobile_App,16,136,2,0,6.1,0,0
TXN-12274,39.77,Purchase,Mobile_App,11,86,4,0,12.7,0,0
TXN-12275,32.39,Cash_Out,POS_Terminal,12,158,4,0,12.3,1,0
TXN-12276,74.8,Debit,Mobile_App,16,218,2,1,6.7,0,0
TXN-12277,25.56,Transfer,Mobile_App,14,412,6,0,28.5,0,0
TXN-12278,93.71,Cash_Out,POS_Terminal,15,39,6,0,0.8,0,0
TXN-12279,66.76,Payment,Web_Browser,11,76,5,0,1.3,0,0
TXN-12280,17.0,Payment,Web_Browser,13,144,6,0,70.3,0,0
TXN-12281,4130.47,Transfer,Mobile_App,22,135,5,0,20.7,0,1
TXN-12282,59.31,Transfer,Mobile_App,9,150,2,0,24.4,0,0
TXN-12283,40.97,Payment,Web_Browser,12,474,5,0,13.8,0,0
TXN-12284,123.43,Payment,Mobile_App,10,118,2,0,8.2,0,0
TXN-12285,21.82,Payment,Web_Browser,17,210,3,0,2359.5,0,0
TXN-12286,113.49,Purchase,Web_Browser,17,294,3,0,1.5,0,0
TXN-12287,116.76,Payment,Mobile_App,10,80,5,0,21.3,0,0
TXN-12288,4845.19,Transfer,ATM,6,381,3,0,11.7,1,1
TXN-12289,43.69,Payment,POS_Terminal,1,238,4,0,47.1,1,0
TXN-12290,214.06,Cash_Out,Web_Browser,12,178,2,0,975.9,0,0
TXN-12291,81.51,Payment,Mobile_App,12,498,6,0,2.5,0,0
TXN-12292,49.47,Payment,Mobile_App,22,84,3,0,9.7,0,0
TXN-12293,128.79,Transfer,Mobile_App,13,645,2,0,0.9,0,0
TXN-12294,33.4,Payment,Mobile_App,9,248,4,0,20.5,0,0
TXN-12295,39.34,Payment,ATM,19,282,4,1,10.5,0,0
TXN-12296,64.62,Payment,Mobile_App,13,624,4,0,6.9,0,0
TXN-12297,226.09,Payment,Mobile_App,14,511,3,0,51.9,0,0
TXN-12298,21.74,Payment,Mobile_App,7,277,3,0,42.4,0,0
TXN-12299,2088.32,Payment,Web_Browser,11,420,3,3,1068.3,0,1
TXN-12300,36.61,Debit,Mobile_App,20,171,2,0,3.7,0,0
TXN-12301,189.17,Cash_Out,Mobile_App,14,238,3,0,19.6,0,0
TXN-12302,117.41,Transfer,Mobile_App,11,20,4,0,43.6,0,0
TXN-12303,7341.4,Payment,POS_Terminal,15,29,1,0,12.7,0,1
TXN-12304,99.19,Purchase,Mobile_App,19,531,6,0,3.6,0,0
TXN-12305,30.68,Transfer,ATM,10,19,5,0,25.5,0,0
TXN-12306,28.97,Payment,POS_Terminal,13,56,5,0,31.8,0,0
TXN-12307,680.85,Cash_Out,Mobile_App,21,477,1,2,18.2,0,0
TXN-12308,37.61,Payment,POS_Terminal,8,1,3,2,5.2,0,0
TXN-12309,65.24,Payment,Mobile_App,16,100,3,0,1280.8,0,0
TXN-12310,36.87,Transfer,ATM,15,264,3,0,14.7,0,0
TXN-12311,15.1,Purchase,Web_Browser,16,272,3,1,9.9,0,0
TXN-12312,2677.55,Transfer,Mobile_App,11,451,1,1,16.6,1,1
TXN-12313,76.59,Debit,Mobile_App,10,212,1,1,1.8,0,0
TXN-12314,13.31,Purchase,Mobile_App,16,214,3,0,2.2,0,0
TXN-12315,26.81,Payment,ATM,9,388,4,0,6.8,0,0
TXN-12316,104.82,Payment,Mobile_App,12,208,1,0,4.5,0,0
TXN-12317,68.47,Transfer,Web_Browser,8,282,4,1,14.5,0,0
TXN-12318,36.15,Transfer,Mobile_App,0,685,3,0,811.3,0,1
TXN-12319,1465.15,Transfer,ATM,21,154,2,0,17.3,0,1
TXN-12320,19.5,Purchase,Mobile_App,12,146,2,0,22.0,0,0
TXN-12321,507.36,Debit,Web_Browser,21,2,4,0,3.1,0,0
TXN-12322,20.43,Cash_Out,Mobile_App,7,286,3,1,37.9,0,0
TXN-12323,149.99,Payment,Web_Browser,14,10,3,0,1558.0,0,0
TXN-12324,5.99,Debit,Mobile_App,9,211,2,0,14.8,1,0
TXN-12325,131.02,Purchase,Mobile_App,17,490,6,3,35.9,0,0
TXN-12326,145.08,Debit,Mobile_App,17,240,2,0,4.6,0,0
TXN-12327,21.49,Payment,Web_Browser,7,95,4,1,8.2,0,0
TXN-12328,29.45,Cash_Out,Mobile_App,19,463,3,0,1.3,0,0
TXN-12329,158.86,Payment,Web_Browser,8,95,4,0,9.1,0,0
TXN-12330,17.43,Payment,Mobile_App,15,397,3,0,10.6,0,0
TXN-12331,84.51,Payment,POS_Terminal,22,283,4,0,14.4,0,0
TXN-12332,27.74,Cash_Out,ATM,19,56,5,0,1.0,0,0
TXN-12333,134.37,Cash_Out,Web_Browser,21,707,4,2,0.5,0,0
TXN-12334,351.6,Payment,Mobile_App,11,68,1,0,8.2,0,0
TXN-12335,19.96,Transfer,Mobile_App,7,1370,3,0,3.1,0,0
TXN-12336,98.39,Transfer,Mobile_App,8,3,2,1,21.3,1,0
TXN-12337,145.22,Transfer,Mobile_App,13,92,2,0,16.6,0,0
TXN-12338,7.43,Payment,Web_Browser,17,67,3,0,5.9,0,0
TXN-12339,149.07,Transfer,Web_Browser,8,5,2,0,0.7,0,0
TXN-12340,77.51,Debit,ATM,15,396,2,0,3.0,0,0
TXN-12341,103.66,Payment,Mobile_App,10,355,3,0,17.6,0,0
TXN-12342,8.8,Payment,Web_Browser,11,472,4,1,69.3,0,0
TXN-12343,114.88,Transfer,Mobile_App,15,89,2,0,5.9,0,0
TXN-12344,45.47,Purchase,Web_Browser,13,177,4,0,24.3,0,0
TXN-12345,17.48,Cash_Out,Mobile_App,18,323,3,0,30.3,0,0
TXN-12346,2303.76,Cash_Out,Mobile_App,8,174,4,0,0.7,0,1
TXN-12347,122.87,Transfer,Mobile_App,17,359,5,0,37.2,0,0
TXN-12348,3671.64,Cash_Out,Web_Browser,5,302,3,0,9.4,0,1
TXN-12349,8489.79,Payment,ATM,8,37,3,1,2004.6,0,1
TXN-12350,46.44,Cash_Out,Mobile_App,15,456,2,0,11.6,0,0
TXN-12351,5879.35,Purchase,Mobile_App,18,383,3,0,4.0,1,1
TXN-12352,47.26,Cash_Out,Mobile_App,9,320,2,1,55.1,0,0
TXN-12353,181.24,Purchase,Web_Browser,11,51,2,0,4.2,0,0
TXN-12354,183.84,Debit,Mobile_App,13,94,4,0,32.1,0,0
TXN-12355,23.92,Payment,POS_Terminal,9,150,4,0,2.9,0,0
TXN-12356,69.37,Purchase,ATM,18,99,2,0,16.8,1,1
TXN-12357,58.95,Payment,ATM,17,78,4,0,7.9,1,0
TXN-12358,89.5,Transfer,Mobile_App,8,491,3,0,53.6,0,0
TXN-12359,57.52,Payment,POS_Terminal,12,306,3,0,3.1,0,0
TXN-12360,112.41,Payment,Web_Browser,17,251,3,0,7.9,0,0
TXN-12361,36.09,Transfer,Mobile_App,11,77,3,1,15.3,0,0
TXN-12362,164.57,Payment,Web_Browser,15,751,4,0,57.0,0,0
TXN-12363,32.1,Transfer,POS_Terminal,5,64,4,0,5.4,0,0
TXN-12364,66.19,Cash_Out,Mobile_App,14,476,3,0,7.6,0,0
TXN-12365,106.24,Payment,Mobile_App,8,1021,4,0,9.3,0,0
TXN-12366,67.85,Payment,Mobile_App,18,390,4,0,4.4,0,0
TXN-12367,5.25,Cash_Out,Web_Browser,11,1483,1,0,25.5,0,0
TXN-12368,73.63,Payment,Mobile_App,10,316,3,0,1.4,0,0
TXN-12369,108.79,Debit,ATM,18,74,5,0,18.3,0,0
TXN-12370,73.55,Cash_Out,Web_Browser,5,69,4,1,11.5,0,0
TXN-12371,139.95,Debit,Web_Browser,12,118,4,0,4.2,0,0
TXN-12372,176.25,Cash_Out,Mobile_App,11,3,4,2,791.9,0,0
TXN-12373,27.25,Transfer,Web_Browser,10,344,2,0,26.6,0,0
TXN-12374,9.84,Cash_Out,Mobile_App,19,94,4,0,8.8,0,0
TXN-12375,16.45,Payment,Mobile_App,17,507,2,1,1.9,0,0
TXN-12376,58.63,Payment,Web_Browser,5,134,4,1,0.6,0,0
TXN-12377,100.78,Debit,Mobile_App,16,197,1,0,22.6,0,0
TXN-12378,48.19,Transfer,Web_Browser,13,1012,5,0,6.0,0,1
TXN-12379,13.7,Debit,Mobile_App,19,84,3,0,1909.0,0,0
TXN-12380,73.47,Debit,Mobile_App,10,384,5,0,1745.6,0,0
TXN-12381,55.22,Purchase,Mobile_App,14,423,3,0,8.6,0,0
TXN-12382,8325.94,Purchase,ATM,13,75,2,0,1408.8,0,1
TXN-12383,333.5,Transfer,Web_Browser,13,209,5,0,9.2,0,0
TXN-12384,123.76,Payment,Web_Browser,12,130,1,0,35.4,0,0
TXN-12385,47.75,Cash_Out,Mobile_App,9,444,4,0,9.2,0,0
TXN-12386,14.5,Transfer,Mobile_App,17,293,3,0,1.6,0,0
TXN-12387,209.52,Cash_Out,ATM,12,194,2,1,13.6,0,0
TXN-12388,9.33,Debit,Mobile_App,21,454,5,0,14.6,0,0
TXN-12389,41.2,Cash_Out,Mobile_App,10,81,7,0,21.7,0,0
TXN-12390,16.44,Transfer,Web_Browser,16,421,3,0,40.6,1,0
TXN-12391,36.31,Payment,Mobile_App,20,602,2,0,8.8,0,0
TXN-12392,49.87,Transfer,POS_Terminal,15,633,1,0,6.5,0,0
TXN-12393,14.65,Payment,Web_Browser,19,460,3,0,948.5,0,0
TXN-12394,5.0,Purchase,Mobile_App,18,158,2,0,34.6,0,0
TXN-12395,20.78,Payment,Mobile_App,11,1203,3,0,58.7,0,0
TXN-12396,14.1,Payment,Mobile_App,14,144,3,2,53.2,0,0
TXN-12397,20.97,Payment,POS_Terminal,8,306,3,2,3.9,1,0
TXN-12398,41.15,Cash_Out,Web_Browser,13,53,2,0,10.3,0,0
TXN-12399,250.03,Cash_Out,Mobile_App,9,1181,4,0,4.5,0,0
TXN-12400,30.0,Payment,Mobile_App,17,366,5,0,6.9,0,0
TXN-12401,32.13,Payment,Web_Browser,13,420,2,0,2207.4,0,0
TXN-12402,49.18,Transfer,Web_Browser,12,21,4,0,2.6,0,0
TXN-12403,105.84,Payment,Mobile_App,10,433,4,0,7.6,0,0
TXN-12404,95.72,Cash_Out,Mobile_App,23,448,4,0,6.8,0,1
TXN-12405,6260.94,Cash_Out,Mobile_App,6,335,4,0,1126.4,0,1
TXN-12406,19.21,Transfer,Web_Browser,4,104,3,0,3.9,0,0
TXN-12407,165.29,Payment,ATM,9,202,6,0,20.7,0,0
TXN-12408,4298.16,Purchase,Mobile_App,21,36,7,0,5.2,1,1
TXN-12409,143.04,Transfer,Web_Browser,21,192,3,0,18.4,0,0
TXN-12410,111.86,Cash_Out,Mobile_App,15,84,3,0,6.9,0,0
TXN-12411,5.79,Payment,Mobile_App,19,129,1,0,24.3,0,0
TXN-12412,10.42,Transfer,Mobile_App,9,54,4,0,2.7,0,0
TXN-12413,39.13,Payment,POS_Terminal,21,79,2,1,2.6,0,0
TXN-12414,81.49,Transfer,Mobile_App,7,24,4,0,17.1,0,0
TXN-12415,41.79,Purchase,Web_Browser,7,758,3,0,37.0,0,0
TXN-12416,3585.89,Transfer,Mobile_App,7,227,5,0,2.3,0,1
TXN-12417,56.53,Payment,Mobile_App,14,152,4,0,1.1,0,0
TXN-12418,49.36,Payment,Mobile_App,17,230,1,0,40.9,0,0
TXN-12419,52.84,Transfer,Web_Browser,11,297,3,0,1061.7,0,0
TXN-12420,5.1,Payment,Mobile_App,21,765,3,0,4.3,0,0
TXN-12421,39.98,Payment,Web_Browser,12,60,5,0,39.8,0,0
TXN-12422,39.62,Debit,Mobile_App,8,106,2,0,1675.2,0,0
TXN-12423,18.77,Transfer,Mobile_App,12,1117,3,0,6.3,0,1
TXN-12424,25.38,Payment,Mobile_App,16,140,3,0,46.4,0,0
TXN-12425,10.29,Purchase,Mobile_App,18,7,3,0,12.6,0,0
TXN-12426,80.31,Payment,Mobile_App,12,48,3,0,1.1,0,0
TXN-12427,7016.68,Purchase,Mobile_App,14,9,2,0,18.2,0,1
TXN-12428,2786.95,Payment,Web_Browser,10,1380,2,2,11.6,0,1
TXN-12429,33.42,Purchase,Web_Browser,15,99,4,1,12.8,1,0
TXN-12430,45.37,Cash_Out,Mobile_App,22,772,2,0,77.0,0,0
TXN-12431,135.68,Debit,Mobile_App,5,1500,3,1,2.5,0,0
TXN-12432,26.22,Purchase,Mobile_App,19,275,5,0,16.0,0,0
TXN-12433,49.4,Payment,Mobile_App,14,11,2,0,9.2,1,0
TXN-12434,103.34,Purchase,Mobile_App,9,26,2,0,4.8,0,0
TXN-12435,63.69,Transfer,POS_Terminal,21,198,4,0,17.7,0,0
TXN-12436,24.67,Transfer,Mobile_App,13,157,3,1,16.5,0,1
TXN-12437,7006.38,Payment,Mobile_App,11,280,5,1,29.1,0,1
TXN-12438,23.64,Transfer,Mobile_App,8,174,4,0,31.7,0,0
TXN-12439,65.46,Payment,Mobile_App,9,816,1,1,12.4,0,0
TXN-12440,52.15,Cash_Out,Web_Browser,18,230,4,0,5.9,0,1
TXN-12441,103.29,Transfer,Mobile_App,15,355,4,0,11.3,0,0
TXN-12442,1733.49,Debit,Mobile_App,19,681,3,0,2316.8,0,1
TXN-12443,25.16,Debit,Web_Browser,9,48,4,0,4.9,0,0
TXN-12444,12.37,Transfer,Mobile_App,7,79,1,0,12.0,0,0
TXN-12445,16.25,Payment,Web_Browser,0,35,4,3,16.1,0,0
TXN-12446,19.15,Payment,Web_Browser,13,46,5,0,13.4,0,0
TXN-12447,202.43,Payment,Mobile_App,23,216,5,0,46.3,0,0
TXN-12448,16.74,Payment,Web_Browser,16,117,5,0,5.3,0,0
TXN-12449,16.94,Payment,Mobile_App,10,166,1,0,7.0,0,0
TXN-12450,26.79,Payment,Web_Browser,19,1214,5,0,16.5,0,0
TXN-12451,153.26,Purchase,Mobile_App,17,52,4,0,13.8,0,0
TXN-12452,6693.45,Cash_Out,Mobile_App,1,234,5,0,0.0,0,1
TXN-12453,42.28,Payment,Web_Browser,18,32,2,1,5.6,0,0
TXN-12454,11.23,Cash_Out,POS_Terminal,10,116,5,0,4.4,0,0
TXN-12455,47.86,Payment,ATM,8,225,2,0,27.5,0,0
TXN-12456,110.01,Transfer,Web_Browser,9,880,6,0,30.2,0,0
TXN-12457,187.21,Cash_Out,Mobile_App,13,149,5,0,1368.4,0,0
TXN-12458,5.24,Transfer,Mobile_App,12,21,1,0,1862.2,0,0
TXN-12459,21.32,Transfer,Mobile_App,10,148,3,0,3.4,0,0
TXN-12460,50.79,Purchase,Mobile_App,8,48,5,0,2.9,1,0
TXN-12461,160.64,Purchase,Mobile_App,17,79,2,0,4.1,0,0
TXN-12462,12.33,Cash_Out,ATM,22,289,5,0,4.0,0,0
TXN-12463,15.3,Cash_Out,Mobile_App,17,21,3,1,9.8,0,0
TXN-12464,28.75,Cash_Out,Mobile_App,10,188,4,0,5.8,0,0
TXN-12465,11.26,Payment,Mobile_App,9,283,2,0,12.3,0,0
TXN-12466,6.4,Transfer,POS_Terminal,9,165,6,0,6.3,0,0
TXN-12467,381.02,Payment,Web_Browser,7,6,4,1,25.3,0,0
TXN-12468,35.51,Transfer,Web_Browser,14,1271,7,0,45.2,0,0
TXN-12469,23.79,Transfer,Mobile_App,14,138,3,0,7.8,0,0
TXN-12470,13.96,Payment,POS_Terminal,16,453,3,0,1250.8,0,1
TXN-12471,44.0,Purchase,Mobile_App,16,119,4,0,4.1,0,0
TXN-12472,26.34,Purchase,POS_Terminal,10,194,4,0,1.6,0,0
TXN-12473,100.23,Debit,Web_Browser,11,148,3,0,6.3,0,0
TXN-12474,2398.8,Transfer,Mobile_App,16,126,4,1,15.5,0,1
TXN-12475,44.76,Purchase,Mobile_App,11,7,4,2,11.0,1,0
TXN-12476,42.87,Payment,Web_Browser,9,134,4,0,4.2,0,0
TXN-12477,2775.46,Debit,Mobile_App,11,661,4,0,21.9,1,1
TXN-12478,37.95,Payment,POS_Terminal,10,352,2,0,2.1,0,0
TXN-12479,80.95,Debit,Mobile_App,6,48,2,0,3.9,0,0
TXN-12480,61.22,Payment,Mobile_App,18,269,2,0,16.9,0,0
TXN-12481,107.33,Purchase,Mobile_App,18,669,6,0,3.3,0,0
TXN-12482,82.11,Purchase,Mobile_App,9,362,2,0,17.0,0,0
TXN-12483,37.83,Payment,Mobile_App,5,49,3,0,56.5,0,1
TXN-12484,238.79,Transfer,Mobile_App,16,608,6,0,26.7,0,0
TXN-12485,27.29,Purchase,Web_Browser,9,108,3,2,2.6,0,0
TXN-12486,211.12,Transfer,Mobile_App,12,182,3,3,11.0,0,1
TXN-12487,135.0,Purchase,ATM,5,225,2,0,8.2,0,0
TXN-12488,90.14,Cash_Out,Web_Browser,9,571,4,0,71.8,0,0
TXN-12489,45.67,Transfer,POS_Terminal,17,805,4,0,50.0,0,0
TXN-12490,24.81,Payment,Mobile_App,17,797,3,0,2.0,0,0
TXN-12491,61.05,Payment,Mobile_App,9,3,2,1,35.9,0,0
TXN-12492,1829.02,Debit,Mobile_App,11,765,3,0,3.2,1,1
TXN-12493,45.36,Transfer,Web_Browser,7,17,4,0,5.8,0,1
TXN-12494,86.35,Transfer,POS_Terminal,6,93,4,0,6.5,0,0
TXN-12495,124.15,Transfer,Mobile_App,23,218,2,0,5.1,0,0
TXN-12496,21.84,Cash_Out,Mobile_App,15,197,2,0,28.8,1,1
TXN-12497,25.96,Purchase,POS_Terminal,13,279,2,0,6.0,0,0
TXN-12498,14.14,Purchase,Mobile_App,17,196,4,0,25.5,0,0
TXN-12499,4469.32,Transfer,Web_Browser,18,818,3,0,77.7,0,1
TXN-12500,241.56,Debit,Web_Browser,17,83,4,0,27.6,0,0
TXN-12501,13.5,Debit,POS_Terminal,1,97,4,0,6.4,0,1
TXN-12502,23.62,Cash_Out,Mobile_App,8,761,3,0,18.6,0,0
TXN-12503,12.85,Purchase,Mobile_App,15,24,1,0,11.5,0,0
TXN-12504,29.78,Payment,Web_Browser,11,283,3,0,23.2,0,0
TXN-12505,6.42,Payment,ATM,22,344,2,0,2.5,0,0
TXN-12506,162.31,Purchase,Mobile_App,15,212,5,0,15.2,1,0
TXN-12507,107.0,Transfer,Mobile_App,21,356,5,1,22.3,0,0
TXN-12508,65.62,Debit,Web_Browser,9,57,4,0,21.5,0,0
TXN-12509,134.17,Purchase,ATM,18,575,6,0,49.7,0,0
TXN-12510,127.25,Payment,POS_Terminal,10,46,2,1,0.9,0,0
TXN-12511,51.14,Purchase,ATM,22,154,2,0,6.4,0,0
TXN-12512,14.17,Transfer,Mobile_App,8,24,3,0,9.7,0,0
TXN-12513,25.59,Transfer,Mobile_App,13,237,9,0,5.6,0,0
TXN-12514,50.01,Cash_Out,Web_Browser,17,333,2,0,5.6,0,0
TXN-12515,25.1,Purchase,POS_Terminal,12,851,6,0,2.9,0,0
TXN-12516,307.53,Payment,Mobile_App,13,404,4,0,25.1,0,0
TXN-12517,63.89,Transfer,Mobile_App,22,234,4,0,35.8,0,0
TXN-12518,60.54,Cash_Out,POS_Terminal,12,810,3,4,1.3,0,1
TXN-12519,140.77,Debit,Mobile_App,14,196,3,0,2.5,1,0
TXN-12520,72.02,Cash_Out,Mobile_App,5,248,3,0,3.9,0,0
TXN-12521,41.89,Payment,Web_Browser,18,272,4,0,10.7,0,0
TXN-12522,248.11,Payment,Web_Browser,15,159,3,0,23.5,0,0
TXN-12523,84.3,Transfer,Web_Browser,12,547,6,0,1.1,0,0
TXN-12524,33.32,Debit,Mobile_App,1,62,4,0,15.2,0,0
TXN-12525,65.26,Payment,Web_Browser,14,243,4,1,2.4,0,0
TXN-12526,32.14,Payment,Web_Browser,1,385,3,0,53.3,0,0
TXN-12527,2909.86,Purchase,Web_Browser,0,703,2,0,34.4,1,1
TXN-12528,120.28,Payment,Web_Browser,15,647,3,1,44.8,0,0
TXN-12529,33.07,Purchase,Mobile_App,8,214,8,0,1.7,0,0
TXN-12530,25.35,Cash_Out,Mobile_App,8,310,3,0,10.0,0,0
TXN-12531,65.43,Debit,Mobile_App,15,151,4,0,2.7,0,1
TXN-12532,155.83,Payment,Mobile_App,5,190,6,0,13.8,0,0
TXN-12533,6.68,Payment,Web_Browser,10,711,4,1,703.3,0,0
TXN-12534,5098.25,Debit,POS_Terminal,8,801,5,2,22.1,0,1
TXN-12535,5.84,Debit,Web_Browser,14,678,4,0,15.5,0,1
TXN-12536,5.0,Debit,POS_Terminal,15,45,2,0,12.7,0,0
TXN-12537,57.27,Payment,Mobile_App,16,570,3,0,26.2,0,0
TXN-12538,14.61,Debit,Mobile_App,9,890,7,0,10.4,0,0
TXN-12539,117.4,Debit,Mobile_App,6,135,1,0,485.1,0,0
TXN-12540,16.43,Cash_Out,Mobile_App,6,220,4,0,14.5,0,1
TXN-12541,98.24,Debit,Mobile_App,12,454,2,0,47.2,0,0
TXN-12542,72.92,Debit,Web_Browser,20,248,1,2,13.8,0,1
TXN-12543,21.43,Cash_Out,ATM,9,1500,5,0,14.9,0,1
TXN-12544,32.99,Payment,Mobile_App,9,183,6,0,40.9,0,0
TXN-12545,64.95,Transfer,Mobile_App,7,376,2,1,10.9,0,0
TXN-12546,92.79,Payment,POS_Terminal,14,472,2,0,84.2,0,0
TXN-12547,213.45,Transfer,Mobile_App,16,205,5,0,2.6,0,0
TXN-12548,67.66,Transfer,POS_Terminal,15,584,2,0,11.6,0,1
TXN-12549,52.16,Payment,Web_Browser,18,237,4,2,3.6,0,0
TXN-12550,55.89,Payment,ATM,13,160,4,0,9.1,0,0
TXN-12551,42.3,Payment,Mobile_App,7,35,6,0,2.8,1,0
TXN-12552,34.19,Debit,Web_Browser,10,150,1,0,3.8,0,0
TXN-12553,21.47,Purchase,Mobile_App,15,398,3,0,3.6,0,0
TXN-12554,80.32,Payment,Web_Browser,15,763,2,0,5.8,0,0
TXN-12555,23.53,Purchase,Mobile_App,13,87,6,0,2.2,0,0
TXN-12556,64.85,Transfer,Mobile_App,16,132,4,0,24.9,0,0
TXN-12557,52.73,Payment,Web_Browser,15,51,4,0,3.7,0,0
TXN-12558,103.74,Payment,Web_Browser,19,353,1,0,8.1,0,0
TXN-12559,5780.29,Transfer,POS_Terminal,14,968,1,0,0.2,0,1
TXN-12560,25.14,Debit,Web_Browser,17,308,5,0,1.7,0,0
TXN-12561,18.0,Debit,Web_Browser,9,288,2,0,34.0,0,0
TXN-12562,154.21,Payment,Mobile_App,16,242,5,1,27.2,0,0
TXN-12563,35.83,Payment,Web_Browser,19,28,4,0,27.6,0,0
TXN-12564,220.82,Transfer,Web_Browser,11,393,3,0,7.9,0,0
TXN-12565,5.0,Payment,POS_Terminal,17,277,3,0,2.3,0,0
TXN-12566,65.44,Payment,ATM,16,325,3,2,1.7,0,0
TXN-12567,128.46,Payment,Mobile_App,5,688,2,1,14.0,0,0
TXN-12568,59.57,Debit,POS_Terminal,14,460,5,0,26.4,0,0
TXN-12569,67.49,Purchase,Mobile_App,7,456,1,2,34.6,0,0
TXN-12570,96.75,Transfer,Mobile_App,21,786,3,1,513.6,0,0
TXN-12571,124.83,Purchase,Web_Browser,18,1380,3,1,5.8,0,0
TXN-12572,99.83,Payment,Mobile_App,7,262,3,0,1.6,0,0
TXN-12573,186.56,Transfer,Web_Browser,7,35,3,1,22.3,1,0
TXN-12574,34.03,Payment,Mobile_App,14,185,4,1,4.8,0,0
TXN-12575,290.26,Cash_Out,Mobile_App,11,465,5,0,9.8,0,0
TXN-12576,19.42,Purchase,Web_Browser,3,9,3,2,39.7,1,1
TXN-12577,142.31,Cash_Out,Web_Browser,13,18,4,0,20.9,0,0
TXN-12578,81.0,Transfer,ATM,11,21,5,0,0.8,0,0
TXN-12579,513.41,Cash_Out,Web_Browser,7,394,3,0,0.1,0,0
TXN-12580,73.6,Payment,Web_Browser,17,209,2,0,23.2,0,0
TXN-12581,108.53,Purchase,Mobile_App,20,139,2,1,12.1,0,0
TXN-12582,10.46,Transfer,Mobile_App,17,34,2,0,19.1,0,0
TXN-12583,128.3,Transfer,Mobile_App,18,396,5,0,2.6,0,0
TXN-12584,72.37,Cash_Out,Web_Browser,9,117,1,0,30.8,0,0
TXN-12585,114.03,Cash_Out,Web_Browser,10,93,4,0,22.3,0,0
TXN-12586,21.05,Payment,Mobile_App,9,317,3,0,33.2,0,0
TXN-12587,33.15,Cash_Out,Web_Browser,17,246,5,0,6.3,0,0
TXN-12588,65.46,Payment,Web_Browser,20,136,4,0,4.8,0,0
TXN-12589,50.85,Debit,Mobile_App,16,308,3,0,2.5,0,0
TXN-12590,71.72,Debit,Mobile_App,19,95,5,0,39.9,0,0
TXN-12591,64.42,Debit,POS_Terminal,15,476,3,0,2.9,0,0
TXN-12592,33.24,Cash_Out,Web_Browser,11,79,3,0,1.9,0,0
TXN-12593,42.99,Transfer,POS_Terminal,12,52,5,0,3.2,1,0
TXN-12594,25.87,Payment,Mobile_App,6,458,3,0,22.1,0,0
TXN-12595,860.21,Debit,ATM,3,370,4,1,249.0,0,0
TXN-12596,76.69,Payment,Mobile_App,16,61,8,0,25.0,0,0
TXN-12597,316.13,Transfer,Mobile_App,12,38,2,0,12.4,0,0
TXN-12598,19.29,Payment,ATM,14,547,3,0,76.5,0,0
TXN-12599,49.98,Payment,Mobile_App,14,450,2,0,1.1,1,0
TXN-12600,34.95,Cash_Out,Web_Browser,10,119,1,0,1471.7,0,0
TXN-12601,81.12,Payment,Mobile_App,13,323,3,0,8.4,0,0
TXN-12602,66.96,Debit,Web_Browser,13,40,3,0,9.1,0,0
TXN-12603,17.52,Payment,ATM,11,213,4,0,2.0,0,0
TXN-12604,87.87,Payment,Mobile_App,18,6,2,0,0.5,0,0
TXN-12605,71.35,Transfer,Web_Browser,12,150,2,1,5.7,0,0
TXN-12606,73.3,Payment,Mobile_App,14,24,8,2,2.9,0,0
TXN-12607,172.83,Payment,Web_Browser,19,194,6,0,9.9,0,0
TXN-12608,140.86,Debit,Mobile_App,18,165,5,0,2.4,0,0
TXN-12609,277.32,Payment,Mobile_App,19,177,5,0,2.2,0,0
TXN-12610,76.63,Debit,Mobile_App,10,14,1,0,31.4,0,0
TXN-12611,136.17,Payment,Mobile_App,3,135,4,0,38.1,0,0
TXN-12612,45.14,Payment,ATM,10,424,6,0,50.0,0,0
TXN-12613,66.16,Debit,Mobile_App,10,139,2,1,17.1,0,0
TXN-12614,97.61,Payment,Mobile_App,19,377,4,2,22.1,0,0
TXN-12615,33.31,Payment,Mobile_App,15,139,4,0,27.1,0,0
TXN-12616,58.07,Transfer,Mobile_App,6,166,2,2,16.1,0,0
TXN-12617,15.16,Payment,Web_Browser,7,249,1,0,6.0,0,0
TXN-12618,187.53,Debit,ATM,8,903,3,0,501.5,0,0
TXN-12619,193.06,Payment,Mobile_App,15,35,3,0,4.1,0,0
TXN-12620,7791.92,Debit,POS_Terminal,16,11,1,0,27.5,0,1
TXN-12621,173.77,Purchase,Web_Browser,18,281,2,2,17.9,0,0
TXN-12622,143.74,Transfer,Mobile_App,20,894,3,0,9.1,0,1
TXN-12623,75.18,Purchase,Web_Browser,9,1374,5,0,0.4,0,0
TXN-12624,75.37,Transfer,Web_Browser,10,199,3,0,4.6,0,0
TXN-12625,96.79,Purchase,Web_Browser,9,190,5,2,19.6,0,0
TXN-12626,7372.79,Payment,POS_Terminal,11,311,2,2,10.8,0,1
TXN-12627,546.79,Cash_Out,Mobile_App,20,244,4,0,8.6,0,1
TXN-12628,6.24,Transfer,ATM,14,302,1,0,2191.1,0,0
TXN-12629,12.65,Transfer,POS_Terminal,16,622,6,1,14.0,0,0
TXN-12630,5070.19,Cash_Out,Mobile_App,13,412,3,0,50.9,1,1
TXN-12631,3556.33,Debit,Web_Browser,3,207,2,2,2460.7,0,1
TXN-12632,300.1,Payment,Mobile_App,5,186,3,1,0.5,0,0
TXN-12633,60.61,Payment,ATM,13,307,3,0,9.8,0,0
TXN-12634,21.69,Debit,Web_Browser,16,183,3,0,6.0,0,0
TXN-12635,58.28,Cash_Out,Mobile_App,9,184,1,0,10.7,0,1
TXN-12636,128.02,Purchase,Mobile_App,16,5,5,0,14.0,0,0
TXN-12637,27.25,Debit,Web_Browser,18,58,4,0,3.3,0,0
TXN-12638,18.79,Purchase,Mobile_App,12,202,2,2,22.8,0,0
TXN-12639,7542.6,Debit,Mobile_App,17,519,3,2,9.7,0,1
TXN-12640,26.52,Payment,Mobile_App,12,99,4,0,72.4,0,0
TXN-12641,45.88,Payment,Mobile_App,16,222,4,0,0.4,0,0
TXN-12642,29.44,Debit,Mobile_App,17,127,1,0,3.2,0,0
TXN-12643,97.76,Cash_Out,Mobile_App,23,34,3,1,17.5,0,1
TXN-12644,34.82,Payment,Mobile_App,11,954,5,0,17.8,0,0
TXN-12645,2852.67,Transfer,Web_Browser,12,579,2,2,13.1,0,1
TXN-12646,7076.88,Purchase,Web_Browser,8,25,1,0,1340.5,0,1
TXN-12647,17.99,Transfer,Mobile_App,9,382,1,0,1234.3,0,0
TXN-12648,22.07,Transfer,Mobile_App,16,129,5,0,8.1,0,0
TXN-12649,76.61,Transfer,Web_Browser,20,1500,2,0,36.2,0,0
TXN-12650,22.76,Payment,Mobile_App,12,109,2,0,11.6,1,0
TXN-12651,200.52,Transfer,Mobile_App,8,82,5,1,1000.6,0,1
TXN-12652,19.04,Transfer,Mobile_App,10,252,2,0,19.0,0,0
TXN-12653,48.45,Payment,POS_Terminal,12,541,2,1,14.5,0,0
TXN-12654,22.92,Debit,POS_Terminal,10,65,4,0,5.5,0,0
TXN-12655,235.76,Transfer,POS_Terminal,9,371,3,0,5.3,0,0
TXN-12656,4615.85,Debit,Web_Browser,16,20,4,0,1667.5,1,1
TXN-12657,371.56,Purchase,Web_Browser,0,754,3,0,1.1,0,0
TXN-12658,59.34,Payment,Mobile_App,13,26,2,1,42.9,0,0
TXN-12659,45.4,Cash_Out,Web_Browser,17,737,3,0,3.0,0,0
TXN-12660,6.78,Transfer,Mobile_App,10,203,4,0,3.2,0,0
TXN-12661,288.87,Purchase,Web_Browser,14,179,4,1,15.6,0,0
TXN-12662,90.73,Payment,POS_Terminal,15,1088,5,4,19.3,0,0
TXN-12663,16.13,Cash_Out,Web_Browser,15,1394,3,0,20.0,1,0
TXN-12664,32.42,Cash_Out,Mobile_App,12,316,4,0,7.1,0,0
TXN-12665,10.44,Payment,Mobile_App,11,41,4,0,31.0,0,0
TXN-12666,25.08,Payment,Web_Browser,18,212,5,0,11.8,1,0
TXN-12667,48.7,Cash_Out,Web_Browser,17,226,3,0,8.7,0,0
TXN-12668,280.57,Debit,POS_Terminal,10,217,2,1,24.9,0,0
TXN-12669,659.66,Payment,Mobile_App,7,253,4,0,4.2,0,0
TXN-12670,93.05,Cash_Out,POS_Terminal,6,6,2,0,29.5,0,0
TXN-12671,11.51,Transfer,Web_Browser,6,373,1,0,11.6,0,0
TXN-12672,560.81,Debit,POS_Terminal,14,374,2,1,34.5,0,0
TXN-12673,7587.15,Payment,Web_Browser,5,37,2,0,3.4,1,1
TXN-12674,128.88,Purchase,Web_Browser,11,254,5,0,41.2,0,0
TXN-12675,58.31,Payment,Web_Browser,17,253,4,0,17.5,0,0
TXN-12676,187.34,Transfer,Web_Browser,10,345,1,0,14.4,0,0
TXN-12677,25.65,Payment,ATM,17,27,4,0,8.2,0,0
TXN-12678,153.67,Payment,Mobile_App,17,296,1,0,47.0,0,0
TXN-12679,233.04,Transfer,Mobile_App,9,99,3,0,8.8,0,0
TXN-12680,6294.66,Payment,ATM,16,213,1,0,1598.5,0,1
TXN-12681,55.32,Debit,Web_Browser,17,446,2,0,989.8,0,0
TXN-12682,151.48,Payment,Web_Browser,12,367,5,2,5.0,1,0
TXN-12683,208.96,Transfer,Mobile_App,9,38,3,0,5.2,0,0
TXN-12684,34.27,Payment,Mobile_App,13,269,3,1,22.4,0,0
TXN-12685,28.94,Payment,POS_Terminal,20,1044,7,0,2.1,0,0
TXN-12686,28.65,Payment,Web_Browser,15,52,5,0,26.0,0,0
TXN-12687,5.77,Transfer,Mobile_App,8,576,3,0,14.7,0,0
TXN-12688,138.84,Transfer,Mobile_App,16,364,3,0,11.6,0,0
TXN-12689,54.25,Transfer,POS_Terminal,12,447,3,0,3.9,0,0
TXN-12690,41.09,Transfer,Mobile_App,14,100,6,0,23.2,0,0
TXN-12691,3606.81,Cash_Out,POS_Terminal,16,102,4,4,24.5,1,1
TXN-12692,84.58,Payment,Mobile_App,13,710,2,0,989.3,0,0
TXN-12693,6150.67,Transfer,Web_Browser,18,134,4,0,1683.0,0,1
TXN-12694,133.96,Purchase,ATM,16,20,2,0,4.2,0,0
TXN-12695,37.43,Transfer,Web_Browser,15,276,4,0,21.1,0,0
TXN-12696,17.33,Cash_Out,Mobile_App,8,40,4,0,15.3,0,0
TXN-12697,99.98,Payment,Web_Browser,18,478,2,0,1475.5,0,0
TXN-12698,22.89,Debit,Mobile_App,20,308,1,0,23.7,0,0
TXN-12699,50.87,Debit,Mobile_App,7,624,3,2,32.1,1,1
TXN-12700,139.1,Transfer,ATM,13,461,5,0,0.9,0,0
TXN-12701,57.31,Purchase,POS_Terminal,10,36,3,0,22.2,0,0
TXN-12702,60.84,Payment,Web_Browser,17,144,5,0,28.7,0,0
TXN-12703,35.21,Payment,Mobile_App,16,447,3,0,71.5,0,0
TXN-12704,64.6,Debit,Mobile_App,7,163,1,1,4.1,0,0
TXN-12705,29.26,Debit,Mobile_App,19,1077,3,3,7.0,0,0
TXN-12706,92.5,Payment,Web_Browser,8,400,4,0,50.8,1,0
TXN-12707,5900.48,Payment,POS_Terminal,17,5,5,0,1.5,0,1
TXN-12708,45.22,Payment,Web_Browser,12,637,2,0,11.1,0,0
TXN-12709,19.95,Payment,POS_Terminal,11,32,1,2,10.6,0,0
TXN-12710,91.59,Debit,Mobile_App,8,46,2,0,14.0,0,0
TXN-12711,31.71,Transfer,Mobile_App,8,398,3,0,6.0,0,0
TXN-12712,18.29,Payment,Mobile_App,15,601,1,0,39.0,0,0
TXN-12713,5210.26,Transfer,Mobile_App,14,231,2,0,4.7,0,1
TXN-12714,123.28,Payment,Mobile_App,7,103,6,0,15.7,0,0
TXN-12715,97.51,Payment,ATM,7,130,3,0,10.3,0,0
TXN-12716,4485.34,Cash_Out,Mobile_App,6,126,3,0,4.7,0,1
TXN-12717,27.27,Purchase,ATM,17,119,1,0,3.1,1,0
TXN-12718,230.11,Debit,Mobile_App,16,84,7,0,47.0,0,0
TXN-12719,191.64,Payment,ATM,5,282,2,0,12.4,0,0
TXN-12720,15.59,Purchase,Web_Browser,14,692,3,1,13.9,0,0
TXN-12721,134.08,Debit,ATM,6,111,3,0,22.9,0,0
TXN-12722,12.96,Debit,Mobile_App,19,62,2,0,1.3,0,0
TXN-12723,23.65,Transfer,Web_Browser,19,548,4,0,1852.7,0,0
TXN-12724,18.71,Transfer,ATM,16,407,5,0,2.7,0,0
TXN-12725,114.21,Payment,Mobile_App,20,802,6,0,20.2,0,0
TXN-12726,56.45,Payment,Mobile_App,18,55,7,0,2.3,0,0
TXN-12727,90.65,Payment,Mobile_App,18,47,7,0,26.8,0,0
TXN-12728,7.69,Payment,ATM,14,234,4,0,17.1,0,0
TXN-12729,7625.69,Transfer,Web_Browser,10,286,5,0,7.3,0,1
TXN-12730,280.31,Debit,Web_Browser,9,197,4,2,6.7,1,0
TXN-12731,69.45,Transfer,Mobile_App,11,275,2,4,2.4,0,0
TXN-12732,398.02,Payment,Mobile_App,15,60,2,0,35.2,0,0
TXN-12733,130.42,Purchase,POS_Terminal,8,196,4,0,1.9,0,0
TXN-12734,332.59,Purchase,Mobile_App,10,322,7,1,9.6,0,0
TXN-12735,43.38,Debit,Web_Browser,13,171,6,1,4.0,0,0
TXN-12736,75.24,Purchase,ATM,9,342,3,1,2365.2,0,0
TXN-12737,27.71,Transfer,Mobile_App,14,181,2,0,13.2,0,0
TXN-12738,12.79,Purchase,Web_Browser,20,122,7,0,2.4,0,0
TXN-12739,24.22,Payment,Mobile_App,17,109,1,0,16.5,0,0
TXN-12740,72.58,Transfer,Web_Browser,15,159,5,1,71.7,0,0
TXN-12741,15.49,Payment,Mobile_App,14,8,3,1,13.9,0,0
TXN-12742,61.17,Payment,Web_Browser,13,332,4,0,9.2,0,0
TXN-12743,6.2,Payment,Mobile_App,8,560,6,0,5.2,0,0
TXN-12744,39.23,Cash_Out,Mobile_App,19,132,3,0,1.4,0,0
TXN-12745,70.84,Debit,Web_Browser,9,15,2,0,3.9,0,0
TXN-12746,26.98,Cash_Out,Mobile_App,6,1298,2,0,12.1,0,0
TXN-12747,39.91,Payment,Web_Browser,17,92,7,0,21.0,0,0
TXN-12748,53.53,Debit,Mobile_App,8,41,4,0,31.5,0,0
TXN-12749,37.0,Cash_Out,Web_Browser,11,139,3,0,23.7,0,0
TXN-12750,7261.07,Transfer,Mobile_App,2,403,3,0,2.0,0,1
TXN-12751,10.07,Cash_Out,Web_Browser,7,105,2,0,22.3,0,0
TXN-12752,16.67,Payment,Mobile_App,8,257,4,0,13.1,0,0
TXN-12753,3635.24,Payment,Mobile_App,5,162,7,0,9.5,0,1
TXN-12754,44.17,Purchase,Mobile_App,15,38,4,0,1993.1,0,0
TXN-12755,332.8,Payment,Web_Browser,18,121,3,0,0.1,0,0
TXN-12756,97.43,Transfer,Mobile_App,11,388,4,0,900.0,0,0
TXN-12757,9.82,Purchase,POS_Terminal,19,285,2,0,11.2,1,0
TXN-12758,67.27,Debit,POS_Terminal,9,39,4,0,2.9,0,0
TXN-12759,31.46,Payment,Mobile_App,11,54,3,0,11.8,0,0
TXN-12760,34.65,Payment,Web_Browser,8,308,2,0,6.6,0,0
TXN-12761,26.36,Payment,Mobile_App,15,504,5,0,35.7,0,0
TXN-12762,41.26,Cash_Out,Mobile_App,12,129,5,0,44.8,0,0
TXN-12763,9.14,Transfer,Web_Browser,15,272,7,1,1946.0,0,0
TXN-12764,48.32,Payment,Web_Browser,17,57,3,1,34.4,0,0
TXN-12765,74.85,Purchase,Web_Browser,14,112,4,0,63.9,0,0
TXN-12766,24.48,Transfer,Mobile_App,15,7,2,0,18.4,1,0
TXN-12767,32.15,Payment,Mobile_App,20,439,4,0,48.5,0,0
TXN-12768,7148.09,Transfer,Mobile_App,10,154,8,0,15.4,0,1
TXN-12769,36.38,Cash_Out,Web_Browser,11,509,4,0,24.8,0,0
TXN-12770,59.7,Payment,Web_Browser,16,370,5,0,2.1,0,0
TXN-12771,45.18,Payment,Web_Browser,15,530,7,0,17.2,1,0
TXN-12772,105.01,Debit,Mobile_App,8,101,4,0,40.1,0,0
TXN-12773,6517.14,Transfer,Mobile_App,11,62,3,1,11.6,0,1
TXN-12774,30.25,Transfer,Mobile_App,13,1072,3,0,3.1,0,0
TXN-12775,4068.6,Transfer,Mobile_App,12,380,2,1,11.2,0,1
TXN-12776,18.1,Payment,Mobile_App,8,539,2,0,18.4,0,0
TXN-12777,33.69,Payment,POS_Terminal,20,4,4,0,22.0,0,1
TXN-12778,57.49,Transfer,POS_Terminal,17,132,1,0,11.1,0,0
TXN-12779,116.01,Payment,Web_Browser,13,408,4,0,3.7,0,0
TXN-12780,49.46,Payment,Mobile_App,16,25,3,0,39.2,0,0
TXN-12781,74.29,Debit,Mobile_App,19,252,2,0,22.3,0,0
TXN-12782,14.33,Purchase,POS_Terminal,7,169,6,0,4.7,1,0
TXN-12783,69.67,Debit,Mobile_App,9,6,4,1,25.1,0,0
TXN-12784,22.89,Purchase,ATM,13,81,4,0,6.4,0,0
TXN-12785,262.29,Payment,Mobile_App,17,101,6,0,5.6,0,0
TXN-12786,335.21,Purchase,Mobile_App,3,36,2,2,29.8,0,1
TXN-12787,255.31,Payment,ATM,22,300,7,0,31.0,0,0
TXN-12788,21.74,Purchase,Mobile_App,12,84,4,0,7.6,0,0
TXN-12789,105.26,Purchase,Web_Browser,11,98,1,0,0.1,0,0
TXN-12790,5.0,Debit,Web_Browser,10,686,5,0,3.1,0,0
TXN-12791,159.21,Purchase,Mobile_App,8,189,4,0,36.0,0,0
TXN-12792,52.68,Cash_Out,Mobile_App,17,150,3,0,34.4,0,0
TXN-12793,8.82,Payment,Web_Browser,21,387,1,0,9.1,0,0
TXN-12794,99.6,Transfer,Web_Browser,12,722,5,0,5.4,0,0
TXN-12795,38.63,Cash_Out,Mobile_App,21,8,6,0,5.4,0,1
TXN-12796,38.47,Payment,ATM,18,179,5,0,34.1,0,0
TXN-12797,92.47,Cash_Out,Mobile_App,13,284,2,0,5.9,0,0
TXN-12798,148.09,Purchase,Mobile_App,15,116,3,0,10.7,0,0
TXN-12799,71.3,Payment,Mobile_App,12,445,4,0,19.7,0,0
TXN-12800,5.48,Debit,Mobile_App,14,1068,3,0,3.5,0,0
TXN-12801,71.14,Purchase,Mobile_App,5,862,4,0,4.4,0,0
TXN-12802,19.33,Purchase,ATM,16,93,3,1,6.6,0,0
TXN-12803,88.06,Purchase,Mobile_App,5,77,4,0,15.9,0,1
TXN-12804,75.29,Transfer,Mobile_App,18,948,1,0,25.5,0,1
TXN-12805,39.38,Purchase,Mobile_App,18,185,3,2,11.9,0,0
TXN-12806,47.02,Debit,Web_Browser,9,71,5,2,2.1,0,0
TXN-12807,8.53,Payment,POS_Terminal,10,369,3,0,8.9,0,0
TXN-12808,256.41,Transfer,Mobile_App,13,101,2,2,2.0,0,0
TXN-12809,70.25,Debit,Mobile_App,14,94,6,0,1.4,0,0
TXN-12810,65.26,Payment,Mobile_App,10,635,1,0,13.4,0,0
TXN-12811,68.38,Cash_Out,Mobile_App,14,54,3,0,46.9,0,0
TXN-12812,8.3,Cash_Out,Mobile_App,10,20,2,0,27.3,0,1
TXN-12813,133.87,Payment,Mobile_App,5,95,3,0,22.3,0,0
TXN-12814,5544.07,Cash_Out,Mobile_App,0,281,2,0,19.5,0,1
TXN-12815,56.13,Debit,Web_Browser,7,40,1,1,34.1,0,0
TXN-12816,27.38,Transfer,Mobile_App,17,192,2,0,21.0,0,0
TXN-12817,14.65,Payment,ATM,21,297,4,0,14.8,0,0
TXN-12818,28.94,Payment,ATM,12,567,2,0,6.8,0,0
TXN-12819,41.16,Transfer,Web_Browser,13,79,3,2,1.6,0,0
TXN-12820,49.14,Purchase,Mobile_App,8,511,3,1,9.3,1,0
TXN-12821,30.07,Payment,Mobile_App,14,81,3,0,38.8,0,0
TXN-12822,44.72,Cash_Out,Mobile_App,8,339,6,1,13.1,0,0
TXN-12823,36.71,Payment,Web_Browser,15,169,1,0,3.1,0,0
TXN-12824,12.61,Payment,Mobile_App,20,37,5,1,15.7,0,0
TXN-12825,48.08,Debit,POS_Terminal,8,376,2,0,1235.1,0,0
TXN-12826,48.06,Debit,ATM,17,74,5,0,40.2,0,0
TXN-12827,24.76,Payment,Mobile_App,2,59,3,0,2.6,0,0
TXN-12828,125.91,Transfer,Web_Browser,11,134,3,2,18.7,0,0
TXN-12829,49.23,Payment,Mobile_App,7,318,6,3,17.2,0,0
TXN-12830,73.33,Transfer,Mobile_App,11,80,3,0,61.6,0,0
TXN-12831,21.01,Cash_Out,Mobile_App,8,61,3,0,12.5,0,0
TXN-12832,25.36,Payment,Mobile_App,11,4,2,0,30.8,0,0
TXN-12833,37.82,Payment,POS_Terminal,12,192,5,0,0.4,0,0
TXN-12834,14.85,Transfer,Mobile_App,10,168,2,0,2.0,0,0
TXN-12835,7.92,Purchase,Mobile_App,15,80,3,0,6.4,1,0
TXN-12836,195.78,Purchase,Web_Browser,20,17,5,0,14.5,0,0
TXN-12837,28.34,Payment,Web_Browser,12,169,8,3,8.9,0,0
TXN-12838,43.76,Debit,Mobile_App,8,466,4,0,3.4,0,0
TXN-12839,67.6,Transfer,POS_Terminal,10,377,7,1,13.3,0,1
TXN-12840,41.05,Transfer,Web_Browser,18,592,2,0,12.5,0,0
TXN-12841,16.4,Debit,Mobile_App,14,3,3,0,11.1,0,0
TXN-12842,144.12,Purchase,Mobile_App,12,1019,4,0,1988.6,0,0
TXN-12843,31.62,Purchase,Mobile_App,8,126,2,4,39.3,0,1
TXN-12844,96.5,Cash_Out,POS_Terminal,12,1394,4,0,2239.1,0,0
TXN-12845,220.12,Transfer,Web_Browser,10,88,1,0,4.6,0,0
TXN-12846,14.69,Debit,POS_Terminal,20,192,1,0,17.4,0,0
TXN-12847,122.13,Payment,Mobile_App,19,132,3,0,5.7,0,0
TXN-12848,60.22,Cash_Out,Mobile_App,6,132,3,0,10.6,0,0
TXN-12849,21.93,Transfer,Mobile_App,13,555,3,0,6.3,0,0
TXN-12850,83.41,Cash_Out,Mobile_App,9,412,4,0,31.9,0,0
TXN-12851,60.58,Payment,Web_Browser,12,1455,3,0,76.7,0,0
TXN-12852,29.61,Payment,POS_Terminal,19,286,3,0,2.6,0,0
TXN-12853,366.31,Purchase,Mobile_App,13,187,4,2,0.4,0,1
TXN-12854,80.03,Payment,Mobile_App,11,29,2,0,3.7,0,0
TXN-12855,18.29,Transfer,Mobile_App,9,1500,3,1,774.9,0,1
TXN-12856,75.9,Payment,Mobile_App,17,241,3,0,2.9,0,0
TXN-12857,45.5,Payment,Mobile_App,15,362,4,0,25.0,0,0
TXN-12858,17.58,Payment,Mobile_App,13,157,3,0,7.9,0,0
TXN-12859,43.23,Payment,Mobile_App,9,239,4,0,14.1,0,0
TXN-12860,80.43,Purchase,Mobile_App,11,858,5,2,9.1,0,0
TXN-12861,21.59,Payment,Mobile_App,21,55,6,2,35.0,0,0
TXN-12862,13.49,Purchase,Mobile_App,13,104,1,0,0.5,0,0
TXN-12863,13.8,Cash_Out,Web_Browser,12,50,2,0,19.6,0,0
TXN-12864,14.52,Transfer,Mobile_App,13,472,4,0,15.8,0,0
TXN-12865,93.15,Cash_Out,ATM,17,20,4,0,15.7,0,0
TXN-12866,82.15,Transfer,Mobile_App,11,26,3,0,8.0,0,0
TXN-12867,21.73,Debit,Mobile_App,8,107,2,0,0.2,0,0
TXN-12868,44.0,Payment,Mobile_App,14,217,6,0,17.5,1,0
TXN-12869,14.7,Transfer,Mobile_App,15,157,1,0,26.5,0,0
TXN-12870,28.56,Purchase,POS_Terminal,16,14,1,0,1.3,0,0
TXN-12871,28.12,Purchase,Mobile_App,19,948,2,0,8.7,0,0
TXN-12872,73.63,Purchase,ATM,11,917,3,0,2.7,0,0
TXN-12873,177.32,Transfer,POS_Terminal,6,99,3,0,748.9,0,0
TXN-12874,8332.64,Debit,Web_Browser,21,395,7,0,23.1,1,1
TXN-12875,23.84,Transfer,Web_Browser,12,260,3,0,16.5,0,0
TXN-12876,71.74,Transfer,Web_Browser,15,82,4,0,5.7,0,0
TXN-12877,12.94,Payment,Mobile_App,15,92,2,0,2.3,0,0
TXN-12878,21.87,Cash_Out,Web_Browser,14,203,2,0,23.7,0,0
TXN-12879,128.57,Payment,Mobile_App,9,164,2,0,5.9,0,0
TXN-12880,185.57,Payment,Mobile_App,17,104,3,1,0.3,0,0
TXN-12881,21.52,Purchase,Mobile_App,17,495,2,0,1195.0,0,0
TXN-12882,23.89,Payment,Web_Browser,14,198,4,1,318.5,0,0
TXN-12883,106.7,Payment,POS_Terminal,13,320,3,0,27.6,0,0
TXN-12884,142.37,Payment,Mobile_App,7,63,6,0,2.3,0,0
TXN-12885,40.24,Purchase,POS_Terminal,6,229,4,0,8.6,0,0
TXN-12886,26.93,Transfer,Mobile_App,11,115,6,0,4.4,0,0
TXN-12887,90.29,Transfer,Mobile_App,10,225,2,0,17.5,0,0
TXN-12888,75.01,Debit,Mobile_App,21,456,4,0,11.9,0,0
TXN-12889,50.58,Debit,Mobile_App,17,440,2,0,1777.1,0,0
TXN-12890,329.02,Payment,Mobile_App,15,132,3,0,9.2,0,0
TXN-12891,67.21,Cash_Out,Web_Browser,13,356,3,1,0.1,0,0
TXN-12892,16.81,Debit,POS_Terminal,8,851,1,1,3.6,0,0
TXN-12893,79.87,Cash_Out,Mobile_App,21,295,3,0,106.2,0,0
TXN-12894,26.46,Payment,Mobile_App,11,49,2,0,7.8,0,0
TXN-12895,44.34,Purchase,POS_Terminal,7,342,2,0,14.5,0,0
TXN-12896,113.04,Transfer,Web_Browser,13,34,2,0,35.3,0,0
TXN-12897,124.37,Payment,Mobile_App,19,617,4,1,0.3,0,0
TXN-12898,5.0,Transfer,Mobile_App,19,219,6,0,16.2,0,0
TXN-12899,29.72,Payment,POS_Terminal,1,146,2,3,5.1,0,0
TXN-12900,31.65,Payment,Web_Browser,19,18,4,1,4.9,0,0
TXN-12901,52.29,Debit,Mobile_App,10,144,8,0,3.8,0,0
TXN-12902,21.77,Payment,Mobile_App,4,701,4,0,26.0,0,0
TXN-12903,39.41,Transfer,POS_Terminal,18,7,2,0,7.0,0,0
TXN-12904,48.53,Transfer,Mobile_App,18,194,2,3,1.0,0,0
TXN-12905,8089.11,Payment,ATM,14,803,5,0,1924.3,0,1
TXN-12906,44.31,Purchase,Mobile_App,14,151,2,0,2.4,0,0
TXN-12907,139.19,Payment,POS_Terminal,18,168,2,0,34.4,0,0
TXN-12908,15.29,Payment,Mobile_App,17,260,3,0,8.4,0,0
TXN-12909,60.95,Payment,Mobile_App,19,187,9,2,37.2,0,1
TXN-12910,5134.67,Payment,POS_Terminal,14,56,3,1,994.5,0,1
TXN-12911,8.7,Payment,Mobile_App,21,6,3,0,27.3,0,0
TXN-12912,37.46,Debit,Web_Browser,23,283,2,0,5.1,0,0
TXN-12913,48.9,Purchase,Mobile_App,7,761,3,1,4.7,0,0
TXN-12914,186.46,Payment,Mobile_App,18,34,3,0,12.3,0,0
TXN-12915,37.09,Cash_Out,Mobile_App,13,72,4,0,8.1,0,0
TXN-12916,77.93,Debit,Web_Browser,11,139,4,0,10.7,0,0
TXN-12917,26.42,Debit,Mobile_App,15,497,8,0,0.8,0,0
TXN-12918,72.36,Transfer,Mobile_App,5,95,3,0,53.4,0,0
TXN-12919,128.66,Payment,Mobile_App,13,642,4,0,0.9,0,0
TXN-12920,10.23,Payment,Web_Browser,19,17,4,0,3.0,0,0
TXN-12921,61.76,Debit,Web_Browser,9,849,2,0,17.0,0,0
TXN-12922,91.62,Debit,Mobile_App,12,247,2,0,1270.2,0,0
TXN-12923,47.06,Payment,Mobile_App,20,323,2,0,1.7,0,0
TXN-12924,68.45,Transfer,ATM,12,138,4,0,2.5,0,0
TXN-12925,114.61,Purchase,Mobile_App,11,457,6,0,1.0,0,0
TXN-12926,13.75,Debit,POS_Terminal,12,55,6,0,4.3,0,0
TXN-12927,79.52,Purchase,POS_Terminal,13,16,3,0,4.7,0,0
TXN-12928,177.12,Debit,POS_Terminal,15,152,1,0,10.4,0,0
TXN-12929,35.21,Transfer,Mobile_App,17,577,8,0,8.7,0,0
TXN-12930,28.73,Cash_Out,POS_Terminal,12,422,3,0,9.6,0,0
TXN-12931,28.65,Cash_Out,POS_Terminal,18,219,2,0,1557.8,0,0
TXN-12932,72.85,Payment,Web_Browser,13,255,5,0,3.9,0,0
TXN-12933,224.66,Transfer,Mobile_App,11,42,3,0,369.3,0,0
TXN-12934,433.08,Debit,Mobile_App,15,552,4,0,31.7,0,0
TXN-12935,262.32,Payment,Mobile_App,16,464,2,4,15.1,0,1
TXN-12936,38.63,Debit,Web_Browser,14,321,4,0,0.9,0,1
TXN-12937,7527.11,Cash_Out,Web_Browser,5,189,2,0,48.7,0,1
TXN-12938,11.7,Purchase,Mobile_App,8,1002,6,0,17.7,0,0
TXN-12939,85.29,Payment,Mobile_App,10,634,1,1,2.5,0,0
TXN-12940,1030.62,Payment,Mobile_App,10,311,1,1,52.2,0,0
TXN-12941,67.11,Cash_Out,Web_Browser,15,140,4,0,6.8,0,0
TXN-12942,76.91,Payment,ATM,1,289,2,0,62.5,0,1
TXN-12943,52.29,Debit,Mobile_App,17,258,5,0,1.6,0,0
TXN-12944,95.21,Debit,Mobile_App,10,151,5,0,2.6,0,0
TXN-12945,3927.27,Payment,Mobile_App,10,110,5,2,1836.0,0,1
TXN-12946,75.54,Transfer,Web_Browser,13,157,2,0,0.3,0,0
TXN-12947,40.47,Transfer,Web_Browser,9,256,5,0,0.3,0,0
TXN-12948,87.99,Transfer,ATM,19,168,4,1,23.6,0,0
TXN-12949,53.94,Purchase,Mobile_App,6,92,2,0,2.8,1,0
TXN-12950,91.77,Debit,ATM,12,430,3,0,37.7,0,0
TXN-12951,21.94,Cash_Out,Mobile_App,18,228,6,0,8.3,0,0
TXN-12952,162.37,Debit,Web_Browser,15,22,5,0,1411.4,0,0
TXN-12953,144.37,Transfer,Mobile_App,10,138,3,0,8.1,0,0
TXN-12954,40.49,Purchase,POS_Terminal,12,649,3,0,11.3,0,0
TXN-12955,31.06,Cash_Out,Web_Browser,16,423,2,0,5.7,0,0
TXN-12956,15.43,Debit,Web_Browser,21,118,5,0,16.1,0,0
TXN-12957,17.04,Purchase,POS_Terminal,19,836,4,0,5.7,0,0
TXN-12958,36.9,Payment,Mobile_App,11,24,4,0,3.8,0,0
TXN-12959,63.69,Debit,Mobile_App,23,976,4,0,1635.8,0,0
TXN-12960,66.78,Payment,POS_Terminal,0,85,4,0,0.9,0,0
TXN-12961,311.96,Payment,Mobile_App,2,3,4,1,5.5,0,0
TXN-12962,32.72,Payment,Mobile_App,18,171,1,0,20.0,0,0
TXN-12963,29.63,Purchase,Mobile_App,8,134,2,0,3.5,0,0
TXN-12964,49.74,Purchase,Web_Browser,5,233,2,0,5.3,0,0
TXN-12965,21.84,Debit,Mobile_App,9,479,7,0,35.3,0,0
TXN-12966,251.97,Debit,Mobile_App,12,555,3,1,15.3,0,0
TXN-12967,327.91,Cash_Out,Mobile_App,16,154,3,1,37.8,1,0
TXN-12968,120.57,Purchase,Mobile_App,15,169,2,1,36.3,0,0
TXN-12969,138.48,Transfer,POS_Terminal,9,49,5,0,1.0,0,0
TXN-12970,46.45,Transfer,ATM,13,15,6,0,46.5,0,0
TXN-12971,107.0,Payment,Web_Browser,20,308,9,0,0.8,1,0
TXN-12972,190.25,Debit,Mobile_App,18,20,1,0,39.0,0,0
TXN-12973,39.59,Debit,ATM,10,398,3,1,11.9,0,0
TXN-12974,228.78,Transfer,Web_Browser,22,233,2,1,11.4,0,0
TXN-12975,53.31,Payment,Mobile_App,16,67,4,0,1864.8,0,0
TXN-12976,49.49,Debit,ATM,5,233,3,0,31.7,0,0
TXN-12977,1212.53,Payment,POS_Terminal,3,61,3,0,14.4,0,1
TXN-12978,68.08,Debit,Web_Browser,8,174,5,0,8.3,0,0
TXN-12979,167.35,Purchase,Web_Browser,16,483,7,0,1.8,0,0
TXN-12980,5.7,Transfer,Mobile_App,8,186,3,2,23.4,0,0
TXN-12981,76.95,Payment,Mobile_App,13,49,1,1,2.1,0,0
TXN-12982,112.83,Debit,Web_Browser,6,387,5,0,1753.8,0,1
TXN-12983,61.51,Debit,Mobile_App,20,63,4,0,11.3,1,0
TXN-12984,7.63,Transfer,Mobile_App,11,403,2,0,7.3,0,0
TXN-12985,14.03,Purchase,POS_Terminal,19,196,4,0,419.2,0,0
TXN-12986,50.4,Payment,POS_Terminal,20,182,6,0,22.2,0,0
TXN-12987,10.25,Transfer,Mobile_App,0,573,3,0,42.5,0,0
TXN-12988,800.48,Debit,POS_Terminal,12,370,4,1,4.6,0,0
TXN-12989,199.88,Purchase,POS_Terminal,2,11,2,0,44.1,0,1
TXN-12990,2030.09,Payment,Web_Browser,19,106,4,0,48.6,1,1
TXN-12991,130.75,Debit,Mobile_App,13,615,4,0,25.2,0,0
TXN-12992,7895.72,Cash_Out,Mobile_App,6,6,2,2,32.0,0,1
TXN-12993,37.99,Transfer,Mobile_App,7,237,5,1,17.7,0,0
TXN-12994,145.9,Payment,Mobile_App,11,391,3,2,0.6,0,1
TXN-12995,6.78,Purchase,Mobile_App,20,292,7,0,12.8,0,0
TXN-12996,38.79,Payment,Mobile_App,16,429,2,0,20.6,0,0
TXN-12997,32.38,Payment,Mobile_App,19,389,5,2,42.6,0,0
TXN-12998,329.47,Payment,ATM,11,354,4,0,12.7,0,0
TXN-12999,20.9,Purchase,Mobile_App,4,518,3,0,23.7,0,0
TXN-13000,108.35,Cash_Out,Web_Browser,21,312,4,0,18.3,1,0
TXN-13001,27.45,Debit,Web_Browser,1,155,4,0,4.9,0,0
TXN-13002,158.02,Payment,Mobile_App,20,192,3,1,2.5,1,0
TXN-13003,35.46,Cash_Out,ATM,11,379,5,0,20.8,0,0
TXN-13004,6174.67,Cash_Out,Web_Browser,1,627,1,0,4.0,0,1
TXN-13005,52.99,Debit,Mobile_App,16,96,1,1,4.2,0,1
TXN-13006,126.96,Purchase,POS_Terminal,21,126,5,0,15.5,0,0
TXN-13007,92.09,Payment,Mobile_App,21,801,3,0,23.3,0,0
TXN-13008,12.27,Cash_Out,Web_Browser,8,260,3,0,13.1,0,0
TXN-13009,11.04,Payment,Mobile_App,8,60,4,0,32.4,1,0
TXN-13010,28.69,Transfer,POS_Terminal,14,327,3,0,3.6,0,0
TXN-13011,20.39,Payment,Mobile_App,15,1406,5,0,4.4,0,0
TXN-13012,22.15,Payment,Web_Browser,16,521,3,0,15.2,0,0
TXN-13013,34.42,Transfer,Mobile_App,8,411,3,1,26.5,0,0
TXN-13014,98.68,Cash_Out,Web_Browser,21,70,5,0,11.6,0,0
TXN-13015,41.42,Payment,POS_Terminal,15,627,4,1,0.2,0,0
TXN-13016,16.7,Debit,Mobile_App,18,224,3,0,16.9,0,0
TXN-13017,21.82,Transfer,Web_Browser,13,661,4,0,25.2,0,1
TXN-13018,7143.49,Payment,Mobile_App,12,121,2,0,4.9,1,1
TXN-13019,48.85,Debit,POS_Terminal,21,20,6,0,0.8,0,0
TXN-13020,26.79,Payment,Mobile_App,14,194,3,0,10.9,0,0
TXN-13021,102.67,Transfer,POS_Terminal,19,95,1,0,0.6,0,0
TXN-13022,122.37,Cash_Out,POS_Terminal,21,377,8,3,8.1,0,1
TXN-13023,117.4,Payment,Mobile_App,15,945,5,0,0.3,0,0
TXN-13024,49.35,Payment,Mobile_App,14,353,2,0,3.8,0,0
TXN-13025,22.2,Transfer,Mobile_App,0,654,6,0,7.4,0,0
TXN-13026,43.58,Purchase,POS_Terminal,4,182,1,0,1.8,0,0
TXN-13027,26.85,Cash_Out,Mobile_App,9,444,5,0,1.8,0,0
TXN-13028,5.0,Cash_Out,Web_Browser,8,556,5,0,26.3,0,0
TXN-13029,43.12,Cash_Out,POS_Terminal,9,373,3,0,0.6,0,0
TXN-13030,6.37,Payment,Mobile_App,10,213,6,0,17.5,0,0
TXN-13031,7957.59,Transfer,Web_Browser,11,295,3,0,2000.0,0,1
TXN-13032,30.48,Debit,Mobile_App,12,362,4,0,2.1,0,0
TXN-13033,255.87,Payment,Mobile_App,7,88,4,0,3.3,0,0
TXN-13034,16.68,Payment,POS_Terminal,4,498,3,0,15.4,0,1
TXN-13035,68.94,Payment,Mobile_App,15,901,5,0,5.7,0,0
TXN-13036,39.81,Transfer,Mobile_App,13,188,1,0,9.7,0,0
TXN-13037,86.55,Purchase,POS_Terminal,12,363,3,0,27.1,0,0
TXN-13038,28.13,Payment,Mobile_App,15,401,4,0,2.2,0,0
TXN-13039,11.26,Transfer,ATM,18,326,3,0,14.5,0,0
TXN-13040,60.77,Payment,ATM,12,238,1,1,42.8,0,0
TXN-13041,4909.49,Purchase,Mobile_App,15,641,2,0,0.9,1,1
TXN-13042,65.88,Payment,Mobile_App,21,179,3,0,0.9,1,0
TXN-13043,40.45,Transfer,Web_Browser,18,19,3,0,12.1,0,0
TXN-13044,38.25,Debit,Mobile_App,12,559,3,2,48.3,0,0
TXN-13045,122.04,Debit,Mobile_App,15,337,3,2,3.7,0,0
TXN-13046,111.33,Transfer,Web_Browser,8,568,4,0,6.0,0,0
TXN-13047,24.43,Payment,Mobile_App,14,45,2,0,1.6,0,0
TXN-13048,47.07,Transfer,POS_Terminal,22,10,3,0,6.7,0,0
TXN-13049,16.41,Payment,Mobile_App,13,818,3,0,0.7,0,0
TXN-13050,96.34,Payment,Mobile_App,20,48,4,0,7.4,1,0
TXN-13051,7291.54,Transfer,Mobile_App,12,498,2,0,1603.1,0,1
TXN-13052,224.92,Payment,ATM,23,520,6,0,55.3,0,0
TXN-13053,114.07,Payment,Web_Browser,14,371,1,0,25.6,0,0
TXN-13054,65.28,Cash_Out,POS_Terminal,4,43,4,0,25.9,0,0
TXN-13055,720.1,Purchase,Mobile_App,14,331,5,1,3.9,0,0
TXN-13056,77.27,Cash_Out,Mobile_App,10,660,1,0,1.4,0,0
TXN-13057,95.18,Payment,Mobile_App,3,167,5,0,13.9,0,0
TXN-13058,8.93,Payment,Mobile_App,18,161,4,0,11.0,0,0
TXN-13059,123.0,Purchase,Web_Browser,10,176,4,0,1844.2,0,0
TXN-13060,611.94,Payment,Web_Browser,17,26,3,1,1.7,1,0
TXN-13061,72.71,Payment,Mobile_App,10,668,3,0,10.2,1,0
TXN-13062,119.57,Cash_Out,ATM,8,611,5,0,2.4,0,0
TXN-13063,5428.94,Cash_Out,Mobile_App,21,1500,5,0,8.2,0,1
TXN-13064,331.01,Cash_Out,ATM,11,264,1,0,1.0,0,0
TXN-13065,100.42,Payment,Mobile_App,14,418,3,0,29.2,0,0
TXN-13066,11.22,Payment,Mobile_App,15,68,6,0,0.2,0,0
TXN-13067,68.65,Purchase,Mobile_App,14,331,3,0,801.5,0,0
TXN-13068,118.75,Payment,Mobile_App,20,315,4,0,29.8,0,0
TXN-13069,109.68,Cash_Out,Web_Browser,15,695,2,0,21.0,0,0
TXN-13070,46.88,Debit,Mobile_App,12,533,3,0,60.7,0,0
TXN-13071,37.8,Cash_Out,Mobile_App,18,837,1,0,0.8,0,0
TXN-13072,2760.91,Payment,Web_Browser,8,610,4,0,15.4,0,1
TXN-13073,47.03,Payment,Web_Browser,14,610,5,0,28.4,0,0
TXN-13074,62.25,Cash_Out,POS_Terminal,20,20,2,2,2.0,0,1
TXN-13075,93.9,Purchase,Mobile_App,15,562,2,0,13.2,0,0
TXN-13076,79.51,Purchase,Web_Browser,18,281,4,0,7.5,0,0
TXN-13077,35.45,Payment,Web_Browser,15,144,3,0,8.6,0,0
TXN-13078,16.63,Payment,Mobile_App,18,18,3,0,36.5,0,0
TXN-13079,79.7,Purchase,Mobile_App,20,340,3,0,11.6,0,0
TXN-13080,40.87,Debit,Mobile_App,10,120,4,0,1.5,0,0
TXN-13081,272.42,Purchase,Mobile_App,8,190,3,0,41.5,0,0
TXN-13082,135.93,Payment,Mobile_App,13,344,3,0,3.1,0,0
TXN-13083,76.78,Cash_Out,Mobile_App,16,729,4,0,33.5,0,0
TXN-13084,25.65,Debit,Web_Browser,9,524,3,0,53.1,0,0
TXN-13085,7154.92,Cash_Out,Web_Browser,0,180,4,1,31.5,0,1
TXN-13086,54.73,Transfer,ATM,11,148,4,0,17.0,0,0
TXN-13087,63.19,Payment,Web_Browser,21,83,3,0,20.4,0,0
TXN-13088,9.61,Cash_Out,Mobile_App,16,140,3,0,18.1,0,0
TXN-13089,87.67,Payment,POS_Terminal,12,36,5,0,9.3,0,0
TXN-13090,57.36,Transfer,POS_Terminal,8,1064,3,0,4.8,0,0
TXN-13091,5.0,Purchase,Mobile_App,11,256,4,0,5.0,0,0
TXN-13092,23.2,Transfer,Web_Browser,8,42,3,0,19.7,0,0
TXN-13093,24.79,Debit,ATM,7,131,4,0,14.8,0,0
TXN-13094,16.12,Payment,Web_Browser,19,238,7,0,13.2,1,0
TXN-13095,80.44,Cash_Out,ATM,23,229,5,0,15.9,0,0
TXN-13096,326.44,Purchase,Mobile_App,8,11,3,0,22.4,0,0
TXN-13097,86.8,Payment,Mobile_App,5,904,3,0,20.7,0,0
TXN-13098,102.74,Payment,Mobile_App,11,97,3,0,1.7,0,0
TXN-13099,25.13,Transfer,Web_Browser,12,5,3,0,6.8,0,0
TXN-13100,90.89,Payment,POS_Terminal,9,24,1,0,709.3,1,0
TXN-13101,45.45,Debit,ATM,10,261,2,0,11.6,0,0
TXN-13102,54.64,Purchase,Mobile_App,9,45,4,0,2100.0,0,1
TXN-13103,29.86,Transfer,Mobile_App,17,13,3,0,21.6,0,0
TXN-13104,11.27,Payment,POS_Terminal,16,144,2,0,1.7,0,0
TXN-13105,136.95,Transfer,Web_Browser,15,293,1,0,4.7,0,0
TXN-13106,64.16,Debit,Mobile_App,11,36,1,0,22.9,0,0
TXN-13107,43.42,Payment,Mobile_App,19,113,3,0,0.8,0,0
TXN-13108,338.84,Cash_Out,Web_Browser,21,163,2,0,16.2,0,0
TXN-13109,20.16,Cash_Out,POS_Terminal,8,53,5,0,38.8,0,0
TXN-13110,103.57,Cash_Out,Mobile_App,9,212,3,0,14.4,0,0
TXN-13111,425.41,Payment,Mobile_App,13,27,6,0,18.7,0,0
TXN-13112,83.0,Debit,ATM,6,15,2,0,23.6,0,0
TXN-13113,17.11,Payment,Web_Browser,12,221,7,0,3.8,0,0
TXN-13114,145.24,Payment,Mobile_App,14,86,5,0,13.0,0,0
TXN-13115,31.64,Purchase,Mobile_App,13,31,4,0,1097.9,0,0
TXN-13116,29.54,Debit,Web_Browser,11,166,5,0,4.3,0,0
TXN-13117,22.14,Payment,Mobile_App,13,741,2,0,3.2,0,0
TXN-13118,278.21,Payment,Mobile_App,21,387,4,0,13.2,0,0
TXN-13119,36.42,Payment,Web_Browser,9,508,3,0,23.7,0,0
TXN-13120,21.76,Payment,Mobile_App,15,617,5,0,31.3,1,1
TXN-13121,189.96,Payment,Web_Browser,4,1080,7,0,8.4,0,0
TXN-13122,11.16,Payment,Mobile_App,5,433,6,1,1523.3,0,0
TXN-13123,58.22,Transfer,Web_Browser,14,282,3,0,17.4,0,0
TXN-13124,27.66,Debit,Mobile_App,7,137,3,2,22.7,0,1
TXN-13125,100.11,Cash_Out,Mobile_App,2,61,6,1,4.4,0,0
TXN-13126,35.75,Cash_Out,Mobile_App,8,349,2,1,5.3,0,0
TXN-13127,8137.34,Payment,ATM,14,1500,2,1,11.4,0,1
TXN-13128,5635.77,Purchase,POS_Terminal,16,189,4,0,8.8,1,1
TXN-13129,34.5,Debit,Mobile_App,9,386,3,0,18.4,1,0
TXN-13130,126.71,Debit,POS_Terminal,15,206,7,0,10.5,0,0
TXN-13131,58.38,Debit,Web_Browser,8,170,3,0,1.8,0,0
TXN-13132,464.73,Purchase,ATM,15,159,2,0,2.7,0,0
TXN-13133,31.29,Transfer,Mobile_App,12,211,3,1,1468.7,0,1
TXN-13134,176.38,Payment,Web_Browser,15,138,2,0,3.9,0,0
TXN-13135,38.47,Cash_Out,Mobile_App,23,415,5,0,0.8,0,0
TXN-13136,48.37,Debit,Mobile_App,20,623,5,0,19.7,0,0
TXN-13137,116.3,Debit,ATM,0,644,2,0,17.3,0,0
TXN-13138,21.29,Transfer,Web_Browser,19,78,2,0,13.7,0,0
TXN-13139,179.22,Payment,Mobile_App,5,679,3,0,10.5,0,1
TXN-13140,4250.37,Transfer,Mobile_App,21,126,9,1,52.4,0,1
TXN-13141,120.46,Purchase,Web_Browser,10,112,2,0,1.9,0,0
TXN-13142,139.18,Cash_Out,Web_Browser,11,390,4,0,10.7,0,0
TXN-13143,97.38,Transfer,Mobile_App,6,110,4,0,12.5,0,0
TXN-13144,107.8,Payment,ATM,7,17,2,1,0.3,0,0
TXN-13145,203.64,Transfer,Mobile_App,16,141,1,0,8.0,0,0
TXN-13146,54.91,Purchase,Mobile_App,20,384,2,0,22.9,0,0
TXN-13147,45.66,Cash_Out,ATM,15,119,3,2,9.6,0,1
TXN-13148,88.58,Debit,Mobile_App,16,298,3,0,31.2,0,0
TXN-13149,60.34,Transfer,Mobile_App,17,324,6,0,15.5,0,0
TXN-13150,139.14,Cash_Out,Web_Browser,10,397,6,0,21.8,0,0
TXN-13151,352.57,Payment,POS_Terminal,4,683,4,0,24.5,0,1
TXN-13152,21.2,Debit,Mobile_App,0,170,5,1,17.5,0,0
TXN-13153,60.23,Transfer,ATM,11,55,5,0,20.8,0,0
TXN-13154,18.85,Transfer,POS_Terminal,9,116,1,1,17.8,0,0
TXN-13155,6104.15,Cash_Out,Mobile_App,5,170,3,0,12.0,0,1
TXN-13156,47.06,Purchase,Web_Browser,8,376,4,0,12.5,1,0
TXN-13157,36.97,Payment,Mobile_App,7,4,4,0,3.2,0,0
TXN-13158,134.92,Debit,Mobile_App,20,114,5,0,26.4,0,0
TXN-13159,78.16,Payment,POS_Terminal,7,455,4,0,5.6,0,0
TXN-13160,29.97,Transfer,ATM,13,334,4,0,11.5,0,0
TXN-13161,135.17,Payment,Mobile_App,14,395,3,0,4.3,0,0
TXN-13162,48.71,Payment,Mobile_App,14,502,4,1,17.9,0,0
TXN-13163,32.07,Transfer,Mobile_App,7,459,4,0,55.4,0,1
TXN-13164,19.72,Payment,Mobile_App,10,344,3,0,1545.9,0,0
TXN-13165,12.61,Transfer,Mobile_App,5,174,4,0,14.5,0,0
TXN-13166,34.3,Purchase,Mobile_App,12,1234,4,0,12.6,0,0
TXN-13167,57.89,Payment,Web_Browser,8,253,4,0,10.1,0,0
TXN-13168,138.06,Debit,Mobile_App,14,68,2,0,359.9,0,0
TXN-13169,7.07,Transfer,Mobile_App,16,104,5,2,6.4,0,0
TXN-13170,352.11,Cash_Out,POS_Terminal,13,355,6,1,7.8,0,0
TXN-13171,25.29,Payment,POS_Terminal,12,777,4,0,43.4,0,0
TXN-13172,37.13,Payment,Mobile_App,11,60,5,1,8.3,0,0
TXN-13173,38.49,Payment,Mobile_App,18,26,7,0,13.2,0,0
TXN-13174,29.04,Payment,Web_Browser,9,640,1,1,38.3,0,0
TXN-13175,40.26,Payment,Mobile_App,16,741,5,0,11.0,0,0
TXN-13176,43.02,Cash_Out,Mobile_App,17,98,7,0,4.3,0,0
TXN-13177,46.89,Purchase,Web_Browser,12,143,2,3,7.2,0,0
TXN-13178,266.47,Debit,Mobile_App,10,324,4,0,7.1,0,0
TXN-13179,26.18,Cash_Out,Mobile_App,13,121,4,0,18.8,0,0
TXN-13180,341.67,Payment,Mobile_App,6,630,2,0,895.7,0,0
TXN-13181,94.18,Payment,Mobile_App,4,35,3,0,19.7,0,0
TXN-13182,11.56,Payment,Mobile_App,7,12,1,0,33.0,0,0
TXN-13183,23.78,Payment,ATM,8,71,1,0,6.1,0,0
TXN-13184,21.11,Transfer,Mobile_App,13,102,1,4,2.2,0,0
TXN-13185,53.39,Transfer,Mobile_App,18,36,3,0,15.3,0,0
TXN-13186,204.31,Transfer,Mobile_App,9,21,6,0,6.7,0,1
TXN-13187,123.24,Transfer,ATM,20,423,4,0,11.5,0,0
TXN-13188,19.74,Debit,Web_Browser,21,54,4,0,352.9,0,1
TXN-13189,184.01,Debit,Mobile_App,21,736,3,0,7.9,1,0
TXN-13190,19.24,Payment,POS_Terminal,18,138,4,1,38.8,0,0
TXN-13191,22.38,Purchase,Mobile_App,11,334,1,0,7.7,0,0
TXN-13192,155.85,Purchase,Mobile_App,6,77,6,0,5.5,0,0
TXN-13193,152.61,Payment,Mobile_App,14,83,2,0,32.5,0,0
TXN-13194,123.35,Transfer,Mobile_App,14,257,1,1,2.2,0,0
TXN-13195,5371.64,Transfer,Mobile_App,18,247,7,0,1304.4,0,1
TXN-13196,50.66,Purchase,Web_Browser,23,440,7,0,41.2,0,0
TXN-13197,16.93,Purchase,Mobile_App,13,426,3,1,3.5,0,0
TXN-13198,7023.62,Payment,Web_Browser,11,334,3,0,2.4,1,1
TXN-13199,27.84,Transfer,Mobile_App,8,179,2,1,11.5,0,0
TXN-13200,45.68,Cash_Out,Mobile_App,0,664,1,1,0.7,0,0
TXN-13201,541.84,Transfer,Mobile_App,13,293,3,0,14.5,0,0
TXN-13202,75.45,Payment,ATM,14,1388,3,0,9.0,0,0
TXN-13203,18.02,Purchase,Mobile_App,18,514,3,0,15.3,0,0
TXN-13204,189.28,Cash_Out,Web_Browser,13,14,3,3,5.0,0,0
TXN-13205,209.1,Debit,Mobile_App,20,116,5,0,35.4,0,0
TXN-13206,229.18,Purchase,Mobile_App,15,255,3,0,4.7,0,0
TXN-13207,33.9,Debit,Mobile_App,18,384,1,0,15.2,1,0
TXN-13208,48.85,Transfer,Mobile_App,8,240,3,0,43.5,0,0
TXN-13209,15.46,Cash_Out,Mobile_App,18,463,4,0,2274.8,0,0
TXN-13210,259.64,Payment,Mobile_App,15,100,4,0,2.6,0,0
TXN-13211,7563.3,Cash_Out,POS_Terminal,8,61,2,0,1.1,0,1
TXN-13212,13.87,Payment,Mobile_App,8,17,2,0,49.5,0,0
TXN-13213,285.35,Cash_Out,Web_Browser,20,256,3,0,21.6,1,0
TXN-13214,2421.06,Payment,Mobile_App,3,351,2,0,1095.1,1,1
TXN-13215,36.8,Payment,Web_Browser,12,119,3,0,18.0,0,0
TXN-13216,19.17,Payment,Web_Browser,10,286,1,0,6.3,0,0
TXN-13217,16.33,Payment,Mobile_App,15,17,3,0,2.0,0,0
TXN-13218,80.61,Debit,Mobile_App,18,32,5,0,39.7,0,0
TXN-13219,27.21,Debit,Web_Browser,11,363,2,0,10.1,0,0
TXN-13220,11.88,Transfer,POS_Terminal,12,138,4,0,7.6,0,0
TXN-13221,147.08,Payment,Mobile_App,22,334,7,2,12.9,0,0
TXN-13222,90.3,Payment,Mobile_App,17,535,4,0,1.7,0,0
TXN-13223,326.31,Payment,POS_Terminal,19,575,4,1,5.5,0,0
TXN-13224,37.61,Payment,Mobile_App,12,57,5,0,1999.6,0,0
TXN-13225,56.83,Purchase,Web_Browser,9,200,1,0,860.7,0,0
TXN-13226,67.46,Payment,Mobile_App,12,398,2,0,2.2,0,0
TXN-13227,62.77,Transfer,Mobile_App,16,447,2,0,2169.4,0,0
TXN-13228,70.19,Payment,Web_Browser,7,461,2,0,14.7,0,0
TXN-13229,39.61,Payment,Web_Browser,10,78,5,0,3.1,0,0
TXN-13230,9.0,Transfer,Mobile_App,4,65,4,0,0.5,0,0
TXN-13231,72.82,Cash_Out,Mobile_App,12,268,5,0,47.7,0,0
TXN-13232,97.04,Payment,POS_Terminal,18,406,4,0,0.4,0,0
TXN-13233,39.0,Payment,Web_Browser,2,116,1,0,0.0,0,0
TXN-13234,656.01,Transfer,Mobile_App,15,34,2,0,5.9,0,1
TXN-13235,33.88,Payment,Web_Browser,20,379,2,0,3.8,0,0
TXN-13236,29.21,Payment,Web_Browser,9,107,4,0,12.8,0,0
TXN-13237,85.1,Purchase,POS_Terminal,16,55,2,0,33.7,1,0
TXN-13238,69.06,Cash_Out,Web_Browser,21,48,4,0,9.8,0,0
TXN-13239,11.31,Cash_Out,Mobile_App,21,114,3,0,22.3,0,1
TXN-13240,4079.23,Transfer,Web_Browser,9,270,5,0,36.0,1,1
TXN-13241,34.59,Transfer,Web_Browser,7,134,2,0,3.1,0,0
TXN-13242,3828.22,Transfer,Mobile_App,8,7,2,4,10.1,0,1
TXN-13243,4164.48,Cash_Out,Mobile_App,16,31,2,3,15.4,0,1
TXN-13244,43.16,Debit,Mobile_App,16,103,6,0,6.0,0,0
TXN-13245,195.37,Payment,Web_Browser,15,324,4,0,20.2,0,0
TXN-13246,31.54,Transfer,Mobile_App,11,32,5,0,18.3,1,0
TXN-13247,14.36,Transfer,Web_Browser,8,247,6,0,8.2,0,0
TXN-13248,13.97,Purchase,ATM,14,39,4,0,1.4,0,0
TXN-13249,69.59,Cash_Out,POS_Terminal,13,72,2,0,0.2,0,0
TXN-13250,337.1,Transfer,ATM,16,57,3,0,6.9,0,0
TXN-13251,47.34,Payment,ATM,12,21,5,1,1.3,0,0
TXN-13252,116.73,Cash_Out,Mobile_App,11,334,2,1,22.8,0,0
TXN-13253,74.55,Payment,Web_Browser,10,187,7,3,6.1,0,0
TXN-13254,36.13,Payment,Mobile_App,9,534,6,0,16.5,0,0
TXN-13255,10.41,Payment,POS_Terminal,10,32,3,1,6.4,1,0
TXN-13256,64.48,Cash_Out,Mobile_App,6,47,1,0,23.8,0,0
TXN-13257,122.05,Payment,ATM,11,110,5,0,32.9,0,0
TXN-13258,86.07,Transfer,Web_Browser,3,436,3,1,27.3,0,0
TXN-13259,38.87,Purchase,POS_Terminal,8,110,3,2,9.9,0,0
TXN-13260,32.18,Payment,Mobile_App,17,158,4,0,1.3,0,0
TXN-13261,28.97,Transfer,Mobile_App,11,108,2,0,7.0,0,0
TXN-13262,28.25,Transfer,POS_Terminal,15,26,2,0,8.3,1,0
TXN-13263,57.11,Payment,Mobile_App,16,842,5,0,48.4,0,0
TXN-13264,46.68,Debit,POS_Terminal,14,239,4,1,12.5,0,0
TXN-13265,6449.83,Payment,Mobile_App,21,466,3,0,15.4,0,1
TXN-13266,20.69,Transfer,Web_Browser,2,323,1,0,22.8,0,0
TXN-13267,53.18,Cash_Out,Mobile_App,16,217,3,0,12.6,0,0
TXN-13268,4721.39,Cash_Out,Web_Browser,21,29,3,0,13.7,0,1
TXN-13269,32.84,Cash_Out,Web_Browser,18,309,2,1,4.2,1,0
TXN-13270,74.25,Payment,Mobile_App,8,51,4,0,0.9,0,0
TXN-13271,22.36,Payment,Mobile_App,11,161,4,0,19.2,0,0
TXN-13272,179.94,Debit,Mobile_App,8,298,3,1,28.3,0,0
TXN-13273,83.43,Transfer,Web_Browser,14,458,4,0,8.0,0,0
TXN-13274,94.12,Debit,Web_Browser,16,347,4,0,11.9,0,0
TXN-13275,50.82,Debit,Web_Browser,10,334,5,0,5.5,0,0
TXN-13276,39.3,Debit,Web_Browser,13,49,5,0,9.0,0,0
TXN-13277,26.52,Transfer,Mobile_App,16,128,4,0,3.5,0,0
TXN-13278,23.75,Payment,Mobile_App,12,14,3,0,21.4,0,0
TXN-13279,11.83,Debit,Mobile_App,18,382,7,0,10.2,0,0
TXN-13280,59.91,Transfer,Mobile_App,17,915,2,0,11.9,0,0
TXN-13281,109.81,Payment,ATM,5,93,3,0,0.6,0,0
TXN-13282,16.09,Purchase,POS_Terminal,15,28,3,0,14.6,0,0
TXN-13283,204.95,Purchase,Mobile_App,9,194,1,0,3.4,0,0
TXN-13284,11.33,Transfer,Web_Browser,14,583,3,0,7.3,0,0
TXN-13285,128.3,Payment,POS_Terminal,21,241,2,0,1164.9,0,0
TXN-13286,23.44,Transfer,Mobile_App,19,15,2,0,8.9,0,0
TXN-13287,160.61,Debit,Mobile_App,12,1099,3,0,3.9,0,0
TXN-13288,117.09,Purchase,Mobile_App,10,530,4,0,28.5,0,0
TXN-13289,772.59,Payment,Web_Browser,9,43,5,0,8.4,0,0
TXN-13290,29.27,Payment,ATM,13,765,3,0,1017.0,0,0
TXN-13291,5.83,Purchase,Web_Browser,7,180,3,1,14.3,0,0
TXN-13292,8.24,Transfer,Mobile_App,14,140,5,0,14.0,0,0
TXN-13293,44.43,Transfer,Mobile_App,0,186,6,0,12.3,0,0
TXN-13294,64.35,Purchase,POS_Terminal,11,540,3,0,25.9,0,0
TXN-13295,26.64,Payment,POS_Terminal,9,324,3,0,25.1,0,0
TXN-13296,78.58,Cash_Out,Web_Browser,21,19,4,0,8.1,0,0
TXN-13297,133.41,Payment,Web_Browser,16,949,2,0,15.2,0,0
TXN-13298,97.91,Transfer,Mobile_App,11,48,5,0,1.6,0,0
TXN-13299,52.48,Debit,POS_Terminal,6,411,5,0,1.4,0,0
TXN-13300,23.43,Transfer,POS_Terminal,13,304,2,0,9.8,0,0
TXN-13301,125.47,Purchase,Mobile_App,9,63,4,0,34.6,0,0
TXN-13302,217.42,Cash_Out,Web_Browser,13,57,3,1,15.7,0,0
TXN-13303,29.93,Payment,Mobile_App,18,613,1,0,16.6,0,0
TXN-13304,16.93,Payment,Mobile_App,15,164,2,0,2.6,0,0
TXN-13305,8098.99,Transfer,Mobile_App,15,319,3,1,9.1,1,1
TXN-13306,75.3,Transfer,Mobile_App,13,211,5,0,7.7,0,0
TXN-13307,73.82,Payment,Mobile_App,20,390,4,0,22.9,0,0
TXN-13308,304.65,Transfer,Mobile_App,20,196,7,0,2.2,0,0
TXN-13309,7992.32,Transfer,Web_Browser,13,102,3,0,11.6,0,1
TXN-13310,44.17,Debit,Mobile_App,10,136,11,0,36.3,0,0
TXN-13311,79.65,Cash_Out,Mobile_App,12,588,4,0,33.4,0,0
TXN-13312,409.47,Debit,Mobile_App,8,190,2,0,28.7,0,0
TXN-13313,51.98,Payment,Web_Browser,15,73,6,0,7.0,0,0
TXN-13314,33.67,Payment,Mobile_App,13,819,4,0,42.5,0,0
TXN-13315,67.81,Cash_Out,Mobile_App,7,478,3,0,24.5,0,0
TXN-13316,7338.83,Transfer,POS_Terminal,8,18,3,0,28.6,0,1
TXN-13317,179.9,Payment,Web_Browser,13,1500,5,0,40.4,0,0
TXN-13318,237.65,Debit,POS_Terminal,19,357,3,0,41.5,0,0
TXN-13319,8.06,Debit,Mobile_App,14,53,3,0,4.1,0,0
TXN-13320,25.35,Transfer,Mobile_App,16,82,1,0,2.0,0,0
TXN-13321,129.48,Payment,Web_Browser,11,354,2,0,17.6,0,0
TXN-13322,70.86,Debit,Mobile_App,14,454,6,0,12.4,0,0
TXN-13323,84.38,Cash_Out,Mobile_App,12,82,3,0,5.9,0,0
TXN-13324,29.21,Debit,Mobile_App,15,90,3,0,1804.2,0,0
TXN-13325,69.45,Debit,POS_Terminal,5,111,2,0,1.0,0,0
TXN-13326,43.3,Debit,Mobile_App,13,274,5,0,1379.3,0,0
TXN-13327,87.76,Transfer,ATM,10,57,5,0,6.6,0,0
TXN-13328,90.79,Payment,POS_Terminal,11,34,1,0,975.8,0,0
TXN-13329,75.54,Cash_Out,Mobile_App,21,341,2,3,19.0,0,0
TXN-13330,8417.53,Cash_Out,Web_Browser,8,454,2,0,44.4,0,1
TXN-13331,46.08,Debit,Web_Browser,10,209,4,0,16.3,1,0
TXN-13332,267.54,Payment,POS_Terminal,13,136,5,1,16.0,0,0
TXN-13333,167.11,Payment,Mobile_App,18,170,3,0,0.1,0,0
TXN-13334,57.71,Purchase,POS_Terminal,12,148,5,0,10.8,0,0
TXN-13335,128.95,Debit,Mobile_App,17,966,3,0,25.5,0,0
TXN-13336,414.8,Purchase,ATM,18,439,3,0,333.6,1,1
TXN-13337,22.12,Debit,Mobile_App,10,70,3,0,3.9,0,0
TXN-13338,27.17,Cash_Out,Mobile_App,12,146,3,0,28.3,0,0
TXN-13339,59.5,Cash_Out,POS_Terminal,11,236,3,0,50.0,0,0
TXN-13340,74.69,Purchase,POS_Terminal,18,285,2,0,4.9,0,0
TXN-13341,32.0,Cash_Out,Web_Browser,4,190,3,0,3.5,0,0
TXN-13342,110.57,Cash_Out,Mobile_App,10,499,3,0,6.2,0,0
TXN-13343,50.32,Payment,Mobile_App,16,438,2,0,1.0,0,0
TXN-13344,162.86,Transfer,ATM,14,212,3,0,31.0,0,0
TXN-13345,28.0,Debit,POS_Terminal,12,579,3,0,39.7,0,0
TXN-13346,23.12,Payment,POS_Terminal,13,418,3,0,15.0,0,0
TXN-13347,44.91,Payment,Mobile_App,8,453,3,0,583.3,0,1
TXN-13348,46.95,Payment,Mobile_App,12,940,3,0,16.6,0,0
TXN-13349,22.29,Payment,Web_Browser,13,93,2,0,7.1,0,0
TXN-13350,2763.01,Payment,POS_Terminal,19,94,4,0,1976.3,0,1
TXN-13351,5022.08,Transfer,Mobile_App,10,660,3,0,27.1,0,1
TXN-13352,364.97,Purchase,POS_Terminal,19,444,4,1,24.9,0,0
TXN-13353,51.44,Transfer,Web_Browser,15,784,7,0,1.3,0,0
TXN-13354,78.91,Payment,Mobile_App,2,20,3,0,9.3,0,0
TXN-13355,15.7,Payment,Mobile_App,16,297,3,0,7.6,1,1
TXN-13356,94.65,Cash_Out,Mobile_App,3,47,3,0,20.9,0,0
TXN-13357,24.39,Transfer,Web_Browser,23,211,4,0,10.4,0,0
TXN-13358,136.17,Debit,Mobile_App,19,51,3,0,6.5,0,0
TXN-13359,6559.4,Cash_Out,Mobile_App,10,42,3,0,18.4,0,1
TXN-13360,52.89,Debit,POS_Terminal,10,4,5,0,9.6,0,0
TXN-13361,153.37,Payment,Mobile_App,11,299,4,0,4.4,0,0
TXN-13362,65.08,Cash_Out,Mobile_App,11,134,1,2,33.2,0,0
TXN-13363,47.47,Payment,Mobile_App,11,34,4,0,1.8,0,0
TXN-13364,207.87,Purchase,Web_Browser,10,117,4,1,0.3,0,0
TXN-13365,24.02,Cash_Out,POS_Terminal,15,56,2,0,2.3,0,0
TXN-13366,16.93,Payment,Mobile_App,8,853,4,0,2.7,0,0
TXN-13367,19.23,Payment,POS_Terminal,18,116,3,1,11.6,0,0
TXN-13368,19.97,Payment,Web_Browser,18,122,3,0,14.7,0,0
TXN-13369,82.73,Cash_Out,Mobile_App,13,550,4,1,2317.7,0,0
TXN-13370,40.4,Payment,Mobile_App,18,314,2,0,3.4,0,0
TXN-13371,145.99,Cash_Out,Mobile_App,9,372,4,1,2.1,0,0
TXN-13372,2487.62,Payment,Mobile_App,1,304,3,0,10.2,0,1
TXN-13373,78.66,Cash_Out,Web_Browser,15,877,3,0,12.5,0,0
TXN-13374,9.62,Debit,Web_Browser,12,70,5,0,588.3,0,0
TXN-13375,3570.79,Debit,Mobile_App,14,1355,4,0,1509.7,0,1
TXN-13376,190.46,Debit,Mobile_App,19,534,3,0,1.3,0,0
TXN-13377,60.55,Payment,Mobile_App,21,267,4,3,0.4,0,0
TXN-13378,20.77,Payment,Web_Browser,15,326,4,0,1.7,0,0
TXN-13379,6011.2,Cash_Out,Mobile_App,17,314,5,0,20.3,0,1
TXN-13380,147.82,Transfer,Web_Browser,6,19,3,0,6.3,0,0
TXN-13381,60.47,Transfer,Mobile_App,8,74,5,0,0.4,0,1
TXN-13382,14.02,Payment,Web_Browser,16,977,4,0,10.6,0,0
TXN-13383,80.0,Payment,POS_Terminal,12,230,4,0,11.5,0,0
TXN-13384,53.42,Payment,Mobile_App,12,143,2,0,8.4,1,0
TXN-13385,267.54,Purchase,Mobile_App,10,431,2,0,1.8,0,0
TXN-13386,24.41,Payment,ATM,14,224,7,0,21.1,0,0
TXN-13387,4800.38,Cash_Out,Mobile_App,8,4,3,0,278.6,0,1
TXN-13388,8143.51,Payment,Web_Browser,15,400,3,2,7.5,1,1
TXN-13389,86.62,Cash_Out,Mobile_App,8,396,3,0,7.2,0,0
TXN-13390,46.66,Payment,Web_Browser,5,55,4,0,2.5,0,0
TXN-13391,38.96,Purchase,Mobile_App,11,942,6,0,21.0,0,0
TXN-13392,39.96,Purchase,ATM,9,77,3,0,13.7,0,0
TXN-13393,32.88,Payment,Web_Browser,19,184,2,3,1.3,0,1
TXN-13394,27.09,Purchase,POS_Terminal,5,37,1,2,7.1,1,0
TXN-13395,170.2,Purchase,Web_Browser,8,278,2,1,35.1,0,0
TXN-13396,155.83,Debit,Web_Browser,14,142,4,0,9.0,0,0
TXN-13397,113.06,Debit,Mobile_App,13,131,3,0,5.9,0,0
TXN-13398,68.14,Payment,POS_Terminal,4,527,3,0,15.5,1,1
TXN-13399,65.88,Cash_Out,ATM,0,3,5,0,3.4,0,0
TXN-13400,11.42,Payment,Mobile_App,22,480,4,0,868.9,0,0
TXN-13401,109.57,Payment,ATM,15,255,4,0,16.6,0,0
TXN-13402,55.3,Purchase,Web_Browser,11,1283,4,0,29.0,0,0
TXN-13403,16.49,Payment,Web_Browser,13,268,4,0,17.7,0,0
TXN-13404,155.77,Debit,Mobile_App,10,18,2,0,1232.2,0,0
TXN-13405,46.45,Debit,Mobile_App,11,16,2,0,21.9,1,0
TXN-13406,115.55,Purchase,Mobile_App,15,645,3,1,34.3,0,0
TXN-13407,84.71,Purchase,Mobile_App,19,553,2,0,9.7,0,0
TXN-13408,22.06,Payment,Web_Browser,8,128,2,1,0.1,0,0
TXN-13409,115.17,Payment,Mobile_App,18,289,5,0,31.9,0,0
TXN-13410,28.0,Transfer,Mobile_App,7,202,2,0,2.7,0,0
TXN-13411,10.34,Payment,ATM,9,1025,4,0,2.0,1,0
TXN-13412,3257.36,Payment,Mobile_App,3,899,7,0,5.5,0,1
TXN-13413,66.71,Transfer,Mobile_App,7,1238,3,1,7.2,0,0
TXN-13414,61.09,Debit,Mobile_App,20,604,4,0,24.1,0,0
TXN-13415,116.31,Cash_Out,Mobile_App,12,721,2,1,7.4,0,0
TXN-13416,17.34,Payment,POS_Terminal,6,74,4,0,0.8,0,0
TXN-13417,21.08,Cash_Out,Web_Browser,21,534,4,0,15.2,0,0
TXN-13418,17.95,Payment,POS_Terminal,19,371,7,0,16.7,0,0
TXN-13419,34.05,Payment,Mobile_App,17,988,5,0,25.2,0,0
TXN-13420,76.22,Debit,Web_Browser,20,255,2,0,7.6,0,0
TXN-13421,419.21,Cash_Out,Mobile_App,9,27,3,0,1.4,0,0
TXN-13422,5993.51,Debit,Mobile_App,18,273,2,0,1892.5,0,1
TXN-13423,64.29,Payment,Mobile_App,16,349,9,0,1.9,0,0
TXN-13424,13.11,Debit,Mobile_App,19,75,4,0,0.3,0,0
TXN-13425,31.53,Cash_Out,Mobile_App,17,151,4,1,22.6,0,0
TXN-13426,6.98,Cash_Out,Mobile_App,11,274,3,0,7.7,0,0
TXN-13427,533.24,Cash_Out,ATM,17,141,2,0,11.2,0,0
TXN-13428,8.23,Purchase,Mobile_App,10,141,1,0,16.3,1,0
TXN-13429,32.54,Cash_Out,Mobile_App,11,43,4,1,7.7,0,0
TXN-13430,47.29,Cash_Out,Mobile_App,7,848,5,0,0.8,0,0
TXN-13431,320.05,Purchase,Web_Browser,20,417,2,0,4.4,1,0
TXN-13432,68.29,Debit,Mobile_App,10,1,5,2,3.2,0,0
TXN-13433,13.4,Transfer,POS_Terminal,13,436,2,0,56.8,0,0
TXN-13434,40.37,Debit,ATM,12,404,2,0,20.2,0,0
TXN-13435,58.03,Transfer,Mobile_App,21,3,1,0,9.0,0,0
TXN-13436,28.63,Payment,Mobile_App,11,139,2,0,1.0,0,0
TXN-13437,25.99,Cash_Out,Mobile_App,17,280,2,0,1.8,0,0
TXN-13438,24.17,Purchase,Web_Browser,18,181,5,0,25.1,0,0
TXN-13439,24.87,Purchase,Mobile_App,12,452,4,0,43.6,0,0
TXN-13440,21.52,Payment,Mobile_App,11,167,3,0,0.5,0,0
TXN-13441,22.28,Transfer,Mobile_App,17,51,2,0,36.2,0,0
TXN-13442,38.69,Payment,Web_Browser,19,1125,5,0,301.4,0,0
TXN-13443,113.69,Purchase,Mobile_App,17,84,6,1,3.6,0,0
TXN-13444,15.04,Purchase,Mobile_App,9,380,3,0,1.6,0,0
TXN-13445,23.84,Cash_Out,Web_Browser,19,47,2,0,22.2,0,1
TXN-13446,56.73,Debit,Web_Browser,11,120,3,0,9.5,0,0
TXN-13447,90.49,Debit,POS_Terminal,14,176,3,0,26.8,0,0
TXN-13448,235.9,Cash_Out,Mobile_App,18,65,2,4,3.8,0,1
TXN-13449,108.52,Payment,POS_Terminal,8,180,3,0,17.0,0,0
TXN-13450,62.56,Transfer,Web_Browser,17,52,3,0,1.9,0,0
TXN-13451,5373.88,Cash_Out,Mobile_App,14,246,4,3,1.4,0,1
TXN-13452,47.29,Cash_Out,Web_Browser,19,327,4,0,2.1,0,0
TXN-13453,16.7,Transfer,Mobile_App,8,20,6,0,24.8,0,0
TXN-13454,79.36,Purchase,ATM,12,615,5,0,16.0,0,0
TXN-13455,34.58,Payment,Mobile_App,18,62,7,0,2.7,1,0
TXN-13456,62.24,Transfer,Web_Browser,2,77,2,0,7.3,0,0
TXN-13457,21.01,Cash_Out,Mobile_App,7,325,3,0,21.6,1,0
TXN-13458,48.73,Cash_Out,ATM,23,190,2,0,5.0,0,0
TXN-13459,5884.07,Cash_Out,Mobile_App,10,208,1,1,38.1,0,1
TXN-13460,3191.4,Payment,ATM,21,42,2,0,1996.8,0,1
TXN-13461,41.31,Payment,ATM,8,492,4,0,12.1,0,0
TXN-13462,63.72,Cash_Out,Mobile_App,11,288,3,0,15.0,1,0
TXN-13463,34.46,Cash_Out,POS_Terminal,17,44,5,0,15.9,0,0
TXN-13464,106.24,Payment,ATM,15,141,3,0,4.5,0,0
TXN-13465,76.26,Debit,Mobile_App,14,499,4,1,6.8,0,0
TXN-13466,23.13,Transfer,Mobile_App,13,253,2,0,2.2,1,1
TXN-13467,21.35,Cash_Out,Web_Browser,18,35,3,0,666.1,0,0
TXN-13468,127.38,Debit,Mobile_App,9,140,3,0,19.3,0,0
TXN-13469,5.39,Payment,Mobile_App,12,84,2,0,0.7,0,0
TXN-13470,211.68,Payment,Mobile_App,8,219,2,1,1946.9,0,0
TXN-13471,25.81,Debit,Mobile_App,14,557,5,1,6.3,0,0
TXN-13472,101.87,Cash_Out,Mobile_App,9,172,5,0,25.3,0,0
TXN-13473,77.61,Cash_Out,Mobile_App,11,171,3,0,6.3,0,0
TXN-13474,5966.85,Debit,POS_Terminal,13,708,7,0,15.5,0,1
TXN-13475,72.2,Debit,Web_Browser,2,258,5,0,2.7,0,0
TXN-13476,56.68,Purchase,Mobile_App,6,251,4,1,12.3,0,0
TXN-13477,114.68,Transfer,Web_Browser,16,92,4,0,5.2,0,0
TXN-13478,24.65,Transfer,Web_Browser,12,281,2,0,2.7,1,0
TXN-13479,104.0,Transfer,ATM,18,258,2,0,14.5,0,0
TXN-13480,7.69,Payment,Mobile_App,16,152,4,0,15.3,0,0
TXN-13481,95.85,Cash_Out,Mobile_App,0,1404,5,0,61.4,0,0
TXN-13482,53.28,Payment,ATM,15,641,5,0,16.6,0,0
TXN-13483,85.46,Purchase,ATM,6,416,3,0,10.9,0,0
TXN-13484,97.32,Cash_Out,Web_Browser,17,232,4,0,36.6,0,0
TXN-13485,228.39,Cash_Out,POS_Terminal,23,187,2,0,26.4,0,0
TXN-13486,60.03,Transfer,Mobile_App,13,62,5,0,1638.6,0,0
TXN-13487,22.26,Payment,Web_Browser,16,110,2,0,10.7,0,0
TXN-13488,325.15,Payment,Mobile_App,9,447,4,1,42.7,0,0
TXN-13489,1801.69,Transfer,Mobile_App,12,182,2,2,14.4,0,1
TXN-13490,126.03,Payment,POS_Terminal,18,642,6,0,18.8,0,0
TXN-13491,7288.9,Cash_Out,Mobile_App,8,49,5,3,1.4,0,1
TXN-13492,35.79,Purchase,Mobile_App,10,213,1,0,19.0,0,0
TXN-13493,61.09,Purchase,ATM,12,313,3,0,4.6,0,0
TXN-13494,93.49,Cash_Out,Mobile_App,16,219,4,0,1.8,1,0
TXN-13495,71.76,Payment,ATM,11,661,4,0,28.4,0,0
TXN-13496,20.17,Purchase,ATM,20,1369,2,0,17.6,0,0
TXN-13497,249.67,Purchase,Web_Browser,6,37,2,1,981.0,0,0
TXN-13498,16.55,Payment,Mobile_App,11,42,5,0,8.5,0,0
TXN-13499,75.88,Debit,Mobile_App,16,42,5,0,3.3,0,0
TXN-13500,55.97,Payment,Mobile_App,9,343,2,0,0.1,0,0
TXN-13501,683.52,Debit,Mobile_App,15,140,1,1,6.4,0,0
TXN-13502,35.37,Purchase,Mobile_App,8,397,4,1,2.4,0,0
TXN-13503,16.02,Payment,ATM,5,156,4,0,8.2,1,0
TXN-13504,104.62,Purchase,Mobile_App,7,297,3,0,26.9,0,0
TXN-13505,33.04,Cash_Out,Web_Browser,20,441,2,0,1.8,0,0
TXN-13506,158.2,Purchase,Mobile_App,14,239,2,0,1.4,0,0
TXN-13507,131.09,Transfer,Web_Browser,17,233,6,0,34.9,0,0
TXN-13508,110.64,Debit,ATM,11,28,3,0,20.5,0,0
TXN-13509,25.1,Payment,Mobile_App,14,159,1,0,1864.6,0,0
TXN-13510,129.65,Payment,Mobile_App,13,237,3,4,1.2,0,0
TXN-13511,547.49,Payment,Web_Browser,20,186,2,0,17.3,1,0
TXN-13512,37.35,Purchase,Web_Browser,17,694,4,0,6.9,0,0
TXN-13513,44.86,Debit,Web_Browser,16,712,2,0,19.3,0,0
TXN-13514,3612.75,Purchase,Mobile_App,4,518,7,0,7.8,1,1
TXN-13515,40.32,Purchase,Mobile_App,14,142,3,0,51.5,0,0
TXN-13516,62.63,Payment,ATM,13,380,2,0,17.8,0,0
TXN-13517,55.72,Transfer,ATM,20,151,2,0,0.7,0,0
TXN-13518,1622.38,Payment,Mobile_App,10,80,1,2,6.0,0,1
TXN-13519,22.47,Payment,POS_Terminal,10,126,7,0,12.4,0,0
TXN-13520,179.53,Payment,Mobile_App,12,23,6,0,2.3,0,0
TXN-13521,7031.13,Transfer,Mobile_App,9,121,2,2,0.0,0,1
TXN-13522,144.01,Payment,Mobile_App,7,186,3,0,1.2,0,0
TXN-13523,99.24,Payment,Mobile_App,18,934,4,0,11.1,1,0
TXN-13524,5.0,Payment,Web_Browser,14,113,4,0,15.0,0,0
TXN-13525,134.86,Payment,Mobile_App,18,699,11,3,743.5,0,1
TXN-13526,122.87,Purchase,Mobile_App,18,78,4,0,16.4,0,0
TXN-13527,69.43,Debit,POS_Terminal,10,64,4,0,14.4,0,0
TXN-13528,478.38,Purchase,Web_Browser,14,220,3,0,42.2,0,1
TXN-13529,155.27,Transfer,Web_Browser,6,335,4,0,27.6,0,0
TXN-13530,149.63,Payment,ATM,20,14,2,1,43.0,1,1
TXN-13531,9.98,Debit,Mobile_App,12,75,3,0,50.8,0,0
TXN-13532,209.33,Payment,Web_Browser,12,183,4,0,8.7,0,0
TXN-13533,107.51,Payment,POS_Terminal,10,121,2,0,705.4,0,0
TXN-13534,14.29,Payment,Web_Browser,12,375,3,0,342.0,0,0
TXN-13535,75.19,Payment,Mobile_App,9,215,3,1,10.7,0,0
TXN-13536,10.09,Payment,Mobile_App,11,53,6,0,1104.1,1,0
TXN-13537,108.23,Transfer,POS_Terminal,17,675,3,0,16.7,0,0
TXN-13538,3079.81,Cash_Out,Mobile_App,18,104,2,2,0.4,0,1
TXN-13539,30.02,Payment,POS_Terminal,10,395,6,1,4.0,0,0
TXN-13540,110.56,Payment,Web_Browser,13,455,2,0,3.5,0,0
TXN-13541,25.61,Debit,Web_Browser,19,991,6,0,424.7,0,0
TXN-13542,61.57,Payment,POS_Terminal,5,208,3,0,2.3,0,0
TXN-13543,165.21,Payment,Web_Browser,19,288,3,0,33.2,0,0
TXN-13544,38.84,Purchase,Mobile_App,9,123,2,0,2.0,0,0
TXN-13545,21.11,Payment,Web_Browser,16,341,8,3,15.8,0,0
TXN-13546,162.6,Payment,POS_Terminal,14,187,4,2,5.8,0,0
TXN-13547,61.01,Transfer,Mobile_App,14,173,5,1,5.7,0,0
TXN-13548,406.6,Payment,Mobile_App,18,581,4,0,95.4,0,0
TXN-13549,91.72,Cash_Out,Mobile_App,7,16,6,3,3.8,0,0
TXN-13550,117.1,Debit,ATM,11,642,3,0,3.4,0,0
TXN-13551,78.53,Payment,Mobile_App,13,574,2,0,13.3,0,0
TXN-13552,95.27,Cash_Out,Web_Browser,18,212,5,0,20.2,0,0
TXN-13553,100.4,Transfer,Mobile_App,9,203,1,1,60.7,0,0
TXN-13554,107.58,Payment,Mobile_App,17,135,4,0,18.1,1,0
TXN-13555,17.86,Cash_Out,Web_Browser,12,1500,2,1,12.4,0,0
TXN-13556,23.13,Payment,Mobile_App,8,36,6,1,1164.9,1,0
TXN-13557,105.81,Transfer,Web_Browser,17,268,2,0,13.6,0,0
TXN-13558,59.91,Payment,POS_Terminal,6,344,4,1,13.8,0,0
TXN-13559,25.45,Transfer,POS_Terminal,13,817,2,2,3.7,0,0
TXN-13560,73.77,Payment,Mobile_App,5,455,2,0,16.7,0,0
TXN-13561,274.14,Debit,POS_Terminal,11,310,4,0,3.4,0,0
TXN-13562,66.11,Payment,Web_Browser,14,38,2,0,10.1,0,0
TXN-13563,83.26,Transfer,POS_Terminal,14,141,2,0,4.5,0,0
TXN-13564,85.98,Transfer,Mobile_App,12,45,4,0,5.6,0,0
TXN-13565,29.66,Debit,Web_Browser,12,640,4,0,222.5,0,0
TXN-13566,51.9,Cash_Out,ATM,9,416,1,2,1.0,0,0
TXN-13567,7587.6,Cash_Out,POS_Terminal,12,426,2,3,0.2,0,1
TXN-13568,21.24,Debit,Mobile_App,21,317,2,0,2.1,0,0
TXN-13569,50.47,Purchase,Mobile_App,18,213,4,0,2.8,0,0
TXN-13570,16.58,Payment,Mobile_App,8,49,5,0,3.3,0,0
TXN-13571,5363.28,Transfer,Mobile_App,3,121,1,0,22.3,0,1
TXN-13572,40.6,Debit,Mobile_App,20,45,3,0,8.9,0,1
TXN-13573,205.11,Purchase,Mobile_App,13,388,3,0,9.5,0,0
TXN-13574,412.9,Purchase,POS_Terminal,13,53,2,0,15.5,0,0
TXN-13575,51.63,Transfer,Mobile_App,17,364,1,0,556.7,0,0
TXN-13576,79.59,Payment,Web_Browser,10,354,3,1,0.1,0,0
TXN-13577,183.08,Transfer,Mobile_App,13,185,4,0,29.1,0,0
TXN-13578,54.3,Debit,Mobile_App,21,44,1,0,66.9,0,0
TXN-13579,83.16,Transfer,Mobile_App,15,114,5,0,1.9,1,0
TXN-13580,13.55,Transfer,Mobile_App,8,116,4,0,15.8,0,0
TXN-13581,91.51,Debit,POS_Terminal,7,362,3,0,0.0,0,0
TXN-13582,195.73,Transfer,POS_Terminal,9,37,4,0,0.8,0,0
TXN-13583,17.85,Purchase,Mobile_App,17,530,1,0,5.0,0,0
TXN-13584,10.39,Transfer,Mobile_App,10,430,3,0,28.1,0,0
TXN-13585,199.11,Payment,Mobile_App,2,62,6,0,15.9,0,0
TXN-13586,39.78,Transfer,POS_Terminal,20,381,4,0,8.9,0,0
TXN-13587,25.01,Debit,POS_Terminal,8,332,2,0,8.7,1,0
TXN-13588,5448.17,Payment,Web_Browser,1,414,3,0,9.4,0,1
TXN-13589,31.61,Payment,Web_Browser,9,63,2,0,2344.5,0,0
TXN-13590,19.39,Purchase,POS_Terminal,9,52,4,0,31.5,0,0
TXN-13591,4705.34,Payment,Mobile_App,12,81,2,0,12.6,0,1
TXN-13592,331.68,Cash_Out,Mobile_App,20,137,4,1,9.9,0,0
TXN-13593,289.04,Cash_Out,ATM,19,474,7,1,9.4,0,0
TXN-13594,42.56,Transfer,Web_Browser,12,402,2,0,41.2,0,0
TXN-13595,748.37,Cash_Out,Web_Browser,12,779,1,0,19.3,0,0
TXN-13596,206.12,Payment,Web_Browser,14,19,2,0,2.3,0,0
TXN-13597,51.98,Cash_Out,Mobile_App,9,4,4,1,8.6,0,0
TXN-13598,528.6,Transfer,Web_Browser,5,361,1,1,5.1,0,0
TXN-13599,3797.01,Cash_Out,Web_Browser,20,99,3,0,65.0,0,1
TXN-13600,44.33,Payment,Mobile_App,8,122,4,0,8.1,0,0
TXN-13601,317.34,Cash_Out,Web_Browser,8,238,3,0,2029.8,0,0
TXN-13602,38.83,Payment,POS_Terminal,13,33,5,0,7.9,0,0
TXN-13603,7169.46,Payment,Mobile_App,13,309,3,2,743.2,0,1
TXN-13604,20.48,Payment,Mobile_App,1,118,5,0,13.7,0,0
TXN-13605,28.18,Payment,Mobile_App,8,301,4,0,3.8,0,0
TXN-13606,80.5,Debit,Web_Browser,11,539,3,1,0.5,0,0
TXN-13607,105.85,Payment,Mobile_App,16,57,5,0,1.5,0,0
TXN-13608,67.26,Purchase,Web_Browser,9,802,3,0,5.0,0,0
TXN-13609,36.11,Purchase,POS_Terminal,12,227,4,0,6.4,0,0
TXN-13610,21.56,Cash_Out,Mobile_App,14,769,3,0,27.0,0,0
TXN-13611,580.2,Payment,ATM,19,70,5,0,4.7,0,0
TXN-13612,77.51,Transfer,ATM,11,279,3,0,0.5,0,0
TXN-13613,164.98,Debit,Mobile_App,7,156,4,0,22.8,0,0
TXN-13614,146.7,Transfer,Mobile_App,13,447,2,0,30.5,0,0
TXN-13615,34.03,Payment,ATM,17,280,6,0,10.2,0,0
TXN-13616,57.41,Cash_Out,ATM,7,205,1,1,5.0,0,0
TXN-13617,25.31,Debit,Mobile_App,12,733,5,0,22.2,0,0
TXN-13618,117.93,Debit,Mobile_App,1,143,3,0,0.1,0,0
TXN-13619,46.69,Payment,Mobile_App,3,75,4,0,38.7,0,0
TXN-13620,278.22,Cash_Out,ATM,13,282,1,0,30.1,0,0
TXN-13621,10.93,Payment,Mobile_App,10,294,4,0,11.8,0,0
TXN-13622,90.37,Payment,Web_Browser,18,174,1,0,4.9,0,0
TXN-13623,697.15,Purchase,POS_Terminal,14,201,3,0,0.5,0,0
TXN-13624,26.27,Payment,Mobile_App,12,963,6,0,129.7,0,0
TXN-13625,64.2,Payment,Web_Browser,12,396,2,0,1852.1,0,0
TXN-13626,38.52,Payment,Mobile_App,13,36,3,1,6.2,0,0
TXN-13627,134.07,Purchase,POS_Terminal,4,72,3,3,0.3,0,0
TXN-13628,7.38,Debit,Mobile_App,19,1114,6,0,15.3,0,0
TXN-13629,16.42,Cash_Out,Web_Browser,23,389,4,0,65.0,0,0
TXN-13630,20.29,Debit,Web_Browser,8,740,4,0,18.4,0,1
TXN-13631,131.91,Payment,Mobile_App,7,109,6,1,1.3,0,0
TXN-13632,45.64,Transfer,Mobile_App,8,407,3,0,7.7,0,0
TXN-13633,28.94,Transfer,Mobile_App,15,376,5,0,1.7,0,0
TXN-13634,82.26,Payment,Mobile_App,15,105,4,0,36.5,1,0
TXN-13635,68.38,Transfer,POS_Terminal,18,241,3,0,6.0,0,0
TXN-13636,44.98,Purchase,POS_Terminal,17,297,2,0,1737.5,0,0
TXN-13637,33.23,Payment,Mobile_App,12,197,3,0,1.3,1,0
TXN-13638,22.11,Payment,Web_Browser,15,527,2,0,2.1,0,0
TXN-13639,227.82,Payment,Web_Browser,16,537,4,0,17.1,0,0
TXN-13640,243.72,Payment,POS_Terminal,13,571,4,0,27.8,0,0
TXN-13641,14.72,Purchase,Mobile_App,13,489,2,0,3.4,0,0
TXN-13642,37.02,Transfer,Mobile_App,15,201,2,0,8.1,0,0
TXN-13643,85.91,Transfer,Mobile_App,14,145,6,0,606.9,0,1
TXN-13644,22.21,Debit,Web_Browser,15,535,3,1,23.9,0,0
TXN-13645,114.83,Payment,Mobile_App,15,203,3,0,14.8,0,0
TXN-13646,67.94,Transfer,Mobile_App,16,85,3,0,1.5,0,0
TXN-13647,3091.88,Transfer,Mobile_App,15,213,4,0,11.7,0,1
TXN-13648,554.89,Cash_Out,Web_Browser,13,46,6,0,32.4,0,0
TXN-13649,10.29,Purchase,Mobile_App,16,353,5,0,30.4,1,0
TXN-13650,236.21,Debit,Mobile_App,12,123,2,1,13.2,0,1
TXN-13651,6108.58,Transfer,Mobile_App,9,91,3,0,81.7,0,1
TXN-13652,110.44,Debit,Mobile_App,0,941,7,0,1.7,0,0
TXN-13653,95.79,Payment,Web_Browser,14,451,8,0,9.8,0,0
TXN-13654,224.76,Payment,Mobile_App,14,465,5,0,22.4,0,0
TXN-13655,60.8,Payment,Mobile_App,21,294,5,0,2.3,0,0
TXN-13656,25.17,Payment,Web_Browser,11,549,2,0,54.0,0,0
TXN-13657,73.01,Transfer,Mobile_App,12,428,7,0,6.6,0,0
TXN-13658,308.91,Cash_Out,Mobile_App,9,274,3,0,6.5,0,0
TXN-13659,81.22,Purchase,POS_Terminal,6,975,2,0,3.6,0,0
TXN-13660,32.33,Transfer,Mobile_App,17,64,2,1,5.1,0,0
TXN-13661,49.07,Transfer,Mobile_App,9,862,3,0,12.9,0,0
TXN-13662,73.65,Payment,Mobile_App,14,154,1,0,8.4,0,0
TXN-13663,3219.66,Payment,Mobile_App,16,226,5,0,3.2,0,1
TXN-13664,5249.48,Cash_Out,Web_Browser,13,40,2,0,24.8,0,1
TXN-13665,153.1,Transfer,Web_Browser,19,234,3,0,1.0,0,0
TXN-13666,434.41,Debit,Web_Browser,12,284,2,0,27.0,0,0
TXN-13667,148.33,Payment,Mobile_App,10,1500,4,0,4.8,0,0
TXN-13668,106.96,Payment,Mobile_App,19,1109,3,0,10.3,0,0
TXN-13669,161.23,Transfer,POS_Terminal,18,1018,5,0,7.2,0,0
TXN-13670,109.53,Payment,ATM,8,129,4,0,12.7,0,0
TXN-13671,66.36,Payment,Mobile_App,2,1423,2,0,1053.4,0,0
TXN-13672,8217.76,Debit,Mobile_App,6,183,1,4,68.1,0,1
TXN-13673,32.15,Payment,Mobile_App,10,573,6,0,5.5,0,0
TXN-13674,56.7,Cash_Out,Mobile_App,21,74,2,1,12.1,0,0
TXN-13675,76.89,Payment,Mobile_App,14,212,2,0,9.4,0,0
TXN-13676,179.18,Payment,Mobile_App,11,1015,7,0,102.6,0,0
TXN-13677,51.61,Transfer,Web_Browser,19,882,5,0,24.8,0,0
TXN-13678,40.5,Debit,Web_Browser,12,346,3,0,7.6,0,0
TXN-13679,75.42,Transfer,Mobile_App,10,480,2,0,9.7,0,0
TXN-13680,88.15,Debit,Mobile_App,20,59,2,1,4.2,0,0
TXN-13681,32.15,Payment,POS_Terminal,18,384,4,0,21.1,0,0
TXN-13682,27.99,Debit,Mobile_App,18,289,3,0,28.0,0,0
TXN-13683,109.35,Payment,Web_Browser,13,29,2,0,50.3,0,0
TXN-13684,50.81,Cash_Out,Mobile_App,17,37,2,0,12.5,0,0
TXN-13685,186.8,Cash_Out,Web_Browser,8,35,5,0,16.7,0,0
TXN-13686,75.85,Purchase,Mobile_App,14,387,2,0,8.9,1,0
TXN-13687,53.5,Transfer,Mobile_App,22,46,3,0,14.1,0,0
TXN-13688,17.67,Payment,Mobile_App,10,190,4,0,6.4,0,0
TXN-13689,57.96,Payment,Mobile_App,17,133,5,0,20.1,0,0
TXN-13690,21.52,Debit,Mobile_App,13,240,3,4,0.3,0,0
TXN-13691,15.95,Transfer,Web_Browser,4,368,4,0,0.4,0,1
TXN-13692,260.28,Debit,Mobile_App,17,347,5,0,18.9,0,0
TXN-13693,35.32,Payment,Mobile_App,8,218,2,0,40.0,0,0
TXN-13694,140.21,Payment,Web_Browser,15,188,2,0,15.0,0,0
TXN-13695,18.98,Payment,Web_Browser,6,153,3,0,2301.5,0,0
TXN-13696,28.22,Purchase,ATM,20,594,4,0,26.1,0,0
TXN-13697,25.8,Cash_Out,Web_Browser,10,121,2,0,6.7,0,0
TXN-13698,114.05,Purchase,Mobile_App,9,91,5,0,1.7,0,0
TXN-13699,89.8,Payment,Web_Browser,7,408,6,0,40.6,0,0
TXN-13700,15.29,Cash_Out,ATM,20,134,8,0,41.8,1,0
TXN-13701,13.95,Cash_Out,POS_Terminal,16,564,5,1,8.7,0,0
TXN-13702,93.03,Payment,Mobile_App,16,120,4,0,3.7,0,0
TXN-13703,212.73,Debit,Mobile_App,13,364,5,0,33.4,0,0
TXN-13704,202.44,Purchase,Mobile_App,13,14,8,0,18.5,0,0
TXN-13705,26.42,Purchase,Web_Browser,7,147,6,0,0.1,0,0
TXN-13706,37.25,Debit,Web_Browser,14,127,3,0,1.7,0,0
TXN-13707,3439.55,Payment,Web_Browser,9,509,4,2,61.3,0,1
TXN-13708,99.07,Payment,Mobile_App,21,1024,2,0,0.6,0,0
TXN-13709,2875.27,Purchase,Web_Browser,17,186,5,2,5.0,0,1
TXN-13710,37.95,Payment,POS_Terminal,12,523,3,0,11.9,0,0
TXN-13711,87.82,Debit,Mobile_App,8,361,4,0,3.1,0,0
TXN-13712,64.33,Debit,Web_Browser,17,1027,2,0,4.0,0,0
TXN-13713,66.77,Cash_Out,Mobile_App,7,500,2,0,6.5,0,0
TXN-13714,133.38,Purchase,POS_Terminal,8,25,3,0,4.7,0,0
TXN-13715,166.05,Payment,POS_Terminal,9,375,3,0,24.4,0,0
TXN-13716,6441.25,Payment,Web_Browser,14,231,5,3,10.4,0,1
TXN-13717,73.41,Payment,Web_Browser,17,5,2,0,4.9,0,0
TXN-13718,46.7,Transfer,POS_Terminal,10,87,5,0,5.6,0,1
TXN-13719,62.29,Payment,Mobile_App,6,765,3,0,0.6,0,0
TXN-13720,116.67,Payment,Mobile_App,12,782,5,0,0.8,0,0
TXN-13721,89.5,Debit,POS_Terminal,17,482,4,0,19.0,0,0
TXN-13722,5493.33,Purchase,Mobile_App,9,1202,3,1,1899.1,1,1
TXN-13723,30.09,Payment,Mobile_App,9,493,6,0,9.7,0,0
TXN-13724,29.16,Transfer,POS_Terminal,20,4,3,0,27.7,0,1
TXN-13725,172.26,Purchase,Web_Browser,21,102,2,0,6.9,1,0
TXN-13726,10.38,Payment,Mobile_App,22,10,6,0,6.4,0,0
TXN-13727,14.08,Payment,Mobile_App,17,30,4,0,31.0,0,0
TXN-13728,29.53,Payment,Mobile_App,8,75,5,0,30.0,1,0
TXN-13729,116.02,Cash_Out,Mobile_App,9,211,2,0,31.8,0,0
TXN-13730,41.79,Payment,Mobile_App,11,565,4,0,12.7,0,0
TXN-13731,23.89,Purchase,Web_Browser,10,595,4,0,45.6,0,0
TXN-13732,77.86,Transfer,Mobile_App,21,288,3,0,25.6,0,0
TXN-13733,81.98,Transfer,Mobile_App,17,791,2,0,8.1,0,1
TXN-13734,119.9,Payment,Mobile_App,16,208,3,0,14.9,0,0
TXN-13735,213.42,Transfer,ATM,8,660,3,0,1948.8,0,0
TXN-13736,187.07,Cash_Out,Mobile_App,19,182,3,0,1496.9,0,0
TXN-13737,95.14,Debit,Mobile_App,18,98,2,1,4.6,0,0
TXN-13738,50.19,Debit,Mobile_App,8,745,2,0,5.0,0,0
TXN-13739,84.0,Cash_Out,Web_Browser,19,148,5,2,2.0,0,0
TXN-13740,36.24,Purchase,Web_Browser,10,210,3,2,6.7,0,0
TXN-13741,133.09,Debit,Mobile_App,6,120,2,0,9.8,0,1
TXN-13742,33.23,Debit,Mobile_App,15,327,4,0,13.8,0,0
TXN-13743,25.6,Payment,Mobile_App,15,1500,2,0,5.5,0,0
TXN-13744,141.22,Payment,Web_Browser,6,8,5,0,23.6,0,0
TXN-13745,12.92,Payment,Web_Browser,10,691,1,3,11.0,0,0
TXN-13746,30.03,Cash_Out,Mobile_App,23,2,2,0,15.2,0,0
TXN-13747,99.54,Transfer,Mobile_App,16,136,4,0,4.9,0,0
TXN-13748,50.09,Transfer,Mobile_App,16,56,3,2,25.2,0,0
TXN-13749,48.06,Purchase,Mobile_App,9,425,2,0,14.7,0,0
TXN-13750,19.1,Purchase,Web_Browser,6,16,2,0,29.7,0,0
TXN-13751,20.68,Purchase,Mobile_App,10,242,4,0,2.6,0,0
TXN-13752,4556.38,Payment,Mobile_App,9,105,2,1,1730.7,1,1
TXN-13753,7944.81,Cash_Out,Mobile_App,9,44,6,1,1370.1,1,1
TXN-13754,54.09,Payment,ATM,8,444,1,1,3.6,0,0
TXN-13755,170.09,Payment,POS_Terminal,14,74,4,0,7.5,0,0
TXN-13756,155.73,Payment,Mobile_App,11,76,5,0,33.7,0,0
TXN-13757,93.07,Payment,Mobile_App,18,97,4,0,12.2,0,0
TXN-13758,66.13,Transfer,Mobile_App,8,266,3,1,6.0,0,0
TXN-13759,50.27,Debit,Mobile_App,12,324,2,0,20.6,0,0
TXN-13760,8378.95,Payment,Mobile_App,1,6,2,0,0.3,0,1
TXN-13761,23.35,Debit,Web_Browser,13,84,4,0,6.9,0,0
TXN-13762,31.02,Transfer,Web_Browser,5,170,4,0,13.8,0,0
TXN-13763,12.11,Payment,POS_Terminal,21,122,5,0,13.1,0,0
TXN-13764,2792.28,Transfer,Mobile_App,17,647,4,0,14.0,0,1
TXN-13765,49.21,Payment,POS_Terminal,13,465,4,0,3.6,0,0
TXN-13766,331.75,Cash_Out,POS_Terminal,6,295,4,0,6.2,0,0
TXN-13767,32.06,Transfer,Mobile_App,14,124,2,0,40.2,0,0
TXN-13768,54.18,Payment,Mobile_App,17,362,2,0,54.7,0,0
TXN-13769,103.21,Payment,Mobile_App,8,557,2,0,5.6,0,0
TXN-13770,2461.97,Transfer,Mobile_App,14,272,5,0,15.5,0,1
TXN-13771,50.74,Purchase,Mobile_App,18,461,2,1,4.1,0,0
TXN-13772,269.99,Payment,Web_Browser,17,415,4,1,6.9,0,0
TXN-13773,23.65,Debit,Mobile_App,17,255,3,1,23.6,0,0
TXN-13774,96.79,Cash_Out,ATM,19,113,4,0,10.4,0,0
TXN-13775,36.9,Purchase,Mobile_App,20,411,3,1,28.4,0,0
TXN-13776,48.2,Debit,ATM,12,70,6,0,14.9,0,0
TXN-13777,68.9,Cash_Out,Mobile_App,14,454,6,2,14.9,0,0
TXN-13778,48.75,Cash_Out,POS_Terminal,17,490,1,0,0.5,0,0
TXN-13779,47.01,Purchase,Mobile_App,16,519,3,0,20.8,0,0
TXN-13780,6253.86,Transfer,Mobile_App,23,193,3,0,57.2,0,1
TXN-13781,122.21,Payment,POS_Terminal,1,65,5,1,9.6,0,0
TXN-13782,13.6,Payment,Mobile_App,11,32,2,0,2.6,0,0
TXN-13783,6586.84,Debit,Web_Browser,10,409,5,0,56.6,1,1
TXN-13784,49.67,Debit,Web_Browser,10,653,2,0,5.1,0,0
TXN-13785,125.52,Payment,Mobile_App,9,316,4,1,7.9,0,1
TXN-13786,6.16,Cash_Out,Mobile_App,16,47,2,1,1904.1,0,0
TXN-13787,52.76,Transfer,Web_Browser,6,820,4,0,1.8,0,0
TXN-13788,53.96,Payment,Mobile_App,16,1356,3,0,3.7,0,0
TXN-13789,24.67,Purchase,Web_Browser,16,171,2,0,11.9,1,0
TXN-13790,118.43,Payment,POS_Terminal,9,272,5,0,12.2,0,0
TXN-13791,31.23,Payment,Mobile_App,9,451,5,1,14.0,0,0
TXN-13792,24.78,Cash_Out,Mobile_App,15,400,4,0,13.1,0,0
TXN-13793,39.5,Debit,Web_Browser,17,1031,3,0,10.3,0,0
TXN-13794,128.96,Payment,Mobile_App,19,37,2,0,24.3,0,0
TXN-13795,69.72,Cash_Out,Mobile_App,18,261,8,0,40.7,0,1
TXN-13796,77.54,Transfer,Mobile_App,21,354,5,0,4.7,0,0
TXN-13797,107.84,Payment,Web_Browser,14,663,4,0,2.1,0,0
TXN-13798,45.02,Payment,Mobile_App,19,622,5,0,8.3,0,0
TXN-13799,138.61,Cash_Out,Mobile_App,17,1146,4,2,0.4,1,0
TXN-13800,76.57,Payment,POS_Terminal,19,216,3,0,32.2,0,0
TXN-13801,115.66,Purchase,Mobile_App,1,533,1,0,4.1,0,0
TXN-13802,27.12,Debit,Mobile_App,21,168,5,0,12.0,0,0
TXN-13803,59.54,Purchase,ATM,13,165,5,1,1.8,0,0
TXN-13804,128.08,Payment,Web_Browser,17,88,4,0,12.1,0,0
TXN-13805,282.34,Purchase,POS_Terminal,7,512,2,0,1885.3,0,1
TXN-13806,140.57,Transfer,Mobile_App,12,1277,5,0,22.0,0,0
TXN-13807,146.57,Payment,POS_Terminal,10,89,2,0,46.7,0,0
TXN-13808,13.45,Payment,Mobile_App,10,18,6,0,5.5,0,0
TXN-13809,41.81,Payment,Mobile_App,7,508,3,0,271.5,0,0
TXN-13810,95.49,Cash_Out,Mobile_App,17,291,2,0,8.9,0,0
TXN-13811,15.92,Transfer,Mobile_App,0,964,4,0,14.5,0,0
TXN-13812,81.37,Payment,POS_Terminal,10,88,3,0,3.1,0,0
TXN-13813,39.32,Cash_Out,Mobile_App,8,23,4,2,24.4,0,0
TXN-13814,41.28,Payment,Web_Browser,14,204,4,1,3.3,0,0
TXN-13815,58.26,Cash_Out,Web_Browser,9,27,3,0,0.1,0,0
TXN-13816,2558.55,Transfer,Web_Browser,10,92,3,0,1653.1,0,1
TXN-13817,113.37,Debit,Mobile_App,13,41,3,0,1648.6,0,0
TXN-13818,18.59,Debit,Web_Browser,15,77,6,0,18.0,0,0
TXN-13819,140.46,Transfer,Mobile_App,7,34,1,4,2.7,0,0
TXN-13820,102.8,Transfer,Mobile_App,8,924,3,0,25.5,1,0
TXN-13821,42.55,Transfer,ATM,9,98,5,1,9.5,0,0
TXN-13822,2145.53,Debit,Mobile_App,21,177,5,2,12.5,1,1
TXN-13823,10.3,Payment,Mobile_App,12,687,2,0,3.1,0,0
TXN-13824,64.4,Payment,POS_Terminal,14,340,2,0,354.8,0,0
TXN-13825,31.28,Payment,Mobile_App,9,289,5,0,15.0,0,0
TXN-13826,19.2,Transfer,Web_Browser,13,367,5,0,4.4,0,0
TXN-13827,12.38,Transfer,Mobile_App,6,530,4,0,7.3,0,0
TXN-13828,102.68,Debit,Mobile_App,3,631,1,0,9.8,0,0
TXN-13829,91.05,Payment,Mobile_App,13,309,4,0,3.9,0,0
TXN-13830,181.03,Transfer,Mobile_App,12,663,4,1,23.8,0,0
TXN-13831,106.19,Debit,Mobile_App,7,230,7,3,42.1,0,0
TXN-13832,40.7,Debit,Web_Browser,16,98,2,0,8.5,0,0
TXN-13833,823.26,Transfer,Web_Browser,23,637,5,1,37.4,0,0
TXN-13834,150.64,Transfer,ATM,12,234,4,0,32.1,0,0
TXN-13835,17.28,Payment,Mobile_App,15,710,6,1,2.7,0,0
TXN-13836,6064.26,Purchase,Web_Browser,21,13,8,0,1143.9,0,1
TXN-13837,68.49,Payment,Web_Browser,18,153,4,2,9.7,0,1
TXN-13838,41.97,Purchase,ATM,12,886,4,0,11.2,0,0
TXN-13839,425.62,Cash_Out,Mobile_App,16,87,6,0,6.3,0,0
TXN-13840,40.86,Transfer,Web_Browser,7,852,3,0,5.6,0,1
TXN-13841,37.1,Payment,POS_Terminal,13,924,3,0,8.5,0,0
TXN-13842,114.57,Transfer,Mobile_App,10,642,2,0,17.6,0,0
TXN-13843,61.58,Transfer,POS_Terminal,8,249,5,1,1.3,0,0
TXN-13844,43.72,Payment,Mobile_App,12,313,2,0,18.6,0,0
TXN-13845,476.19,Cash_Out,Web_Browser,7,612,3,1,39.1,0,0
TXN-13846,253.71,Purchase,ATM,16,449,4,0,21.6,0,0
TXN-13847,13.33,Cash_Out,Web_Browser,12,299,3,2,3.2,0,0
TXN-13848,355.32,Debit,Mobile_App,13,1210,4,0,1.4,0,0
TXN-13849,45.66,Payment,Mobile_App,8,348,1,0,10.1,0,1
TXN-13850,169.79,Transfer,ATM,7,1113,2,0,47.0,0,0
TXN-13851,396.34,Payment,Mobile_App,14,18,4,0,25.6,0,0
TXN-13852,8353.08,Cash_Out,Mobile_App,22,45,2,4,12.4,0,1
TXN-13853,534.53,Purchase,Web_Browser,7,181,3,0,2.3,0,0
TXN-13854,128.19,Cash_Out,Mobile_App,10,146,2,0,18.8,0,0
TXN-13855,7551.93,Payment,Mobile_App,19,458,3,0,25.1,1,1
TXN-13856,149.82,Transfer,Mobile_App,6,53,1,0,41.0,0,0
TXN-13857,15.83,Cash_Out,Mobile_App,19,1121,6,0,14.2,0,0
TXN-13858,7928.52,Transfer,Web_Browser,13,114,4,2,10.8,0,1
TXN-13859,18.71,Debit,Web_Browser,12,169,2,0,14.5,1,0
TXN-13860,45.69,Debit,Web_Browser,10,97,3,0,43.0,0,0
TXN-13861,6609.25,Cash_Out,POS_Terminal,10,260,4,0,2267.2,0,1
TXN-13862,47.13,Transfer,POS_Terminal,10,19,3,0,4.5,0,0
TXN-13863,47.29,Payment,Web_Browser,19,49,5,0,15.2,0,0
TXN-13864,14.06,Payment,Mobile_App,16,411,5,0,31.8,0,0
TXN-13865,32.31,Transfer,Web_Browser,15,62,3,0,12.6,0,0
TXN-13866,289.5,Transfer,Mobile_App,17,81,2,0,10.5,0,0
TXN-13867,31.28,Cash_Out,Web_Browser,9,473,3,0,19.8,0,0
TXN-13868,38.68,Cash_Out,Web_Browser,15,30,3,0,16.2,1,0
TXN-13869,68.94,Payment,Mobile_App,12,173,4,0,0.9,0,0
TXN-13870,79.14,Transfer,ATM,17,8,4,0,19.4,0,0
TXN-13871,47.61,Payment,Mobile_App,10,128,3,0,7.9,0,0
TXN-13872,13.52,Payment,Web_Browser,15,361,3,0,42.4,0,0
TXN-13873,93.77,Debit,Mobile_App,19,29,4,0,53.0,0,0
TXN-13874,372.64,Payment,ATM,12,658,6,0,8.9,0,0
TXN-13875,342.33,Transfer,Mobile_App,5,721,1,3,2392.9,0,0
TXN-13876,26.64,Payment,Mobile_App,13,34,4,0,5.6,0,0
TXN-13877,81.64,Purchase,Mobile_App,11,1405,3,0,17.2,0,0
TXN-13878,685.27,Cash_Out,Mobile_App,15,106,4,0,1.2,0,0
TXN-13879,54.4,Payment,Mobile_App,20,27,3,0,2.3,0,0
TXN-13880,70.44,Transfer,Web_Browser,13,2,2,0,30.0,0,0
TXN-13881,12.26,Debit,Mobile_App,12,158,5,0,33.6,0,0
TXN-13882,154.78,Purchase,Mobile_App,15,299,2,1,11.4,1,0
TXN-13883,72.11,Payment,Mobile_App,7,122,3,0,6.2,0,0
TXN-13884,22.38,Purchase,POS_Terminal,9,544,1,0,9.0,0,0
TXN-13885,109.23,Purchase,Web_Browser,20,379,3,0,30.6,0,0
TXN-13886,145.2,Purchase,Web_Browser,15,130,7,0,3.6,0,0
TXN-13887,3984.69,Cash_Out,Web_Browser,1,398,4,0,5.2,0,1
TXN-13888,10.37,Cash_Out,Mobile_App,9,847,4,0,23.1,1,0
TXN-13889,62.75,Transfer,Mobile_App,16,30,4,0,41.1,1,0
TXN-13890,109.13,Debit,Mobile_App,17,110,3,0,1.5,0,0
TXN-13891,71.3,Transfer,POS_Terminal,18,187,2,0,24.4,0,0
TXN-13892,173.82,Cash_Out,ATM,10,207,1,0,15.5,0,0
TXN-13893,6353.16,Transfer,Mobile_App,20,235,4,0,3.9,0,1
TXN-13894,19.79,Debit,Mobile_App,14,108,1,0,21.1,0,0
TXN-13895,68.15,Debit,Mobile_App,16,331,3,0,19.5,0,0
TXN-13896,11.5,Payment,Mobile_App,14,311,4,0,2.3,0,0
TXN-13897,25.59,Debit,Web_Browser,7,259,4,1,10.5,0,0
TXN-13898,32.23,Transfer,Mobile_App,21,37,3,0,21.3,0,0
TXN-13899,150.9,Debit,ATM,7,195,4,0,3.2,0,0
TXN-13900,201.62,Transfer,Mobile_App,9,133,5,0,9.3,0,0
TXN-13901,112.59,Transfer,ATM,18,203,2,0,1.9,0,0
TXN-13902,355.85,Purchase,POS_Terminal,15,765,5,4,5.5,0,1
TXN-13903,221.29,Payment,POS_Terminal,18,197,4,0,3.7,0,0
TXN-13904,120.3,Debit,Web_Browser,13,5,5,1,10.6,0,0
TXN-13905,116.74,Transfer,Web_Browser,11,174,4,0,2.3,0,0
TXN-13906,30.37,Transfer,Web_Browser,20,516,3,1,7.2,0,0
TXN-13907,13.53,Payment,Web_Browser,3,455,5,0,4.8,0,0
TXN-13908,26.74,Cash_Out,Web_Browser,18,217,2,0,20.6,0,0
TXN-13909,126.67,Payment,ATM,9,87,2,1,18.0,0,0
TXN-13910,4579.85,Payment,Web_Browser,18,188,4,0,1999.1,0,1
TXN-13911,100.61,Payment,POS_Terminal,7,249,6,0,46.0,1,0
TXN-13912,8.77,Payment,POS_Terminal,14,1500,4,0,20.5,0,0
TXN-13913,92.37,Purchase,Mobile_App,19,310,3,0,14.4,0,0
TXN-13914,5612.69,Purchase,Mobile_App,13,356,2,0,9.7,0,1
TXN-13915,26.35,Transfer,Mobile_App,17,203,3,0,2.9,0,0
TXN-13916,288.92,Debit,Web_Browser,17,132,3,0,49.1,0,0
TXN-13917,469.29,Payment,POS_Terminal,16,503,6,0,0.1,0,0
TXN-13918,18.66,Cash_Out,Mobile_App,20,205,4,0,17.7,0,0
TXN-13919,43.35,Debit,Web_Browser,12,1500,2,0,10.6,0,0
TXN-13920,48.24,Purchase,Web_Browser,8,184,3,2,34.9,0,0
TXN-13921,114.11,Transfer,Mobile_App,5,22,2,0,7.2,0,0
TXN-13922,34.12,Debit,Web_Browser,9,345,2,0,11.0,0,0
TXN-13923,24.4,Payment,POS_Terminal,8,15,3,1,20.3,0,0
TXN-13924,73.19,Purchase,Mobile_App,14,87,2,0,0.7,0,0
TXN-13925,59.2,Payment,Web_Browser,8,131,5,0,0.8,0,0
TXN-13926,130.01,Cash_Out,Web_Browser,4,404,1,0,3.6,0,0
TXN-13927,5539.09,Cash_Out,Mobile_App,3,205,1,0,2.4,0,1
TXN-13928,44.49,Cash_Out,Mobile_App,18,9,4,0,0.1,0,1
TXN-13929,118.77,Payment,ATM,14,288,5,0,14.6,0,0
TXN-13930,51.38,Purchase,Mobile_App,11,160,2,2,23.8,0,0
TXN-13931,10.19,Payment,Mobile_App,19,765,3,0,47.2,0,0
TXN-13932,277.25,Cash_Out,Mobile_App,6,208,5,0,548.4,0,0
TXN-13933,50.18,Payment,Web_Browser,21,371,4,0,4.9,0,0
TXN-13934,51.09,Payment,Web_Browser,15,75,3,0,1061.9,0,0
TXN-13935,683.51,Transfer,Web_Browser,8,430,3,0,619.9,0,0
TXN-13936,451.55,Transfer,Mobile_App,16,383,4,0,14.7,0,0
TXN-13937,141.17,Payment,POS_Terminal,17,704,2,0,4.8,0,0
TXN-13938,18.43,Payment,Mobile_App,12,11,2,0,35.9,0,0
TXN-13939,215.99,Transfer,Mobile_App,18,178,3,0,2.9,1,0
TXN-13940,9.29,Debit,Mobile_App,8,342,3,0,0.7,0,0
TXN-13941,62.55,Purchase,Mobile_App,10,31,3,0,23.9,1,0
TXN-13942,34.32,Payment,POS_Terminal,6,159,3,0,12.4,0,0
TXN-13943,27.07,Transfer,ATM,9,855,3,0,4.2,0,0
TXN-13944,68.84,Payment,Mobile_App,9,172,2,1,16.7,0,0
TXN-13945,100.79,Payment,POS_Terminal,20,1269,2,0,21.8,0,0
TXN-13946,119.86,Cash_Out,POS_Terminal,6,18,4,0,27.9,0,0
TXN-13947,50.33,Cash_Out,ATM,12,380,2,0,5.0,0,1
TXN-13948,44.25,Payment,Mobile_App,13,261,4,0,0.4,0,0
TXN-13949,128.27,Payment,Web_Browser,19,209,5,0,10.7,1,0
TXN-13950,131.41,Payment,Mobile_App,23,1061,7,2,29.1,1,0
TXN-13951,62.67,Debit,POS_Terminal,17,42,4,2,3.5,0,0
TXN-13952,22.98,Purchase,Mobile_App,21,680,4,1,8.2,0,0
TXN-13953,10.07,Payment,Web_Browser,17,353,3,0,4.4,0,0
TXN-13954,105.58,Payment,Mobile_App,21,90,3,0,0.2,0,0
TXN-13955,144.43,Purchase,Mobile_App,16,696,3,1,34.3,1,0
TXN-13956,44.57,Purchase,Web_Browser,6,169,2,0,2.2,0,0
TXN-13957,79.29,Transfer,POS_Terminal,12,505,1,0,21.8,0,0
TXN-13958,204.4,Payment,Web_Browser,15,148,2,0,6.4,0,0
TXN-13959,407.87,Payment,POS_Terminal,11,572,3,1,4.9,0,0
TXN-13960,36.77,Cash_Out,Mobile_App,10,304,4,0,42.5,0,0
TXN-13961,1924.05,Transfer,Web_Browser,14,46,2,0,16.1,0,1
TXN-13962,85.99,Payment,Mobile_App,20,315,7,1,17.4,0,0
TXN-13963,7248.08,Cash_Out,Mobile_App,3,64,3,0,21.4,0,1
TXN-13964,6.4,Payment,Web_Browser,17,160,3,0,6.3,1,0
TXN-13965,14.37,Debit,Web_Browser,16,57,4,0,12.4,0,0
TXN-13966,41.47,Payment,Web_Browser,21,7,2,0,4.7,0,0
TXN-13967,26.47,Payment,Web_Browser,20,72,4,0,1699.9,0,0
TXN-13968,24.15,Cash_Out,Web_Browser,17,231,4,0,13.7,0,0
TXN-13969,57.46,Transfer,Mobile_App,13,198,3,0,4.2,0,0
TXN-13970,53.8,Purchase,Mobile_App,9,209,4,0,34.5,0,0
TXN-13971,25.63,Transfer,Web_Browser,14,86,2,1,1978.2,1,0
TXN-13972,10.87,Payment,Mobile_App,17,347,3,0,10.2,0,0
TXN-13973,82.11,Debit,Mobile_App,19,366,4,1,0.5,0,0
TXN-13974,156.63,Payment,Mobile_App,17,133,5,0,36.1,0,0
TXN-13975,29.41,Purchase,Web_Browser,8,640,4,0,45.6,0,0
TXN-13976,37.16,Transfer,Mobile_App,14,310,1,0,12.4,0,0
TXN-13977,123.06,Transfer,Web_Browser,11,375,6,0,8.8,0,0
TXN-13978,155.77,Payment,Web_Browser,0,98,6,0,6.7,1,0
TXN-13979,3272.74,Transfer,Mobile_App,9,1,5,0,4.7,0,1
TXN-13980,49.22,Debit,POS_Terminal,7,602,4,2,12.8,0,0
TXN-13981,238.67,Debit,Web_Browser,18,519,8,0,2.1,0,0
TXN-13982,131.24,Payment,Web_Browser,10,40,4,1,37.7,0,0
TXN-13983,17.46,Payment,Web_Browser,10,141,3,0,2.9,0,0
TXN-13984,9.81,Debit,Mobile_App,21,325,6,0,20.5,0,0
TXN-13985,41.38,Purchase,Web_Browser,11,317,3,0,5.5,0,0
TXN-13986,20.78,Payment,Mobile_App,1,591,2,0,3.8,0,0
TXN-13987,87.16,Transfer,ATM,10,46,2,0,12.2,0,0
TXN-13988,111.44,Payment,POS_Terminal,7,169,5,0,21.7,0,0
TXN-13989,70.54,Purchase,Web_Browser,7,31,2,0,19.5,0,0
TXN-13990,24.39,Payment,Mobile_App,6,149,3,0,4.0,0,0
TXN-13991,15.33,Payment,Mobile_App,14,5,2,1,6.0,0,0
TXN-13992,105.75,Debit,Mobile_App,8,686,5,0,30.5,1,0
TXN-13993,125.08,Payment,Mobile_App,11,225,1,0,19.3,0,0
TXN-13994,7332.61,Transfer,Mobile_App,18,569,4,0,18.7,0,1
TXN-13995,40.85,Transfer,Web_Browser,12,19,2,1,4.7,0,1
TXN-13996,49.83,Payment,Mobile_App,20,78,4,0,23.6,0,0
TXN-13997,122.9,Transfer,ATM,13,91,2,0,6.7,0,0
TXN-13998,55.24,Transfer,Mobile_App,12,147,3,0,7.7,0,0
TXN-13999,30.8,Payment,ATM,17,488,4,0,5.1,0,0
TXN-14000,23.59,Cash_Out,ATM,6,147,3,0,1.9,0,0
TXN-14001,111.99,Debit,Web_Browser,6,69,5,0,8.2,0,0
TXN-14002,40.78,Debit,Web_Browser,15,21,6,0,0.3,0,0
TXN-14003,31.68,Payment,Mobile_App,13,25,6,0,9.1,0,0
TXN-14004,85.64,Payment,Web_Browser,17,429,3,0,19.4,1,1
TXN-14005,26.78,Payment,Mobile_App,20,177,2,0,2232.7,1,0
TXN-14006,30.63,Transfer,Mobile_App,11,389,2,0,1.2,0,0
TXN-14007,56.83,Transfer,Web_Browser,14,344,8,0,5.0,0,0
TXN-14008,34.25,Cash_Out,Mobile_App,13,44,2,0,10.2,0,0
TXN-14009,224.68,Payment,Web_Browser,22,47,3,0,2.8,0,0
TXN-14010,93.07,Payment,Mobile_App,18,423,4,0,1.9,1,0
TXN-14011,61.98,Transfer,Mobile_App,19,384,3,0,9.0,0,0
TXN-14012,222.4,Cash_Out,Mobile_App,9,143,3,0,13.0,0,0
TXN-14013,59.13,Payment,Mobile_App,17,25,3,0,25.7,0,0
TXN-14014,161.08,Cash_Out,Mobile_App,10,4,8,0,91.8,0,0
TXN-14015,20.19,Payment,Mobile_App,9,102,1,0,22.3,0,0
TXN-14016,29.02,Purchase,Mobile_App,20,3,8,0,3.8,0,1
TXN-14017,20.95,Purchase,POS_Terminal,2,79,4,1,20.7,1,0
TXN-14018,90.41,Payment,Mobile_App,21,164,3,0,11.6,0,0
TXN-14019,11.65,Payment,Web_Browser,8,39,5,0,9.0,0,0
TXN-14020,75.01,Transfer,Mobile_App,18,34,5,0,41.2,1,1
TXN-14021,33.32,Payment,POS_Terminal,10,681,3,1,18.2,0,0
TXN-14022,62.21,Cash_Out,Mobile_App,11,265,2,1,17.2,0,0
TXN-14023,53.54,Debit,Mobile_App,9,818,6,0,2179.5,0,0
TXN-14024,6467.52,Cash_Out,Web_Browser,14,128,4,0,30.0,0,1
TXN-14025,510.86,Debit,Mobile_App,11,340,3,0,23.6,0,0
TXN-14026,411.25,Transfer,Web_Browser,15,69,4,0,5.3,0,0
TXN-14027,123.57,Payment,Mobile_App,1,289,6,0,5.2,0,0
TXN-14028,38.74,Debit,ATM,5,42,3,0,0.8,0,0
TXN-14029,1648.22,Transfer,Mobile_App,7,1,5,0,0.8,0,1
TXN-14030,36.69,Cash_Out,Mobile_App,12,805,4,0,16.6,0,0
TXN-14031,26.16,Payment,Web_Browser,18,243,5,0,428.2,0,0
TXN-14032,7.75,Payment,Mobile_App,19,785,4,0,38.6,0,0
TXN-14033,43.47,Purchase,POS_Terminal,9,122,5,0,27.7,0,0
TXN-14034,71.95,Payment,Mobile_App,14,120,4,0,6.4,0,0
TXN-14035,100.63,Purchase,Web_Browser,17,154,3,0,489.1,0,0
TXN-14036,61.12,Purchase,Mobile_App,10,368,3,1,5.9,1,0
TXN-14037,27.27,Debit,POS_Terminal,12,251,2,0,2292.2,0,0
TXN-14038,33.17,Cash_Out,Web_Browser,13,779,2,0,0.5,0,0
TXN-14039,137.48,Cash_Out,Mobile_App,7,8,4,0,9.0,0,1
TXN-14040,9.88,Purchase,Mobile_App,2,370,6,0,43.0,0,0
TXN-14041,32.8,Payment,Mobile_App,8,121,3,0,37.4,0,0
TXN-14042,55.89,Transfer,ATM,15,60,4,1,24.9,0,0
TXN-14043,36.23,Cash_Out,Mobile_App,6,215,6,0,14.9,0,0
TXN-14044,4768.49,Transfer,Mobile_App,8,211,2,0,29.1,0,1
TXN-14045,139.07,Transfer,Mobile_App,11,45,4,1,10.9,0,0
TXN-14046,174.89,Payment,Mobile_App,6,68,2,0,3.0,0,0
TXN-14047,20.34,Cash_Out,Web_Browser,8,158,3,0,17.3,0,0
TXN-14048,5.0,Purchase,ATM,19,158,3,0,38.0,0,0
TXN-14049,403.36,Payment,Web_Browser,2,115,2,0,2140.7,0,0
TXN-14050,36.03,Purchase,POS_Terminal,15,49,4,0,4.3,0,0
TXN-14051,20.64,Cash_Out,Web_Browser,11,2,4,0,4.6,0,1
TXN-14052,48.84,Debit,Mobile_App,15,1055,4,0,1.6,0,0
TXN-14053,75.24,Cash_Out,Mobile_App,14,863,2,0,3.8,1,0
TXN-14054,29.11,Debit,Web_Browser,9,199,5,1,7.3,0,0
TXN-14055,7078.41,Payment,ATM,18,1500,4,0,42.2,1,1
TXN-14056,48.45,Debit,POS_Terminal,13,336,5,0,29.5,0,0
TXN-14057,27.45,Payment,Mobile_App,18,22,1,0,43.8,0,0
TXN-14058,10.66,Purchase,Mobile_App,12,38,2,1,1.9,0,0
TXN-14059,206.83,Purchase,Mobile_App,22,744,6,0,0.4,0,0
TXN-14060,96.03,Payment,ATM,17,299,6,0,1258.9,0,0
TXN-14061,25.33,Payment,POS_Terminal,21,556,5,1,36.9,0,0
TXN-14062,81.92,Debit,POS_Terminal,13,686,3,0,2.6,0,0
TXN-14063,22.89,Payment,Mobile_App,13,179,4,0,12.8,0,0
TXN-14064,52.55,Purchase,Web_Browser,17,15,3,0,3.9,0,0
TXN-14065,98.84,Payment,Mobile_App,19,63,3,1,0.3,0,0
TXN-14066,86.83,Payment,Mobile_App,21,21,4,0,1.3,0,0
TXN-14067,36.36,Purchase,Web_Browser,11,63,5,0,18.6,0,0
TXN-14068,123.51,Cash_Out,Mobile_App,17,159,3,0,3.0,0,0
TXN-14069,55.18,Debit,Mobile_App,9,38,3,0,3.9,0,0
TXN-14070,32.23,Payment,POS_Terminal,14,55,4,0,7.1,0,0
TXN-14071,291.59,Cash_Out,POS_Terminal,8,178,1,0,16.1,0,0
TXN-14072,17.74,Cash_Out,Mobile_App,11,125,3,0,1189.1,0,0
TXN-14073,81.43,Cash_Out,Web_Browser,20,190,2,0,43.4,0,0
TXN-14074,225.15,Cash_Out,Mobile_App,8,169,3,0,8.5,0,0
TXN-14075,9.95,Cash_Out,Web_Browser,15,311,1,0,3.3,0,0
TXN-14076,280.53,Transfer,POS_Terminal,14,831,5,0,11.5,0,0
TXN-14077,295.81,Payment,POS_Terminal,7,35,3,0,9.0,0,0
TXN-14078,34.17,Debit,Web_Browser,11,32,3,0,23.2,0,0
TXN-14079,72.92,Payment,Mobile_App,14,575,5,1,41.0,0,0
TXN-14080,26.14,Cash_Out,Mobile_App,8,212,2,0,27.1,0,0
TXN-14081,23.92,Payment,Mobile_App,17,437,6,0,7.4,0,0
TXN-14082,17.6,Cash_Out,Mobile_App,21,73,5,0,3.7,0,0
TXN-14083,297.17,Debit,POS_Terminal,9,530,3,0,36.9,0,0
TXN-14084,43.28,Payment,Mobile_App,8,773,4,0,7.3,0,0
TXN-14085,13.66,Payment,Mobile_App,12,303,2,0,22.1,0,0
TXN-14086,154.25,Payment,Mobile_App,17,34,2,0,68.4,0,0
TXN-14087,107.05,Cash_Out,ATM,10,677,2,0,12.9,0,0
TXN-14088,79.51,Debit,Mobile_App,2,472,4,0,9.8,0,0
TXN-14089,28.27,Payment,Web_Browser,13,417,2,0,18.1,0,0
TXN-14090,36.48,Debit,Mobile_App,21,12,3,0,3.2,0,0
TXN-14091,433.81,Payment,Mobile_App,12,482,4,1,10.0,0,0
TXN-14092,80.25,Transfer,Mobile_App,12,45,6,0,5.6,0,0
TXN-14093,32.18,Purchase,Web_Browser,21,76,4,0,2.7,0,0
TXN-14094,114.83,Payment,Web_Browser,16,259,3,3,1471.4,0,0
TXN-14095,3298.19,Transfer,POS_Terminal,16,93,2,0,12.9,0,1
TXN-14096,334.71,Payment,Mobile_App,14,325,5,0,21.5,0,0
TXN-14097,58.3,Payment,Mobile_App,21,282,3,1,1572.3,0,0
TXN-14098,113.58,Payment,ATM,16,35,3,0,3.7,0,0
TXN-14099,92.89,Payment,Mobile_App,19,321,2,0,22.7,0,0
TXN-14100,2161.27,Cash_Out,Web_Browser,16,773,6,3,6.9,0,1
TXN-14101,13.93,Transfer,POS_Terminal,16,53,2,0,14.9,0,0
TXN-14102,1587.99,Transfer,Mobile_App,10,273,1,0,784.7,0,1
TXN-14103,109.12,Payment,Web_Browser,10,126,4,0,4.4,1,0
TXN-14104,5.0,Payment,Mobile_App,17,185,4,0,13.8,0,0
TXN-14105,92.75,Cash_Out,Mobile_App,10,102,3,0,1128.6,0,0
TXN-14106,50.45,Purchase,Mobile_App,14,132,1,0,23.5,0,0
TXN-14107,84.41,Payment,POS_Terminal,9,9,3,0,17.9,0,0
TXN-14108,33.74,Purchase,Mobile_App,18,1198,2,0,22.0,0,0
TXN-14109,233.79,Cash_Out,Web_Browser,7,295,4,0,5.1,0,0
TXN-14110,152.93,Cash_Out,ATM,18,209,2,0,18.3,0,0
TXN-14111,13.61,Transfer,Web_Browser,14,146,2,0,14.0,0,0
TXN-14112,20.5,Payment,Web_Browser,8,233,5,0,9.2,0,0
TXN-14113,57.99,Payment,Mobile_App,13,144,3,0,1625.3,0,0
TXN-14114,29.41,Cash_Out,Mobile_App,10,134,3,1,6.0,1,0
TXN-14115,161.0,Payment,Mobile_App,10,188,2,0,0.1,0,0
TXN-14116,19.84,Purchase,Web_Browser,11,97,1,0,2.8,0,0
TXN-14117,3232.41,Transfer,ATM,5,60,1,4,674.4,0,1
TXN-14118,5.0,Payment,ATM,22,244,3,0,28.3,0,0
TXN-14119,36.42,Debit,POS_Terminal,3,556,3,0,29.5,0,0
TXN-14120,218.87,Payment,POS_Terminal,15,50,3,0,28.1,0,0
TXN-14121,5518.81,Transfer,Mobile_App,11,10,3,0,25.5,0,1
TXN-14122,56.14,Cash_Out,Web_Browser,15,86,3,0,3.8,1,1
TXN-14123,118.85,Purchase,POS_Terminal,11,1170,3,0,10.2,0,0
TXN-14124,6742.51,Debit,Mobile_App,15,530,4,0,2497.3,0,1
TXN-14125,48.8,Cash_Out,ATM,16,272,3,0,21.4,0,0
TXN-14126,204.04,Cash_Out,Mobile_App,16,795,2,0,0.0,0,0
TXN-14127,62.13,Purchase,Web_Browser,7,177,1,0,9.2,0,0
TXN-14128,93.92,Payment,Web_Browser,15,1228,6,0,0.2,0,0
TXN-14129,140.48,Payment,ATM,10,106,4,0,4.9,0,0
TXN-14130,5.0,Payment,Mobile_App,3,83,7,0,8.6,0,0
TXN-14131,26.59,Payment,Web_Browser,12,305,3,0,850.8,0,0
TXN-14132,30.27,Cash_Out,Web_Browser,12,143,1,0,15.9,0,0
TXN-14133,8417.46,Cash_Out,Mobile_App,13,296,2,0,6.8,0,1
TXN-14134,312.09,Cash_Out,POS_Terminal,16,110,1,0,10.1,0,0
TXN-14135,8.45,Payment,Web_Browser,10,289,5,0,25.5,0,0
TXN-14136,36.02,Debit,Web_Browser,10,97,3,0,1470.6,0,0
TXN-14137,163.08,Payment,Mobile_App,5,16,6,0,14.3,0,0
TXN-14138,9.58,Cash_Out,Mobile_App,16,730,4,0,4.6,0,0
TXN-14139,80.1,Cash_Out,Web_Browser,14,645,3,0,9.8,0,0
TXN-14140,86.1,Payment,Mobile_App,11,1061,2,1,0.4,0,0
TXN-14141,93.46,Payment,Mobile_App,16,379,3,0,28.7,0,0
TXN-14142,17.74,Payment,ATM,13,345,4,0,0.7,1,0
TXN-14143,52.43,Debit,Web_Browser,13,246,2,0,3.8,0,0
TXN-14144,16.41,Purchase,Web_Browser,13,41,3,0,6.1,0,0
TXN-14145,165.22,Cash_Out,Mobile_App,15,63,3,0,14.7,1,0
TXN-14146,18.84,Payment,Mobile_App,15,103,4,0,19.1,0,0
TXN-14147,7312.55,Transfer,Mobile_App,10,663,3,0,1.3,0,1
TXN-14148,441.8,Debit,Mobile_App,7,57,3,0,0.7,0,0
TXN-14149,168.63,Debit,Web_Browser,8,769,8,0,24.1,0,0
TXN-14150,9.32,Payment,Web_Browser,15,222,6,0,18.7,0,0
TXN-14151,40.29,Payment,Mobile_App,19,378,3,0,26.7,0,0
TXN-14152,58.31,Debit,Mobile_App,12,36,3,0,16.9,0,0
TXN-14153,45.15,Transfer,Mobile_App,8,95,5,1,20.9,0,0
TXN-14154,80.5,Payment,Mobile_App,17,955,2,0,7.1,0,0
TXN-14155,101.05,Payment,Mobile_App,18,93,3,0,13.4,0,0
TXN-14156,341.52,Transfer,ATM,19,106,2,0,24.6,0,1
TXN-14157,34.22,Purchase,Web_Browser,14,67,3,0,2.8,0,0
TXN-14158,114.81,Purchase,Web_Browser,18,42,4,0,8.2,0,0
TXN-14159,8139.69,Cash_Out,Mobile_App,1,80,2,0,20.2,0,1
TXN-14160,262.01,Transfer,ATM,7,309,5,0,11.4,0,0
TXN-14161,80.74,Payment,Web_Browser,6,183,1,0,17.2,0,0
TXN-14162,56.87,Transfer,POS_Terminal,16,243,1,0,5.2,0,0
TXN-14163,42.04,Transfer,Mobile_App,6,40,5,0,0.5,0,0
TXN-14164,22.87,Cash_Out,ATM,13,487,4,0,0.4,0,0
TXN-14165,129.88,Transfer,POS_Terminal,13,460,6,0,42.9,0,0
TXN-14166,24.03,Payment,POS_Terminal,10,7,6,0,43.4,0,0
TXN-14167,8.45,Payment,Mobile_App,19,146,6,0,3.6,0,0
TXN-14168,20.89,Payment,Mobile_App,8,22,4,0,2.4,0,0
TXN-14169,63.62,Payment,Mobile_App,11,472,3,0,0.3,0,0
TXN-14170,16.09,Payment,Mobile_App,17,401,2,0,3.9,0,0
TXN-14171,24.41,Purchase,POS_Terminal,3,697,2,0,6.1,0,0
TXN-14172,8.24,Transfer,Mobile_App,15,81,2,0,4.1,0,0
TXN-14173,23.87,Transfer,Mobile_App,18,183,8,1,23.9,0,0
TXN-14174,302.43,Purchase,Mobile_App,20,62,4,1,20.8,0,1
TXN-14175,28.99,Purchase,Mobile_App,19,140,3,0,1.3,0,0
TXN-14176,49.0,Cash_Out,Mobile_App,10,222,6,0,1474.6,1,0
TXN-14177,513.67,Debit,POS_Terminal,14,17,5,0,11.0,0,0
TXN-14178,76.04,Payment,Web_Browser,6,377,5,1,2.1,0,0
TXN-14179,73.1,Payment,Mobile_App,10,236,4,0,20.2,0,0
TXN-14180,21.02,Transfer,Mobile_App,6,530,4,0,1.3,0,0
TXN-14181,68.49,Cash_Out,Mobile_App,10,96,1,0,2.9,0,0
TXN-14182,308.57,Cash_Out,Mobile_App,19,701,7,0,2.4,0,0
TXN-14183,16.31,Payment,Web_Browser,11,1500,1,1,42.0,0,0
TXN-14184,45.34,Payment,Web_Browser,14,756,7,0,18.0,0,0
TXN-14185,16.88,Cash_Out,Web_Browser,12,452,4,0,7.9,1,1
TXN-14186,274.92,Payment,Web_Browser,12,502,3,0,25.9,0,0
TXN-14187,16.78,Cash_Out,Mobile_App,21,256,3,0,3.6,0,0
TXN-14188,27.01,Cash_Out,ATM,10,64,5,0,40.1,0,0
TXN-14189,17.13,Debit,POS_Terminal,15,340,1,1,1238.4,0,0
TXN-14190,13.7,Debit,ATM,12,375,3,1,12.3,0,0
TXN-14191,59.87,Purchase,Mobile_App,5,1268,4,2,23.7,0,0
TXN-14192,38.47,Transfer,ATM,13,234,3,0,15.5,0,0
TXN-14193,77.55,Debit,POS_Terminal,18,95,2,0,32.7,0,0
TXN-14194,101.63,Cash_Out,POS_Terminal,7,346,4,0,26.5,0,0
TXN-14195,10.16,Payment,Mobile_App,6,1165,3,0,3.3,0,0
TXN-14196,73.84,Payment,Web_Browser,8,59,2,0,4.1,0,0
TXN-14197,21.92,Payment,ATM,17,119,3,0,1.0,0,0
TXN-14198,63.05,Transfer,Web_Browser,16,235,2,2,3.7,0,0
TXN-14199,76.23,Cash_Out,Web_Browser,14,56,2,0,6.3,0,0
TXN-14200,42.14,Debit,ATM,13,7,2,0,0.4,0,0
TXN-14201,203.69,Payment,Mobile_App,19,124,4,0,5.7,0,0
TXN-14202,13.03,Payment,Web_Browser,17,602,2,1,22.1,0,0
TXN-14203,4276.74,Purchase,Mobile_App,18,14,3,0,27.5,0,1
TXN-14204,69.68,Payment,ATM,18,169,4,0,0.1,0,0
TXN-14205,451.19,Transfer,Mobile_App,15,431,3,0,0.1,1,0
TXN-14206,3035.46,Cash_Out,Web_Browser,12,919,2,0,755.5,0,1
TXN-14207,4504.99,Transfer,Web_Browser,18,1270,5,0,30.9,0,1
TXN-14208,179.64,Payment,POS_Terminal,20,165,4,1,9.5,0,0
TXN-14209,136.47,Payment,Web_Browser,2,902,3,0,61.0,0,0
TXN-14210,100.99,Payment,ATM,5,11,5,0,32.7,0,0
TXN-14211,26.59,Cash_Out,ATM,21,412,3,0,33.1,0,0
TXN-14212,53.23,Transfer,Mobile_App,10,309,5,0,2.1,0,0
TXN-14213,56.24,Payment,Mobile_App,19,87,2,0,9.7,0,0
TXN-14214,4695.0,Cash_Out,Mobile_App,11,213,2,1,75.7,0,1
TXN-14215,47.8,Debit,Mobile_App,7,42,4,0,2.4,0,0
TXN-14216,211.87,Payment,Web_Browser,6,616,4,0,1500.3,0,0
TXN-14217,51.7,Transfer,ATM,8,133,4,0,6.3,1,0
TXN-14218,62.77,Cash_Out,POS_Terminal,9,296,2,1,7.4,0,0
TXN-14219,48.03,Payment,Mobile_App,13,52,6,0,33.2,0,0
TXN-14220,45.72,Payment,Mobile_App,16,70,4,0,409.3,0,0
TXN-14221,50.85,Cash_Out,Web_Browser,22,1447,1,0,21.3,0,0
TXN-14222,56.51,Purchase,Web_Browser,12,420,2,0,16.8,0,0
TXN-14223,10.79,Debit,Mobile_App,13,981,1,0,11.3,0,0
TXN-14224,41.27,Cash_Out,POS_Terminal,13,106,4,0,23.5,1,0
TXN-14225,295.52,Debit,ATM,13,54,3,0,53.0,0,0
TXN-14226,8.9,Transfer,Mobile_App,13,210,3,0,51.1,0,0
TXN-14227,42.74,Cash_Out,POS_Terminal,0,205,4,2,1089.9,0,1
TXN-14228,31.15,Transfer,Mobile_App,0,58,3,0,10.0,0,0
TXN-14229,75.7,Payment,Web_Browser,7,397,3,0,2.7,0,0
TXN-14230,2895.03,Debit,Mobile_App,7,135,3,0,715.8,0,1
TXN-14231,1411.73,Cash_Out,Mobile_App,16,62,4,0,485.6,0,1
TXN-14232,7.3,Transfer,ATM,9,122,2,0,6.2,0,0
TXN-14233,7.19,Purchase,Mobile_App,19,249,4,0,2.1,0,0
TXN-14234,5.0,Payment,Web_Browser,20,389,3,0,3.8,0,0
TXN-14235,47.66,Payment,Mobile_App,21,198,7,0,1.3,0,0
TXN-14236,10.55,Payment,Mobile_App,20,224,3,1,11.1,0,0
TXN-14237,5.22,Debit,Mobile_App,10,45,7,2,2.0,0,0
TXN-14238,21.76,Debit,Mobile_App,13,739,2,0,20.4,0,0
TXN-14239,27.59,Payment,Web_Browser,8,793,3,0,6.1,0,0
TXN-14240,50.29,Cash_Out,Mobile_App,17,346,10,0,16.7,0,0
TXN-14241,5051.41,Transfer,Web_Browser,19,6,6,0,32.1,0,1
TXN-14242,58.01,Debit,Web_Browser,18,232,3,0,1.3,0,0
TXN-14243,123.96,Transfer,Web_Browser,12,298,5,2,67.6,0,0
TXN-14244,40.72,Transfer,Mobile_App,17,1500,4,0,15.5,0,0
TXN-14245,115.46,Purchase,ATM,7,1500,2,0,0.8,0,0
TXN-14246,38.48,Payment,Mobile_App,4,585,4,0,5.7,0,0
TXN-14247,36.67,Payment,Mobile_App,17,20,5,0,32.6,1,0
TXN-14248,30.83,Cash_Out,Mobile_App,12,920,2,0,13.6,0,0
TXN-14249,52.65,Purchase,Mobile_App,23,285,2,0,5.1,0,0
TXN-14250,105.61,Transfer,Mobile_App,7,485,3,0,42.3,0,0
TXN-14251,103.52,Payment,Web_Browser,18,157,5,0,23.2,0,0
TXN-14252,100.42,Payment,Mobile_App,13,116,1,0,20.0,0,0
TXN-14253,74.48,Transfer,Mobile_App,18,187,2,0,32.9,0,0
TXN-14254,17.25,Payment,POS_Terminal,18,48,6,0,22.0,0,0
TXN-14255,860.23,Cash_Out,Mobile_App,20,133,4,0,5.1,0,0
TXN-14256,3721.65,Purchase,Mobile_App,10,585,3,0,13.2,1,1
TXN-14257,61.7,Transfer,Mobile_App,20,12,4,0,27.7,0,0
TXN-14258,1094.11,Transfer,POS_Terminal,8,50,4,0,3.0,0,0
TXN-14259,131.94,Transfer,Mobile_App,6,41,6,1,2.7,1,0
TXN-14260,27.1,Payment,Mobile_App,12,155,3,0,2.6,0,0
TXN-14261,184.63,Purchase,Web_Browser,18,1500,2,0,3.2,0,0
TXN-14262,66.36,Transfer,Web_Browser,13,58,5,2,1.6,0,0
TXN-14263,24.13,Transfer,Web_Browser,18,48,5,0,27.3,0,0
TXN-14264,67.9,Cash_Out,POS_Terminal,16,740,3,0,25.6,0,0
TXN-14265,37.99,Transfer,Mobile_App,9,642,3,1,2328.6,0,1
TXN-14266,44.05,Cash_Out,Mobile_App,20,10,6,0,18.3,0,0
TXN-14267,56.97,Payment,Mobile_App,5,418,6,0,14.8,0,0
TXN-14268,109.9,Debit,Mobile_App,19,320,6,0,4.8,1,0
TXN-14269,134.51,Purchase,Mobile_App,10,438,3,0,1809.9,0,0
TXN-14270,26.36,Cash_Out,Mobile_App,13,205,3,0,4.3,0,0
TXN-14271,78.27,Purchase,Web_Browser,12,1427,4,0,588.3,0,0
TXN-14272,41.78,Payment,Web_Browser,8,14,2,0,5.8,0,0
TXN-14273,117.59,Transfer,Mobile_App,11,81,2,1,4.9,0,0
TXN-14274,19.66,Cash_Out,Web_Browser,8,152,3,0,0.3,0,0
TXN-14275,53.48,Cash_Out,Mobile_App,9,180,11,0,2383.6,0,0
TXN-14276,8.77,Transfer,Mobile_App,8,763,6,0,696.8,0,1
TXN-14277,110.42,Payment,Web_Browser,13,247,3,0,9.6,0,0
TXN-14278,330.82,Payment,Mobile_App,17,14,3,2,43.0,0,0
TXN-14279,256.4,Transfer,Mobile_App,14,158,2,0,5.2,0,0
TXN-14280,126.17,Payment,Mobile_App,19,162,4,0,16.8,0,0
TXN-14281,97.01,Debit,ATM,15,1010,4,0,5.5,0,0
TXN-14282,430.97,Payment,Web_Browser,16,275,6,0,5.7,0,0
TXN-14283,31.29,Payment,Mobile_App,15,303,1,0,27.9,1,0
TXN-14284,42.38,Cash_Out,POS_Terminal,12,375,2,0,23.2,0,0
TXN-14285,224.22,Cash_Out,Web_Browser,16,441,6,1,5.2,0,0
TXN-14286,47.5,Purchase,Web_Browser,6,303,4,0,1.3,0,0
TXN-14287,21.65,Cash_Out,POS_Terminal,18,82,3,0,6.6,0,0
TXN-14288,11.94,Payment,Mobile_App,17,622,2,0,21.4,0,0
TXN-14289,23.58,Debit,Mobile_App,9,396,4,0,1.6,0,0
TXN-14290,316.76,Transfer,Web_Browser,17,407,4,2,16.7,0,0
TXN-14291,49.24,Payment,Web_Browser,1,1500,5,1,33.1,0,0
TXN-14292,25.52,Cash_Out,Web_Browser,9,487,4,0,741.9,0,1
TXN-14293,49.98,Purchase,Web_Browser,5,531,3,0,29.7,0,0
TXN-14294,75.59,Transfer,ATM,17,908,6,1,0.8,0,0
TXN-14295,8.51,Payment,ATM,17,50,3,0,16.5,0,0
TXN-14296,22.41,Payment,POS_Terminal,18,207,2,0,23.5,0,0
TXN-14297,3315.12,Payment,POS_Terminal,0,261,4,0,506.5,1,1
TXN-14298,235.85,Transfer,ATM,13,120,2,1,3.4,0,1
TXN-14299,48.52,Cash_Out,Mobile_App,16,549,2,0,38.8,0,0
TXN-14300,45.82,Payment,Mobile_App,8,432,5,0,0.3,0,0
TXN-14301,45.59,Purchase,Mobile_App,15,383,2,0,12.1,0,0
TXN-14302,17.82,Debit,POS_Terminal,6,1500,5,0,7.0,0,0
TXN-14303,91.66,Cash_Out,Web_Browser,8,91,5,1,9.3,0,1
TXN-14304,342.15,Debit,Web_Browser,13,399,1,0,11.5,0,0
TXN-14305,29.44,Payment,Mobile_App,15,241,1,0,11.5,0,0
TXN-14306,132.72,Transfer,Mobile_App,8,113,3,0,3.4,0,0
TXN-14307,48.83,Cash_Out,Web_Browser,8,53,4,0,17.1,0,1
TXN-14308,25.44,Debit,Mobile_App,9,679,2,0,0.3,0,0
TXN-14309,135.02,Debit,Mobile_App,9,272,5,0,0.3,0,0
TXN-14310,10.79,Payment,Mobile_App,9,523,1,0,9.8,0,0
TXN-14311,13.17,Purchase,Mobile_App,12,237,6,0,11.7,0,0
TXN-14312,319.78,Payment,Web_Browser,15,75,2,1,4.8,0,0
TXN-14313,36.48,Purchase,Mobile_App,12,124,3,2,12.0,0,0
TXN-14314,179.74,Purchase,Web_Browser,17,145,7,0,10.9,0,0
TXN-14315,48.54,Payment,Mobile_App,16,1083,2,0,6.4,0,0
TXN-14316,7756.94,Debit,POS_Terminal,7,2,3,0,15.8,0,1
TXN-14317,107.79,Payment,Mobile_App,5,1274,2,0,47.5,0,0
TXN-14318,78.88,Transfer,Web_Browser,19,1181,3,0,10.1,0,0
TXN-14319,25.85,Transfer,Web_Browser,6,1500,4,0,23.1,0,0
TXN-14320,163.39,Cash_Out,Mobile_App,8,195,5,1,4.3,0,0
TXN-14321,139.11,Purchase,POS_Terminal,2,996,2,0,21.5,0,0
TXN-14322,25.66,Cash_Out,Web_Browser,15,152,4,1,15.7,0,0
TXN-14323,161.21,Transfer,Mobile_App,14,8,4,0,15.3,0,0
TXN-14324,68.03,Debit,Mobile_App,22,77,2,0,33.5,0,0
TXN-14325,58.5,Purchase,ATM,19,872,2,0,4.0,0,0
TXN-14326,26.12,Payment,POS_Terminal,12,5,3,0,6.9,0,0
TXN-14327,21.85,Purchase,Mobile_App,11,237,4,1,1.3,0,0
TXN-14328,225.65,Payment,Mobile_App,10,24,5,4,19.4,1,0
TXN-14329,80.1,Debit,POS_Terminal,8,102,6,1,27.9,0,0
TXN-14330,140.37,Payment,Web_Browser,7,28,6,0,7.8,0,0
TXN-14331,33.8,Payment,POS_Terminal,7,589,4,0,6.6,0,0
TXN-14332,90.37,Transfer,Mobile_App,7,269,2,0,16.1,0,0
TXN-14333,38.53,Cash_Out,Web_Browser,9,698,3,1,1.2,0,0
TXN-14334,106.36,Transfer,Mobile_App,10,350,5,0,5.2,0,0
TXN-14335,13.43,Payment,Mobile_App,21,1063,2,0,6.8,0,0
TXN-14336,13.66,Cash_Out,Web_Browser,14,214,4,0,11.0,0,0
TXN-14337,18.07,Purchase,ATM,22,306,5,1,1874.1,0,1
TXN-14338,53.94,Transfer,Mobile_App,11,258,2,0,3.5,0,0
TXN-14339,5.94,Payment,Mobile_App,12,199,2,0,11.7,0,0
TXN-14340,86.55,Transfer,Web_Browser,11,562,7,0,39.0,0,0
TXN-14341,100.79,Payment,Web_Browser,8,311,2,2,0.4,1,1
TXN-14342,9.51,Debit,POS_Terminal,8,485,2,0,17.1,0,0
TXN-14343,36.37,Debit,POS_Terminal,20,464,4,0,14.7,0,0
TXN-14344,349.57,Cash_Out,Mobile_App,22,64,2,0,38.7,0,0
TXN-14345,35.19,Transfer,ATM,4,316,2,0,15.5,0,0
TXN-14346,19.93,Debit,POS_Terminal,8,67,7,1,1513.0,0,0
TXN-14347,37.51,Cash_Out,POS_Terminal,12,263,6,1,22.0,0,0
TXN-14348,176.25,Debit,Web_Browser,8,340,4,0,4.7,0,0
TXN-14349,17.31,Cash_Out,POS_Terminal,11,1500,3,0,13.6,0,0
TXN-14350,94.86,Debit,Mobile_App,7,10,3,1,11.0,0,0
TXN-14351,83.36,Cash_Out,Mobile_App,12,29,1,2,8.7,0,0
TXN-14352,4081.64,Transfer,POS_Terminal,10,25,4,0,1.2,0,1
TXN-14353,6106.2,Purchase,Mobile_App,11,153,4,0,5.2,1,1
TXN-14354,138.01,Transfer,Mobile_App,6,518,5,0,4.9,1,0
TXN-14355,17.47,Cash_Out,POS_Terminal,12,558,1,0,19.3,0,0
TXN-14356,81.74,Payment,POS_Terminal,22,401,2,0,38.0,0,0
TXN-14357,11.58,Cash_Out,Mobile_App,11,682,4,0,3.9,0,0
TXN-14358,143.26,Cash_Out,POS_Terminal,19,117,4,0,1.2,0,0
TXN-14359,116.41,Payment,Web_Browser,18,28,3,1,150.8,0,0
TXN-14360,35.98,Payment,Web_Browser,20,18,6,0,17.6,0,0
TXN-14361,43.24,Cash_Out,POS_Terminal,17,574,3,0,334.0,0,1
TXN-14362,88.04,Debit,Mobile_App,15,394,1,0,2.3,0,0
TXN-14363,14.07,Transfer,Mobile_App,18,360,4,0,24.2,0,0
TXN-14364,40.52,Payment,Mobile_App,6,125,2,0,25.2,0,0
TXN-14365,54.48,Cash_Out,Web_Browser,12,144,6,0,2.5,0,0
TXN-14366,9.91,Payment,Web_Browser,22,952,1,0,2.6,0,0
TXN-14367,133.98,Transfer,POS_Terminal,17,20,2,1,5.3,1,0
TXN-14368,437.15,Payment,POS_Terminal,21,446,3,0,3.7,0,0
TXN-14369,604.75,Payment,Web_Browser,17,112,5,0,55.6,0,0
TXN-14370,7.76,Payment,POS_Terminal,19,12,2,0,6.8,0,0
TXN-14371,174.24,Transfer,Mobile_App,16,408,4,0,258.2,0,0
TXN-14372,29.05,Payment,Mobile_App,17,121,4,1,24.5,0,0
TXN-14373,48.87,Transfer,POS_Terminal,13,385,3,0,7.3,0,0
TXN-14374,20.45,Transfer,Mobile_App,20,369,3,0,17.2,0,0
TXN-14375,100.22,Transfer,Mobile_App,18,230,3,0,1.7,0,0
TXN-14376,5.0,Transfer,Web_Browser,18,451,1,0,7.6,0,0
TXN-14377,16.45,Debit,Mobile_App,15,261,1,0,51.3,0,0
TXN-14378,5.71,Payment,POS_Terminal,10,102,2,0,2.8,0,0
TXN-14379,30.62,Transfer,Mobile_App,3,398,4,0,7.3,0,0
TXN-14380,39.91,Payment,Mobile_App,20,267,5,1,23.4,1,0
TXN-14381,11.32,Payment,Mobile_App,14,4,2,0,16.4,0,0
TXN-14382,91.97,Cash_Out,Web_Browser,10,696,4,0,15.0,0,0
TXN-14383,84.21,Cash_Out,Mobile_App,8,237,3,0,28.8,0,1
TXN-14384,129.78,Purchase,Web_Browser,18,609,1,0,0.4,0,0
TXN-14385,222.8,Cash_Out,POS_Terminal,18,644,2,0,22.1,0,1
TXN-14386,41.84,Purchase,ATM,18,177,1,1,32.1,0,0
TXN-14387,68.21,Payment,Mobile_App,15,213,3,0,0.2,0,0
TXN-14388,19.63,Payment,Mobile_App,11,162,2,0,12.3,0,0
TXN-14389,58.4,Payment,Web_Browser,10,180,1,0,6.4,0,0
TXN-14390,61.12,Payment,ATM,0,677,3,0,0.8,0,0
TXN-14391,250.94,Transfer,ATM,18,466,4,1,8.1,0,1
TXN-14392,93.32,Cash_Out,Mobile_App,6,41,4,0,15.5,0,0
TXN-14393,95.18,Payment,Web_Browser,15,283,5,0,37.7,0,0
TXN-14394,40.36,Purchase,Mobile_App,13,1500,2,0,14.5,1,1
TXN-14395,5.0,Debit,Mobile_App,13,272,5,0,29.1,0,0
TXN-14396,55.91,Payment,Mobile_App,20,463,3,0,1.9,0,0
TXN-14397,33.9,Payment,Mobile_App,3,440,5,1,3.5,0,0
TXN-14398,17.96,Payment,Mobile_App,17,130,3,0,52.7,0,0
TXN-14399,114.52,Payment,Mobile_App,5,140,3,0,32.8,0,0
TXN-14400,4751.74,Payment,Web_Browser,4,387,7,0,4.0,0,1
TXN-14401,19.95,Transfer,Mobile_App,12,208,3,0,14.6,0,0
TXN-14402,56.71,Payment,Web_Browser,5,254,4,1,6.8,0,0
TXN-14403,49.02,Transfer,Mobile_App,17,375,3,0,9.5,1,0
TXN-14404,170.04,Purchase,Mobile_App,13,451,5,0,29.6,0,0
TXN-14405,84.55,Cash_Out,Mobile_App,3,96,2,0,20.0,0,0
TXN-14406,111.36,Purchase,Mobile_App,4,48,4,0,4.1,0,0
TXN-14407,37.75,Payment,Web_Browser,15,104,2,1,5.7,0,0
TXN-14408,82.54,Transfer,Mobile_App,17,213,3,0,5.1,0,0
TXN-14409,130.61,Cash_Out,Web_Browser,12,126,7,0,22.8,0,0
TXN-14410,553.25,Payment,Mobile_App,14,253,2,0,10.1,0,0
TXN-14411,31.78,Payment,Web_Browser,17,17,3,0,45.2,0,0
TXN-14412,37.9,Cash_Out,POS_Terminal,15,214,3,0,25.4,0,0
TXN-14413,26.08,Cash_Out,Mobile_App,9,138,3,1,3.6,0,0
TXN-14414,34.91,Transfer,Mobile_App,15,230,7,0,23.1,0,0
TXN-14415,217.47,Transfer,Mobile_App,15,165,4,0,10.6,0,0
TXN-14416,23.83,Transfer,Web_Browser,16,101,4,0,4.4,0,0
TXN-14417,80.61,Payment,Mobile_App,15,704,3,0,6.8,0,0
TXN-14418,148.1,Payment,Web_Browser,21,62,4,0,53.7,0,0
TXN-14419,181.1,Payment,Web_Browser,8,344,6,1,9.9,0,0
TXN-14420,233.79,Payment,ATM,20,776,3,0,19.1,0,0
TXN-14421,87.41,Purchase,Web_Browser,13,233,4,0,9.7,0,0
TXN-14422,79.28,Cash_Out,Web_Browser,15,628,3,1,7.0,0,0
TXN-14423,30.93,Debit,Mobile_App,7,41,4,0,23.9,0,0
TXN-14424,7.62,Payment,ATM,11,205,2,0,28.3,0,0
TXN-14425,30.1,Transfer,POS_Terminal,17,184,5,0,1.1,0,0
TXN-14426,64.02,Payment,Mobile_App,16,3,3,0,4.9,0,0
TXN-14427,8479.16,Payment,POS_Terminal,4,176,3,0,10.6,0,1
TXN-14428,245.02,Payment,Mobile_App,14,139,5,0,5.7,0,0
TXN-14429,54.95,Debit,POS_Terminal,6,333,2,0,23.0,0,0
TXN-14430,6183.12,Cash_Out,POS_Terminal,23,836,2,0,1.8,0,1
TXN-14431,64.55,Transfer,Mobile_App,19,27,3,0,24.0,0,0
TXN-14432,67.23,Transfer,Web_Browser,2,120,3,0,14.4,0,0
TXN-14433,40.48,Purchase,Mobile_App,18,177,2,1,5.1,0,0
TXN-14434,5686.79,Payment,Mobile_App,20,183,1,0,6.3,0,1
TXN-14435,30.51,Payment,Mobile_App,11,448,6,0,3.0,0,0
TXN-14436,31.49,Payment,Web_Browser,16,176,5,0,4.4,0,0
TXN-14437,27.82,Debit,Mobile_App,12,9,3,0,18.9,0,0
TXN-14438,127.76,Purchase,Mobile_App,15,372,5,0,7.1,0,0
TXN-14439,194.19,Payment,Web_Browser,11,649,4,0,1425.1,0,0
TXN-14440,5606.33,Purchase,Mobile_App,10,217,2,2,10.8,0,1
TXN-14441,22.36,Debit,Mobile_App,12,262,3,0,2.4,0,0
TXN-14442,45.32,Payment,Mobile_App,8,54,2,0,10.4,0,0
TXN-14443,22.81,Transfer,Mobile_App,18,75,2,0,21.2,0,0
TXN-14444,19.74,Transfer,Mobile_App,11,81,5,0,5.3,0,0
TXN-14445,38.52,Purchase,Mobile_App,12,170,4,0,15.7,0,0
TXN-14446,69.65,Payment,ATM,19,790,3,0,3.3,0,0
TXN-14447,68.8,Debit,Web_Browser,13,222,3,0,2.2,0,0
TXN-14448,39.91,Payment,Mobile_App,14,64,4,0,6.7,0,0
TXN-14449,32.31,Debit,Mobile_App,21,93,3,0,7.4,0,0
TXN-14450,100.36,Transfer,Mobile_App,19,146,7,0,21.5,0,0
TXN-14451,80.52,Cash_Out,Web_Browser,8,293,1,1,1698.5,0,0
TXN-14452,64.86,Debit,Mobile_App,13,174,2,1,1.3,0,0
TXN-14453,31.05,Debit,Mobile_App,21,150,4,0,2092.6,0,0
TXN-14454,207.08,Purchase,POS_Terminal,11,250,3,0,9.5,1,0
TXN-14455,14.72,Payment,Mobile_App,11,84,6,0,6.0,0,0
TXN-14456,31.21,Cash_Out,Mobile_App,8,25,3,0,24.3,0,0
TXN-14457,20.36,Payment,POS_Terminal,7,8,2,0,2.5,0,0
TXN-14458,54.69,Transfer,Web_Browser,16,87,3,0,36.7,0,1
TXN-14459,28.01,Transfer,Mobile_App,17,29,5,0,6.1,0,0
TXN-14460,59.99,Transfer,Web_Browser,21,123,5,0,9.3,0,0
TXN-14461,4883.48,Transfer,Mobile_App,17,445,2,0,1300.0,0,1
TXN-14462,193.41,Purchase,Web_Browser,9,378,4,1,21.5,0,0
TXN-14463,67.66,Payment,Mobile_App,4,284,2,0,1.2,0,0
TXN-14464,66.63,Cash_Out,POS_Terminal,22,575,4,0,13.0,0,0
TXN-14465,83.95,Transfer,ATM,11,100,2,0,5.6,0,0
TXN-14466,5.56,Payment,ATM,10,649,4,0,10.7,0,0
TXN-14467,57.83,Payment,ATM,19,153,3,0,20.4,0,0
TXN-14468,18.04,Purchase,Web_Browser,14,154,5,0,10.3,0,0
TXN-14469,28.53,Purchase,Mobile_App,9,156,3,0,1.1,0,0
TXN-14470,48.43,Purchase,Mobile_App,19,31,3,1,11.3,0,0
TXN-14471,141.52,Purchase,Web_Browser,23,1113,5,0,0.4,0,0
TXN-14472,9.32,Payment,POS_Terminal,6,45,4,0,6.4,0,0
TXN-14473,69.34,Transfer,Mobile_App,18,126,2,0,9.8,1,0
TXN-14474,60.56,Cash_Out,ATM,12,116,3,2,15.5,1,1
TXN-14475,84.02,Transfer,POS_Terminal,13,24,5,0,10.6,0,0
TXN-14476,511.21,Transfer,ATM,20,50,2,0,1756.0,0,1
TXN-14477,258.91,Transfer,POS_Terminal,21,14,4,0,1887.4,1,0
TXN-14478,73.05,Cash_Out,Mobile_App,10,104,2,0,15.8,0,0
TXN-14479,95.65,Cash_Out,Mobile_App,9,605,3,0,5.7,0,0
TXN-14480,52.63,Payment,Mobile_App,6,125,6,1,50.7,0,0
TXN-14481,2538.91,Transfer,Mobile_App,14,40,2,0,32.1,0,1
TXN-14482,56.57,Cash_Out,Web_Browser,1,312,2,0,2.3,0,0
TXN-14483,83.7,Cash_Out,POS_Terminal,12,1500,1,0,16.0,0,0
TXN-14484,28.1,Payment,POS_Terminal,6,80,3,0,12.3,0,0
TXN-14485,68.75,Debit,Web_Browser,12,99,4,0,3.2,0,0
TXN-14486,213.15,Payment,Mobile_App,4,1072,2,1,4.0,0,0
TXN-14487,96.33,Transfer,Mobile_App,18,60,4,0,12.4,0,0
TXN-14488,61.35,Debit,Mobile_App,9,215,4,0,5.8,0,0
TXN-14489,5.0,Cash_Out,Mobile_App,11,83,5,0,27.0,0,0
TXN-14490,80.13,Payment,Web_Browser,19,809,3,0,1.5,0,0
TXN-14491,50.04,Cash_Out,Mobile_App,17,1198,1,0,1610.0,0,0
TXN-14492,18.67,Cash_Out,Mobile_App,9,506,3,1,27.5,0,0
TXN-14493,51.05,Debit,Mobile_App,6,114,3,0,20.1,0,0
TXN-14494,51.3,Debit,Web_Browser,16,155,3,0,4.6,0,0
TXN-14495,54.93,Cash_Out,Mobile_App,12,84,2,0,18.8,1,0
TXN-14496,115.0,Transfer,Mobile_App,17,665,5,0,8.7,0,0
TXN-14497,44.2,Payment,Mobile_App,12,738,3,2,1010.1,0,0
TXN-14498,7558.25,Payment,ATM,11,163,3,1,5.6,0,1
TXN-14499,38.36,Transfer,Mobile_App,12,321,2,0,27.1,0,0
TXN-14500,69.71,Cash_Out,Web_Browser,17,55,3,0,0.6,0,0
TXN-14501,93.85,Transfer,Web_Browser,19,172,6,3,17.6,0,0
TXN-14502,198.15,Payment,Web_Browser,5,300,3,0,26.5,0,0
TXN-14503,92.69,Payment,ATM,13,147,4,2,15.6,0,0
TXN-14504,160.29,Transfer,Mobile_App,3,133,4,0,3.2,0,0
TXN-14505,127.28,Payment,Mobile_App,13,1,4,0,5.0,0,0
TXN-14506,63.62,Debit,Mobile_App,19,490,6,0,503.4,0,0
TXN-14507,26.41,Payment,Web_Browser,11,661,3,0,1689.3,0,0
TXN-14508,81.78,Cash_Out,Mobile_App,20,1047,3,1,0.1,0,0
TXN-14509,259.37,Purchase,Mobile_App,15,382,4,0,0.6,0,0
TXN-14510,161.83,Payment,Web_Browser,20,239,5,0,21.9,0,0
TXN-14511,196.0,Transfer,Web_Browser,17,95,4,1,1.3,0,0
TXN-14512,8.64,Payment,Mobile_App,7,1500,3,0,39.5,0,0
TXN-14513,7.65,Cash_Out,Web_Browser,9,268,3,0,8.8,0,0
TXN-14514,33.63,Cash_Out,Web_Browser,12,343,2,0,21.3,0,0
TXN-14515,87.76,Transfer,Mobile_App,8,345,4,0,1968.0,0,0
TXN-14516,4913.57,Transfer,Mobile_App,13,560,3,0,39.2,0,1
TXN-14517,44.71,Purchase,Web_Browser,13,3,2,0,0.5,0,0
TXN-14518,12.43,Payment,Web_Browser,21,75,6,0,0.6,0,0
TXN-14519,29.75,Payment,Mobile_App,12,329,2,0,0.8,0,0
TXN-14520,22.45,Purchase,Mobile_App,17,677,3,0,1.6,0,0
TXN-14521,23.18,Cash_Out,Web_Browser,20,347,2,0,10.0,0,0
TXN-14522,26.16,Purchase,ATM,19,161,3,0,23.3,0,0
TXN-14523,18.24,Cash_Out,Web_Browser,9,135,2,0,5.0,0,0
TXN-14524,5.0,Debit,Mobile_App,13,402,6,0,20.5,0,0
TXN-14525,223.98,Transfer,Mobile_App,11,406,4,0,22.3,0,0
TXN-14526,48.58,Debit,POS_Terminal,12,281,2,0,35.8,0,0
TXN-14527,27.46,Purchase,Mobile_App,11,104,4,1,2.4,0,0
TXN-14528,47.3,Cash_Out,ATM,18,778,1,0,2.2,0,0
TXN-14529,76.17,Payment,ATM,12,241,4,0,2.0,0,0
TXN-14530,61.15,Payment,Mobile_App,13,469,4,0,6.7,0,0
TXN-14531,26.18,Payment,ATM,22,73,4,0,636.6,0,0
TXN-14532,147.43,Payment,Mobile_App,5,127,2,2,9.3,0,0
TXN-14533,30.13,Payment,POS_Terminal,13,623,5,0,4.5,0,0
TXN-14534,43.26,Cash_Out,Mobile_App,17,16,3,0,14.6,0,0
TXN-14535,305.98,Cash_Out,Mobile_App,8,216,9,0,6.2,0,1
TXN-14536,428.37,Transfer,Web_Browser,15,198,1,0,6.8,0,0
TXN-14537,8222.5,Cash_Out,POS_Terminal,9,418,4,0,1.7,1,1
TXN-14538,27.97,Payment,Mobile_App,19,100,4,1,13.5,0,0
TXN-14539,35.69,Payment,Web_Browser,11,75,4,0,16.0,1,0
TXN-14540,25.04,Payment,Mobile_App,11,782,5,0,21.3,0,0
TXN-14541,3038.19,Transfer,Mobile_App,14,255,4,0,35.2,1,1
TXN-14542,93.14,Payment,Mobile_App,8,34,6,1,21.8,0,0
TXN-14543,8.33,Payment,Mobile_App,10,65,1,0,4.0,0,0
TXN-14544,4223.53,Transfer,Mobile_App,12,1500,4,1,4.0,0,1
TXN-14545,60.91,Debit,Mobile_App,11,66,2,0,37.0,0,0
TXN-14546,6226.33,Payment,Mobile_App,13,283,3,3,23.4,0,1
TXN-14547,34.88,Cash_Out,Mobile_App,14,164,4,1,22.9,0,0
TXN-14548,13.51,Cash_Out,Mobile_App,14,651,1,0,19.1,0,0
TXN-14549,30.08,Debit,ATM,15,423,2,0,4.7,0,0
TXN-14550,33.63,Purchase,Mobile_App,10,273,1,0,28.2,0,0
TXN-14551,14.43,Payment,ATM,7,4,5,0,2.3,0,0
TXN-14552,23.68,Payment,Web_Browser,17,636,4,0,6.5,0,0
TXN-14553,44.95,Purchase,Web_Browser,18,177,2,0,6.4,0,0
TXN-14554,87.57,Transfer,Web_Browser,9,805,2,0,12.3,1,0
TXN-14555,136.3,Cash_Out,POS_Terminal,12,206,2,0,9.3,0,0
TXN-14556,19.16,Cash_Out,Mobile_App,13,356,2,0,9.2,1,0
TXN-14557,38.47,Cash_Out,Web_Browser,13,22,3,2,12.1,1,1
TXN-14558,42.7,Purchase,Web_Browser,15,411,4,0,8.1,0,0
TXN-14559,4782.61,Purchase,Web_Browser,4,124,1,0,4.3,0,1
TXN-14560,41.81,Debit,POS_Terminal,16,130,3,0,16.4,0,0
TXN-14561,16.93,Payment,Mobile_App,5,38,5,0,23.5,1,0
TXN-14562,87.79,Purchase,Web_Browser,13,48,2,0,9.8,0,0
TXN-14563,39.88,Payment,Web_Browser,18,62,4,1,15.7,0,0
TXN-14564,56.43,Payment,Mobile_App,12,120,2,0,11.5,0,0
TXN-14565,59.11,Purchase,Mobile_App,8,668,2,0,0.9,0,0
TXN-14566,29.77,Payment,Web_Browser,22,138,1,0,8.3,0,0
TXN-14567,117.28,Payment,POS_Terminal,19,387,5,0,0.1,0,0
TXN-14568,34.76,Payment,Mobile_App,17,26,2,0,16.3,1,0
TXN-14569,64.62,Purchase,POS_Terminal,12,269,4,0,10.6,0,0
TXN-14570,60.05,Transfer,Mobile_App,8,198,2,0,2.0,0,0
TXN-14571,70.62,Cash_Out,Mobile_App,20,1145,2,0,11.7,0,0
TXN-14572,160.04,Payment,Mobile_App,13,562,5,0,34.3,0,0
TXN-14573,26.54,Debit,Mobile_App,18,182,4,0,6.2,0,0
TXN-14574,54.02,Debit,Mobile_App,11,448,2,0,60.6,0,0
TXN-14575,52.36,Payment,Mobile_App,11,65,1,0,48.1,0,0
TXN-14576,40.76,Transfer,Web_Browser,22,248,6,0,23.1,0,0
TXN-14577,88.97,Payment,Web_Browser,13,24,6,0,25.2,0,0
TXN-14578,1279.42,Purchase,Mobile_App,7,129,6,0,7.9,0,1
TXN-14579,220.93,Cash_Out,Mobile_App,9,77,1,1,7.7,0,0
TXN-14580,231.57,Purchase,Mobile_App,13,381,6,0,46.3,0,0
TXN-14581,29.01,Payment,Web_Browser,4,203,6,1,6.8,0,0
TXN-14582,49.5,Debit,Mobile_App,12,418,4,0,1.5,0,0
TXN-14583,9.1,Debit,Mobile_App,12,218,7,1,2.5,0,0
TXN-14584,28.39,Cash_Out,ATM,17,28,2,1,18.6,0,0
TXN-14585,550.31,Purchase,POS_Terminal,11,399,2,0,7.2,0,0
TXN-14586,99.51,Transfer,Mobile_App,22,538,5,3,3.3,0,1
TXN-14587,108.21,Payment,Mobile_App,8,702,4,1,25.2,0,0
TXN-14588,2037.66,Cash_Out,Mobile_App,14,255,4,2,1338.2,0,1
TXN-14589,49.3,Debit,POS_Terminal,6,421,4,1,12.6,0,0
TXN-14590,51.43,Cash_Out,Web_Browser,16,419,3,0,2.5,0,0
TXN-14591,13.45,Payment,Mobile_App,23,51,2,2,3.2,0,0
TXN-14592,61.47,Transfer,Web_Browser,18,54,2,0,2.0,0,0
TXN-14593,115.63,Payment,Mobile_App,14,23,6,0,10.8,0,0
TXN-14594,319.23,Transfer,Mobile_App,13,116,5,0,22.4,0,0
TXN-14595,69.38,Cash_Out,Mobile_App,18,193,5,0,19.8,0,0
TXN-14596,47.71,Debit,Mobile_App,20,1500,4,0,4.5,0,0
TXN-14597,47.81,Payment,Mobile_App,22,170,3,0,28.6,0,0
TXN-14598,2663.08,Transfer,Mobile_App,12,389,3,1,1.7,0,1
TXN-14599,117.82,Payment,Mobile_App,23,355,3,0,1.8,0,0
TXN-14600,158.67,Payment,Mobile_App,8,69,3,0,28.4,0,0
TXN-14601,6.53,Debit,POS_Terminal,9,19,4,0,1113.7,0,0
TXN-14602,158.4,Purchase,Mobile_App,6,237,1,0,18.5,0,0
TXN-14603,16.44,Transfer,Mobile_App,10,362,3,0,0.1,0,0
TXN-14604,20.43,Debit,Web_Browser,17,1500,5,0,1.5,0,0
TXN-14605,3739.42,Purchase,POS_Terminal,18,134,1,0,673.1,0,1
TXN-14606,90.13,Debit,POS_Terminal,17,681,1,0,3.0,1,0
TXN-14607,14.67,Payment,Mobile_App,15,145,4,0,0.4,0,0
TXN-14608,30.12,Purchase,Mobile_App,13,351,5,0,764.2,0,1
TXN-14609,72.71,Transfer,Web_Browser,16,274,4,0,6.0,0,0
TXN-14610,88.47,Payment,Web_Browser,12,17,3,0,24.3,0,0
TXN-14611,86.39,Payment,Mobile_App,18,25,4,0,25.6,0,0
TXN-14612,7480.01,Transfer,ATM,16,7,5,0,14.3,0,1
TXN-14613,171.35,Payment,Mobile_App,16,140,2,0,5.2,0,0
TXN-14614,60.79,Payment,ATM,13,411,5,0,9.3,0,0
TXN-14615,5628.23,Payment,POS_Terminal,19,57,2,4,18.2,1,1
TXN-14616,24.69,Debit,Web_Browser,9,280,4,0,746.7,0,0
TXN-14617,30.62,Purchase,ATM,11,103,2,0,6.1,0,0
TXN-14618,13.98,Payment,Web_Browser,17,479,5,0,25.9,1,0
TXN-14619,218.98,Purchase,Mobile_App,13,481,3,0,7.8,0,0
TXN-14620,50.99,Purchase,Mobile_App,19,449,1,0,14.7,0,0
TXN-14621,114.91,Debit,Mobile_App,11,224,4,0,1.5,0,0
TXN-14622,794.01,Payment,Mobile_App,11,101,4,0,22.5,0,0
TXN-14623,505.89,Cash_Out,Web_Browser,19,498,4,0,1.6,0,0
TXN-14624,165.47,Purchase,Mobile_App,12,62,3,0,29.7,0,0
TXN-14625,37.46,Cash_Out,Mobile_App,13,103,6,0,1.7,0,0
TXN-14626,121.63,Payment,Web_Browser,11,61,3,0,33.2,0,0
TXN-14627,54.32,Transfer,POS_Terminal,10,337,3,0,6.8,0,0
TXN-14628,21.33,Cash_Out,Mobile_App,15,348,4,1,14.7,0,0
TXN-14629,21.93,Transfer,Mobile_App,7,318,4,0,28.1,0,0
TXN-14630,128.0,Payment,Mobile_App,19,162,5,0,0.2,0,0
TXN-14631,114.01,Payment,Web_Browser,17,32,7,0,4.6,0,0
TXN-14632,185.0,Debit,Mobile_App,8,727,5,0,35.8,0,0
TXN-14633,43.13,Purchase,Web_Browser,16,213,3,0,7.4,0,0
TXN-14634,35.11,Payment,Mobile_App,14,157,2,0,18.4,0,0
TXN-14635,18.37,Purchase,Mobile_App,8,267,5,3,1163.5,1,0
TXN-14636,10.41,Payment,ATM,10,65,2,0,17.0,0,0
TXN-14637,3870.4,Cash_Out,Mobile_App,12,43,2,4,1.1,0,1
TXN-14638,28.44,Debit,Mobile_App,16,157,3,0,1098.1,0,0
TXN-14639,17.51,Debit,Mobile_App,15,78,5,0,5.9,0,0
TXN-14640,32.68,Purchase,Mobile_App,13,85,6,1,9.4,0,0
TXN-14641,363.59,Payment,Web_Browser,17,670,6,0,2.7,0,0
TXN-14642,2407.85,Purchase,Mobile_App,17,227,4,0,1474.6,1,1
TXN-14643,8.59,Payment,Mobile_App,15,199,4,0,6.2,0,0
TXN-14644,63.56,Debit,Mobile_App,17,351,3,2,7.3,0,0
TXN-14645,103.61,Debit,Web_Browser,11,909,6,0,15.8,0,0
TXN-14646,22.51,Cash_Out,POS_Terminal,19,36,3,0,414.4,0,0
TXN-14647,116.5,Payment,Web_Browser,15,538,7,0,28.7,0,0
TXN-14648,331.88,Purchase,Web_Browser,18,264,5,0,20.2,0,0
TXN-14649,43.25,Payment,Mobile_App,14,48,4,0,12.9,0,0
TXN-14650,114.81,Payment,Mobile_App,9,106,3,1,2.1,0,0
TXN-14651,137.6,Debit,Mobile_App,13,198,5,0,1536.9,1,0
TXN-14652,82.33,Transfer,Mobile_App,11,353,4,0,0.3,0,0
TXN-14653,135.43,Debit,Mobile_App,16,84,4,0,24.5,0,0
TXN-14654,92.98,Transfer,Web_Browser,13,230,1,0,5.4,0,0
TXN-14655,21.18,Payment,Web_Browser,18,347,1,0,1.9,0,0
TXN-14656,5.81,Debit,ATM,16,179,4,0,2.7,0,0
TXN-14657,65.81,Transfer,Mobile_App,16,597,3,0,49.5,0,0
TXN-14658,43.32,Payment,Web_Browser,9,611,3,0,22.3,0,0
TXN-14659,5106.14,Debit,POS_Terminal,22,191,5,3,250.2,0,1
TXN-14660,44.02,Transfer,Web_Browser,18,1083,2,0,49.6,1,0
TXN-14661,47.72,Cash_Out,Mobile_App,17,24,5,0,2.3,0,0
TXN-14662,73.63,Transfer,Mobile_App,11,2,3,1,19.8,0,0
TXN-14663,166.48,Debit,Mobile_App,13,144,2,0,16.0,0,0
TXN-14664,24.35,Debit,Mobile_App,7,276,4,0,25.8,0,0
TXN-14665,6.93,Debit,Web_Browser,13,298,3,0,7.2,0,0
TXN-14666,36.53,Payment,Mobile_App,8,195,2,0,7.7,0,0
TXN-14667,123.23,Debit,Mobile_App,14,41,5,0,14.7,0,0
TXN-14668,208.14,Cash_Out,Web_Browser,15,57,2,0,792.0,0,0
TXN-14669,29.89,Cash_Out,POS_Terminal,11,574,6,0,0.6,1,0
TXN-14670,98.0,Transfer,Mobile_App,13,608,3,0,19.6,0,0
TXN-14671,18.17,Purchase,Web_Browser,19,337,3,0,15.4,0,0
TXN-14672,54.98,Debit,Mobile_App,7,328,4,0,8.3,0,0
TXN-14673,5.0,Payment,Mobile_App,17,274,2,0,5.4,0,0
TXN-14674,6640.08,Transfer,Mobile_App,8,69,3,1,5.8,0,1
TXN-14675,75.18,Purchase,Web_Browser,3,168,3,0,20.3,0,0
TXN-14676,34.5,Payment,ATM,8,358,5,0,19.6,0,0
TXN-14677,13.41,Purchase,Mobile_App,17,232,3,0,25.6,0,0
TXN-14678,59.0,Cash_Out,Web_Browser,12,6,3,0,21.5,0,0
TXN-14679,334.75,Cash_Out,Mobile_App,19,921,3,0,21.3,0,0
TXN-14680,23.79,Payment,Web_Browser,13,559,4,0,4.4,0,0
TXN-14681,26.72,Payment,Mobile_App,2,91,2,0,1.6,0,0
TXN-14682,42.95,Purchase,Mobile_App,16,288,7,1,21.5,0,0
TXN-14683,288.23,Payment,POS_Terminal,7,771,3,0,1.6,0,0
TXN-14684,14.39,Debit,Web_Browser,17,31,3,0,60.4,0,0
TXN-14685,25.3,Transfer,Mobile_App,8,210,2,0,31.2,0,0
TXN-14686,107.29,Payment,Mobile_App,11,183,3,0,11.4,0,0
TXN-14687,2045.67,Payment,Mobile_App,17,159,3,3,6.5,0,1
TXN-14688,23.16,Transfer,Mobile_App,21,542,6,1,11.2,0,0
TXN-14689,322.14,Purchase,POS_Terminal,11,144,4,0,19.9,0,0
TXN-14690,312.89,Transfer,ATM,18,20,1,1,21.2,0,0
TXN-14691,98.52,Transfer,Mobile_App,8,21,2,0,1.1,0,0
TXN-14692,75.82,Payment,Mobile_App,17,14,3,0,24.5,0,0
TXN-14693,30.34,Transfer,POS_Terminal,15,158,4,0,15.4,0,0
TXN-14694,54.84,Transfer,Mobile_App,8,381,3,0,0.6,0,0
TXN-14695,25.46,Purchase,Web_Browser,10,69,2,2,5.6,0,0
TXN-14696,249.11,Transfer,Mobile_App,7,312,2,1,10.7,0,0
TXN-14697,63.23,Transfer,Web_Browser,11,349,5,2,3.1,0,0
TXN-14698,46.75,Payment,Web_Browser,9,89,2,0,2.5,0,0
TXN-14699,57.64,Purchase,POS_Terminal,15,276,3,0,0.2,0,0
TXN-14700,28.92,Payment,POS_Terminal,23,347,7,0,36.4,0,0
TXN-14701,91.25,Payment,Mobile_App,1,189,2,0,0.9,0,0
TXN-14702,43.8,Cash_Out,Web_Browser,13,124,2,0,1354.9,0,0
TXN-14703,999.26,Cash_Out,POS_Terminal,14,290,2,0,3.5,0,1
TXN-14704,35.27,Transfer,Mobile_App,19,1143,2,0,20.3,0,0
TXN-14705,125.88,Transfer,Mobile_App,13,167,5,0,18.4,0,0
TXN-14706,345.73,Debit,Mobile_App,14,150,4,0,24.6,0,0
TXN-14707,5.0,Payment,Mobile_App,13,188,4,0,14.4,0,0
TXN-14708,35.51,Debit,Mobile_App,10,24,4,0,13.4,0,0
TXN-14709,251.89,Cash_Out,Web_Browser,5,242,2,0,7.8,0,1
TXN-14710,5225.43,Transfer,Mobile_App,12,120,2,3,15.2,1,1
TXN-14711,180.27,Transfer,POS_Terminal,5,39,2,0,1.8,0,1
TXN-14712,75.8,Payment,Mobile_App,14,189,4,0,17.3,0,0
TXN-14713,255.07,Debit,Mobile_App,10,2,4,0,1.6,0,0
TXN-14714,40.48,Transfer,Mobile_App,13,155,5,0,29.7,0,0
TXN-14715,71.16,Payment,Mobile_App,7,34,4,0,10.6,0,0
TXN-14716,16.95,Cash_Out,Mobile_App,20,8,2,2,11.3,0,0
TXN-14717,43.46,Purchase,Mobile_App,19,522,4,0,13.2,0,0
TXN-14718,25.1,Transfer,Mobile_App,8,744,4,0,22.4,0,0
TXN-14719,30.41,Purchase,Web_Browser,11,70,3,0,9.8,0,0
TXN-14720,63.34,Payment,POS_Terminal,15,233,5,0,8.4,0,0
TXN-14721,24.95,Payment,Mobile_App,7,98,2,0,5.1,0,0
TXN-14722,5.86,Payment,Web_Browser,11,205,2,0,2.1,0,0
TXN-14723,69.73,Transfer,Web_Browser,9,173,5,0,3.2,0,0
TXN-14724,67.84,Payment,Mobile_App,20,95,3,0,0.0,0,0
TXN-14725,4309.77,Payment,ATM,18,362,5,4,30.5,0,1
TXN-14726,54.25,Purchase,POS_Terminal,14,41,3,0,21.7,1,0
TXN-14727,18.49,Debit,Mobile_App,13,17,4,0,3.7,0,0
TXN-14728,250.94,Debit,Mobile_App,20,438,2,0,0.0,0,0
TXN-14729,38.9,Payment,Mobile_App,20,329,4,0,10.2,0,0
TXN-14730,20.7,Payment,Mobile_App,21,208,1,0,8.0,0,0
TXN-14731,233.79,Payment,Web_Browser,7,190,4,0,22.4,0,0
TXN-14732,299.49,Debit,Mobile_App,8,207,3,0,7.7,0,0
TXN-14733,5.0,Purchase,POS_Terminal,16,173,4,1,29.9,0,0
TXN-14734,6790.48,Transfer,Web_Browser,13,150,1,0,1.5,0,1
TXN-14735,6637.07,Payment,Web_Browser,1,208,5,1,1780.0,0,1
TXN-14736,72.13,Transfer,Web_Browser,5,226,4,2,1973.9,0,1
TXN-14737,105.03,Payment,Mobile_App,19,354,5,0,0.2,0,0
TXN-14738,677.28,Transfer,Mobile_App,19,373,3,0,7.4,0,0
TXN-14739,18.25,Cash_Out,Web_Browser,11,143,3,1,281.8,0,1
TXN-14740,63.89,Debit,Mobile_App,19,161,2,0,11.4,1,0
TXN-14741,12.49,Payment,Mobile_App,14,141,5,0,4.9,0,0
TXN-14742,68.5,Payment,POS_Terminal,17,231,4,0,1436.2,0,0
TXN-14743,286.5,Purchase,Web_Browser,12,182,3,0,41.5,0,0
TXN-14744,5.0,Payment,Mobile_App,7,662,5,0,28.4,0,0
TXN-14745,12.98,Payment,Web_Browser,12,358,2,0,7.6,0,1
TXN-14746,119.5,Payment,POS_Terminal,12,687,4,0,69.0,1,1
TXN-14747,122.6,Payment,Mobile_App,14,371,3,1,19.9,0,0
TXN-14748,23.83,Transfer,Mobile_App,7,1063,3,0,6.6,0,0
TXN-14749,123.59,Debit,ATM,23,303,3,0,1015.2,0,0
TXN-14750,201.26,Payment,Mobile_App,9,994,4,0,16.5,1,0
TXN-14751,2255.16,Transfer,Mobile_App,8,52,5,0,19.6,0,1
TXN-14752,235.2,Cash_Out,Mobile_App,13,17,3,0,2.0,0,0
TXN-14753,75.49,Transfer,POS_Terminal,13,260,2,0,12.0,0,0
TXN-14754,42.01,Purchase,Mobile_App,12,1232,6,1,65.2,0,0
TXN-14755,72.59,Purchase,Mobile_App,17,163,2,0,5.9,0,0
TXN-14756,126.9,Payment,Mobile_App,13,72,5,0,5.4,0,0
TXN-14757,10.89,Debit,ATM,15,222,2,0,35.0,0,0
TXN-14758,71.53,Transfer,Mobile_App,16,314,3,1,1.9,0,0
TXN-14759,48.0,Purchase,Web_Browser,2,114,5,0,40.7,0,0
TXN-14760,32.11,Transfer,ATM,14,377,8,2,22.7,0,0
TXN-14761,17.55,Purchase,Mobile_App,19,1109,2,0,7.4,0,1
TXN-14762,8.32,Debit,ATM,1,682,2,0,1.3,0,0
TXN-14763,32.56,Payment,ATM,12,104,2,1,0.3,1,0
TXN-14764,5767.21,Transfer,POS_Terminal,20,119,5,0,7.1,0,1
TXN-14765,140.06,Purchase,Mobile_App,11,140,4,0,18.3,0,0
TXN-14766,168.95,Purchase,Web_Browser,12,151,1,0,10.0,0,0
TXN-14767,23.26,Payment,POS_Terminal,22,32,4,1,20.1,0,0
TXN-14768,23.05,Debit,ATM,8,431,3,0,16.7,0,0
TXN-14769,31.12,Payment,Mobile_App,5,137,3,0,12.8,0,0
TXN-14770,167.19,Payment,POS_Terminal,18,636,3,1,51.4,0,0
TXN-14771,27.9,Transfer,Mobile_App,19,785,4,0,19.6,0,0
TXN-14772,388.97,Payment,Mobile_App,13,8,4,0,36.9,0,0
TXN-14773,61.91,Debit,Mobile_App,13,1340,3,0,4.2,0,0
TXN-14774,85.0,Payment,POS_Terminal,18,372,2,0,18.8,1,0
TXN-14775,34.11,Debit,Mobile_App,16,221,5,1,13.7,0,0
TXN-14776,275.69,Payment,Web_Browser,10,149,4,0,38.7,0,0
TXN-14777,84.31,Payment,ATM,1,220,2,0,10.7,0,0
TXN-14778,2665.28,Payment,Mobile_App,13,118,2,0,4.9,0,1
TXN-14779,14.61,Payment,Web_Browser,18,293,2,0,7.3,0,0
TXN-14780,108.53,Payment,Mobile_App,19,30,4,0,3.7,0,0
TXN-14781,28.78,Payment,Mobile_App,21,292,2,0,3.7,0,0
TXN-14782,45.71,Cash_Out,Web_Browser,19,97,2,0,9.5,0,0
TXN-14783,21.4,Payment,ATM,14,6,5,0,33.5,0,0
TXN-14784,21.71,Transfer,Web_Browser,12,242,5,0,3.2,0,0
TXN-14785,29.65,Transfer,POS_Terminal,17,260,3,0,5.1,0,0
TXN-14786,51.17,Purchase,Mobile_App,16,167,3,0,28.8,0,0
TXN-14787,16.65,Purchase,Mobile_App,13,23,1,0,6.2,0,0
TXN-14788,42.41,Transfer,Web_Browser,6,672,6,0,49.2,0,0
TXN-14789,26.58,Payment,Mobile_App,20,284,4,0,4.7,0,0
TXN-14790,48.36,Payment,Mobile_App,12,37,1,0,8.8,0,0
TXN-14791,136.55,Purchase,Web_Browser,11,215,6,0,1.5,0,0
TXN-14792,67.33,Payment,Mobile_App,15,207,3,0,72.8,0,0
TXN-14793,29.71,Payment,Mobile_App,15,19,5,0,33.1,0,0
TXN-14794,52.04,Payment,Web_Browser,9,281,4,0,25.5,0,0
TXN-14795,99.2,Payment,Web_Browser,18,496,2,0,2.6,0,0
TXN-14796,110.06,Payment,ATM,10,415,3,0,1798.3,0,0
TXN-14797,67.2,Debit,Web_Browser,8,69,3,0,39.7,0,0
TXN-14798,329.49,Payment,Mobile_App,12,595,3,0,8.6,0,1
TXN-14799,22.57,Cash_Out,ATM,16,126,2,0,17.2,0,1
TXN-14800,92.49,Payment,POS_Terminal,21,879,2,0,73.3,0,0
TXN-14801,51.03,Payment,Mobile_App,17,23,4,0,7.9,0,0
TXN-14802,151.26,Purchase,Mobile_App,20,200,6,0,1.8,0,0
TXN-14803,55.15,Payment,Web_Browser,7,273,2,0,30.3,0,0
TXN-14804,438.65,Debit,Web_Browser,6,86,3,0,9.7,0,0
TXN-14805,59.68,Transfer,POS_Terminal,14,443,2,0,65.1,0,0
TXN-14806,113.64,Payment,Web_Browser,10,296,4,3,12.0,0,0
TXN-14807,44.71,Purchase,Web_Browser,18,6,2,0,0.4,0,0
TXN-14808,76.92,Payment,ATM,15,282,4,0,10.2,0,0
TXN-14809,29.62,Purchase,Web_Browser,21,203,2,0,19.0,0,0
TXN-14810,83.87,Payment,Mobile_App,9,66,1,0,0.4,0,0
TXN-14811,7.67,Purchase,POS_Terminal,13,1500,2,0,8.0,0,0
TXN-14812,31.88,Payment,Mobile_App,13,683,3,0,2.5,0,0
TXN-14813,27.37,Transfer,POS_Terminal,9,104,2,0,15.5,0,0
TXN-14814,366.47,Debit,ATM,14,234,5,0,47.3,0,0
TXN-14815,26.42,Purchase,Web_Browser,12,115,4,0,14.7,0,0
TXN-14816,33.65,Purchase,Web_Browser,12,449,3,0,17.8,0,0
TXN-14817,25.49,Debit,Mobile_App,11,800,2,0,7.6,0,0
TXN-14818,82.36,Purchase,Mobile_App,1,134,4,0,12.4,1,0
TXN-14819,39.17,Payment,Mobile_App,13,492,3,0,11.8,0,0
TXN-14820,34.63,Payment,Web_Browser,11,207,4,0,21.4,0,0
TXN-14821,463.4,Payment,POS_Terminal,0,152,6,0,29.2,0,0
TXN-14822,63.63,Transfer,Web_Browser,10,837,5,0,16.3,0,0
TXN-14823,107.56,Transfer,Mobile_App,10,215,2,0,58.5,0,0
TXN-14824,82.02,Transfer,Mobile_App,12,190,3,0,26.4,0,0
TXN-14825,23.58,Payment,POS_Terminal,7,335,6,0,2.0,0,0
TXN-14826,30.62,Cash_Out,Mobile_App,13,91,3,0,852.7,0,0
TXN-14827,17.8,Payment,Web_Browser,16,118,3,0,35.0,0,0
TXN-14828,15.98,Payment,POS_Terminal,15,807,2,0,43.2,0,0
TXN-14829,56.51,Transfer,Web_Browser,17,341,2,0,7.2,0,0
TXN-14830,60.38,Debit,Mobile_App,12,526,2,0,19.4,0,0
TXN-14831,48.03,Debit,POS_Terminal,13,95,3,0,7.9,0,0
TXN-14832,79.52,Cash_Out,Mobile_App,18,236,5,0,2.0,0,0
TXN-14833,46.22,Payment,ATM,12,1067,1,1,32.4,0,0
TXN-14834,188.51,Transfer,Mobile_App,16,116,2,0,40.3,0,0
TXN-14835,33.11,Payment,Mobile_App,12,53,4,0,10.5,0,0
TXN-14836,145.52,Transfer,POS_Terminal,12,215,3,0,0.3,0,0
TXN-14837,116.21,Transfer,Mobile_App,17,148,6,1,25.4,0,0
TXN-14838,5.0,Payment,Web_Browser,8,53,2,1,9.7,0,0
TXN-14839,12.07,Payment,POS_Terminal,11,659,2,1,1.2,0,0
TXN-14840,9.73,Purchase,POS_Terminal,9,1405,6,0,3.1,0,0
TXN-14841,73.86,Purchase,ATM,11,253,6,0,2.5,0,0
TXN-14842,18.41,Transfer,Mobile_App,9,448,3,0,17.4,0,0
TXN-14843,7526.76,Payment,Web_Browser,14,588,5,0,1910.6,0,1
TXN-14844,18.28,Payment,Mobile_App,17,363,3,1,2.0,0,0
TXN-14845,65.15,Transfer,Mobile_App,17,14,2,0,37.5,0,0
TXN-14846,19.81,Purchase,POS_Terminal,11,52,5,0,47.0,0,0
TXN-14847,96.72,Payment,Mobile_App,22,23,5,0,2.2,0,0
TXN-14848,39.68,Debit,Web_Browser,14,3,1,0,3.9,0,0
TXN-14849,34.76,Payment,Web_Browser,12,110,6,0,13.5,0,0
TXN-14850,27.45,Purchase,Web_Browser,18,150,4,0,2.4,0,0
TXN-14851,18.03,Transfer,ATM,16,83,3,0,2.6,0,0
TXN-14852,78.33,Debit,Mobile_App,17,21,2,0,6.2,0,0
TXN-14853,27.65,Payment,Web_Browser,8,227,3,0,44.7,0,0
TXN-14854,598.31,Cash_Out,POS_Terminal,13,96,6,1,49.2,0,0
TXN-14855,267.91,Payment,Mobile_App,18,477,2,0,27.7,0,0
TXN-14856,41.76,Payment,Mobile_App,13,3,3,0,17.8,0,0
TXN-14857,36.16,Purchase,Web_Browser,16,555,4,0,19.1,0,0
TXN-14858,44.94,Purchase,Mobile_App,14,929,7,0,9.5,0,0
TXN-14859,244.67,Purchase,Mobile_App,18,378,4,1,11.3,0,0
TXN-14860,447.49,Cash_Out,POS_Terminal,10,397,4,1,15.1,1,0
TXN-14861,7.64,Debit,Web_Browser,14,814,5,0,19.7,0,0
TXN-14862,207.87,Payment,ATM,7,71,3,0,1.5,0,0
TXN-14863,40.89,Payment,POS_Terminal,16,1500,4,0,3.8,0,1
TXN-14864,23.98,Payment,Web_Browser,16,446,4,0,49.4,0,0
TXN-14865,167.07,Cash_Out,Mobile_App,4,390,2,1,6.1,0,0
TXN-14866,59.24,Transfer,Mobile_App,15,135,2,0,4.7,0,0
TXN-14867,214.45,Payment,Mobile_App,12,237,3,0,8.2,0,0
TXN-14868,141.44,Cash_Out,ATM,7,319,5,0,5.2,0,0
TXN-14869,76.1,Debit,Mobile_App,12,291,4,0,1.4,0,0
TXN-14870,276.63,Transfer,Mobile_App,8,367,3,0,3.5,0,0
TXN-14871,46.9,Payment,Web_Browser,12,26,3,1,15.3,0,0
TXN-14872,18.23,Payment,Mobile_App,11,132,7,0,3.8,0,0
TXN-14873,371.64,Payment,Mobile_App,16,171,4,2,15.6,0,0
TXN-14874,43.08,Payment,Web_Browser,17,91,3,0,1.6,0,0
TXN-14875,64.94,Cash_Out,Mobile_App,14,57,2,0,0.6,0,0
TXN-14876,31.11,Cash_Out,Mobile_App,2,45,7,0,1585.1,0,1
TXN-14877,60.38,Cash_Out,Mobile_App,20,137,7,0,21.4,0,0
TXN-14878,75.17,Transfer,Web_Browser,16,205,2,0,2016.2,0,0
TXN-14879,17.96,Debit,Web_Browser,3,20,3,0,0.5,0,0
TXN-14880,18.35,Payment,Mobile_App,18,879,9,0,4.1,0,0
TXN-14881,22.58,Transfer,Web_Browser,9,435,7,0,25.1,0,0
TXN-14882,48.07,Debit,Mobile_App,14,394,2,0,2.3,0,0
TXN-14883,84.2,Payment,ATM,12,57,2,0,25.1,0,0
TXN-14884,199.57,Payment,Mobile_App,12,278,5,0,13.2,0,0
TXN-14885,632.81,Purchase,Web_Browser,19,227,3,0,20.2,0,1
TXN-14886,65.33,Payment,POS_Terminal,12,1214,3,0,15.5,0,0
TXN-14887,34.77,Cash_Out,POS_Terminal,6,414,5,0,8.1,0,0
TXN-14888,5.05,Payment,Mobile_App,20,258,1,1,5.2,0,0
TXN-14889,7441.58,Cash_Out,Mobile_App,20,571,1,1,16.8,0,1
TXN-14890,46.05,Payment,Web_Browser,16,51,2,0,24.7,0,0
TXN-14891,2962.3,Payment,Mobile_App,13,5,4,1,0.7,0,1
TXN-14892,28.3,Cash_Out,POS_Terminal,6,352,6,0,7.2,0,0
TXN-14893,29.2,Payment,Web_Browser,17,32,1,0,6.5,0,0
TXN-14894,75.84,Transfer,Web_Browser,6,37,3,0,12.3,0,0
TXN-14895,103.77,Payment,Mobile_App,6,410,1,0,1.8,0,0
TXN-14896,53.18,Payment,Web_Browser,13,95,4,0,40.6,0,0
TXN-14897,119.94,Payment,Web_Browser,8,298,2,0,11.9,0,0
TXN-14898,197.73,Payment,POS_Terminal,0,749,3,0,38.6,0,0
TXN-14899,49.75,Purchase,Mobile_App,12,115,3,0,25.5,0,0
TXN-14900,185.52,Payment,Mobile_App,7,74,2,0,3.2,0,0
TXN-14901,21.07,Transfer,Mobile_App,8,34,6,0,2.1,1,0
TXN-14902,72.95,Payment,Mobile_App,6,42,7,0,29.6,0,0
TXN-14903,37.23,Payment,Web_Browser,9,20,2,0,11.5,0,0
TXN-14904,3233.12,Purchase,ATM,16,28,6,4,0.3,0,1
TXN-14905,6.32,Payment,Mobile_App,17,170,6,0,40.8,0,0
TXN-14906,177.12,Purchase,POS_Terminal,12,117,5,0,9.6,0,0
TXN-14907,52.03,Payment,Mobile_App,13,368,6,0,5.4,0,0
TXN-14908,84.28,Debit,Mobile_App,3,613,2,1,10.9,0,0
TXN-14909,24.87,Transfer,Mobile_App,6,461,3,0,26.0,1,0
TXN-14910,289.86,Purchase,Mobile_App,10,227,2,0,1.8,0,0
TXN-14911,77.06,Cash_Out,ATM,14,33,5,1,6.7,0,0
TXN-14912,37.35,Transfer,Mobile_App,16,372,3,0,5.8,0,0
TXN-14913,6.71,Payment,Web_Browser,14,136,5,0,27.5,0,0
TXN-14914,38.56,Payment,Mobile_App,12,27,3,0,22.6,0,0
TXN-14915,5.37,Purchase,ATM,7,555,3,0,7.7,0,0
TXN-14916,62.03,Payment,Mobile_App,17,124,2,0,16.4,0,0
TXN-14917,1387.21,Transfer,Mobile_App,11,74,3,1,7.5,1,1
TXN-14918,110.92,Debit,Mobile_App,16,616,2,0,12.7,0,0
TXN-14919,23.15,Payment,Mobile_App,13,698,2,0,71.0,0,0
TXN-14920,28.99,Purchase,Mobile_App,16,125,3,0,11.5,0,0
TXN-14921,49.75,Debit,POS_Terminal,19,132,4,0,67.1,0,0
TXN-14922,31.58,Cash_Out,Web_Browser,20,260,2,0,20.6,0,0
TXN-14923,10.38,Purchase,Web_Browser,13,397,5,0,2464.1,0,0
TXN-14924,29.36,Payment,Web_Browser,13,20,3,0,23.8,0,0
TXN-14925,81.4,Payment,Mobile_App,10,270,5,0,2.6,1,0
TXN-14926,34.48,Transfer,Mobile_App,20,917,3,3,11.4,0,1
TXN-14927,43.16,Payment,ATM,12,92,2,1,14.2,0,0
TXN-14928,32.45,Debit,POS_Terminal,7,719,3,0,2289.7,0,0
TXN-14929,567.78,Purchase,POS_Terminal,12,900,4,0,3.5,0,0
TXN-14930,61.9,Transfer,POS_Terminal,7,95,6,0,31.3,0,1
TXN-14931,68.29,Payment,Mobile_App,13,421,4,0,40.9,0,0
TXN-14932,30.83,Purchase,Mobile_App,14,82,5,0,1.4,0,0
TXN-14933,87.63,Transfer,Mobile_App,11,402,4,0,32.5,0,0
TXN-14934,60.22,Transfer,Mobile_App,6,479,7,0,4.5,0,0
TXN-14935,9.57,Transfer,Mobile_App,20,86,4,0,1.3,0,0
TXN-14936,243.8,Purchase,Mobile_App,17,378,4,0,47.8,0,0
TXN-14937,48.92,Cash_Out,Web_Browser,18,502,4,0,7.5,0,0
TXN-14938,93.32,Debit,POS_Terminal,11,134,3,0,14.6,0,0
TXN-14939,28.94,Debit,Web_Browser,17,56,3,0,12.1,0,0
TXN-14940,85.37,Payment,ATM,13,29,4,1,3.6,0,0
TXN-14941,106.3,Transfer,Mobile_App,9,257,3,0,16.6,0,0
TXN-14942,12.62,Debit,Mobile_App,7,1147,6,1,0.7,0,0
TXN-14943,91.97,Transfer,Web_Browser,11,520,6,0,3.4,1,0
TXN-14944,49.05,Debit,Mobile_App,7,172,2,0,43.4,1,0
TXN-14945,19.53,Purchase,Mobile_App,23,231,4,0,46.0,0,0
TXN-14946,290.85,Cash_Out,Mobile_App,5,99,2,1,9.9,0,0
TXN-14947,21.47,Debit,Mobile_App,12,54,4,0,2.8,0,0
TXN-14948,68.97,Debit,Web_Browser,12,198,4,2,8.2,0,0
TXN-14949,15.79,Debit,Mobile_App,10,187,4,0,31.4,0,0
TXN-14950,18.15,Transfer,Web_Browser,14,222,5,0,1.1,0,1
TXN-14951,157.46,Payment,Web_Browser,8,917,3,0,2.1,0,0
TXN-14952,1402.48,Transfer,Mobile_App,17,278,5,0,33.9,0,1
TXN-14953,231.01,Cash_Out,Mobile_App,11,280,6,2,8.1,0,1
TXN-14954,36.15,Transfer,Mobile_App,14,42,5,0,1.3,0,0
TXN-14955,34.62,Debit,Mobile_App,16,1500,3,0,2.2,0,0
TXN-14956,25.5,Transfer,Web_Browser,19,445,3,0,1564.6,0,0
TXN-14957,33.37,Cash_Out,POS_Terminal,18,630,1,0,10.1,0,0
TXN-14958,101.36,Payment,Web_Browser,14,161,5,0,2.7,0,0
TXN-14959,59.54,Debit,Mobile_App,11,210,6,0,33.7,0,0
TXN-14960,40.16,Transfer,Web_Browser,13,222,6,0,2255.7,0,0
TXN-14961,6614.37,Payment,Web_Browser,17,65,1,0,0.3,0,1
TXN-14962,94.67,Payment,Mobile_App,19,351,3,0,13.0,0,0
TXN-14963,41.28,Debit,Web_Browser,7,700,2,1,4.2,0,0
TXN-14964,250.74,Transfer,Mobile_App,11,54,2,1,11.4,0,0
TXN-14965,11.68,Payment,Web_Browser,17,28,3,1,4.9,0,0
TXN-14966,81.93,Purchase,Web_Browser,12,403,6,0,5.7,0,0
TXN-14967,48.29,Debit,Mobile_App,11,96,4,0,552.1,0,0
TXN-14968,90.27,Purchase,Web_Browser,12,294,2,0,11.6,0,1
TXN-14969,60.6,Transfer,Mobile_App,14,357,4,3,7.5,0,0
TXN-14970,71.01,Transfer,Mobile_App,23,117,4,0,1.7,0,0
TXN-14971,9.13,Purchase,ATM,13,507,4,0,299.0,0,0
TXN-14972,68.45,Transfer,ATM,9,240,4,0,2.9,0,0
TXN-14973,154.85,Debit,Mobile_App,8,610,3,0,15.0,0,0
TXN-14974,29.85,Payment,Mobile_App,4,433,2,0,1.3,0,0
TXN-14975,147.84,Transfer,Mobile_App,14,609,3,0,17.5,0,0
TXN-14976,38.35,Payment,Mobile_App,14,7,5,0,1426.2,0,0
TXN-14977,30.18,Payment,POS_Terminal,9,84,5,2,3.9,0,0
TXN-14978,30.89,Payment,ATM,16,29,4,0,15.6,0,0
TXN-14979,19.67,Payment,Web_Browser,16,176,4,0,5.0,0,0
TXN-14980,58.66,Purchase,Mobile_App,10,663,2,0,11.4,0,0
TXN-14981,29.25,Payment,Web_Browser,11,190,4,0,2441.1,0,1
TXN-14982,31.58,Cash_Out,Mobile_App,22,569,4,1,3.4,0,0
TXN-14983,27.54,Debit,ATM,11,119,2,2,19.9,0,0
TXN-14984,75.73,Cash_Out,POS_Terminal,17,125,4,0,0.5,1,1
TXN-14985,15.4,Payment,Web_Browser,12,678,2,1,1.8,0,0
TXN-14986,98.71,Debit,Mobile_App,17,167,2,0,3.6,0,0
TXN-14987,2333.88,Cash_Out,Mobile_App,17,468,5,0,0.3,1,1
TXN-14988,90.78,Debit,Mobile_App,15,82,2,0,1.5,0,0
TXN-14989,20.48,Debit,POS_Terminal,18,892,7,0,5.0,0,0
TXN-14990,69.31,Purchase,Mobile_App,20,257,5,0,1.5,0,0
TXN-14991,201.04,Cash_Out,Mobile_App,14,428,3,0,30.2,0,0
TXN-14992,16.32,Payment,Mobile_App,9,29,2,0,1.0,0,0
TXN-14993,65.44,Cash_Out,POS_Terminal,12,204,5,0,29.6,0,0
TXN-14994,17.92,Payment,Mobile_App,17,694,7,0,26.0,0,0
TXN-14995,41.54,Purchase,POS_Terminal,15,629,7,0,1.6,0,0
TXN-14996,52.85,Payment,POS_Terminal,8,15,3,0,0.4,0,0
TXN-14997,28.98,Payment,ATM,5,109,6,0,0.8,0,0
TXN-14998,25.78,Debit,Mobile_App,16,176,3,0,13.4,0,0
TXN-14999,70.53,Cash_Out,Mobile_App,9,57,5,3,16.6,0,0
